780003	780089	1.000000
780089	780103	2.000000
780103	780177	1.000000
780177	780189	2.000000
780189	780238	1.000000
780238	780277	2.000000
780277	780338	1.000000
780489	780555	1.000000
780555	780589	2.000000
780589	780593	1.000000
780593	780655	2.000000
780655	780693	1.000000
780768	780868	1.000000
780987	781087	1.000000
781239	781339	1.000000
781539	781629	1.000000
781629	781639	2.000000
781639	781729	1.000000
782368	782468	1.000000
782822	782922	1.000000
783200	783300	1.000000
783344	783444	1.000000
783836	783936	1.000000
783976	784076	1.000000
784187	784287	1.000000
784368	784468	1.000000
784494	784556	1.000000
784556	784592	2.000000
784592	784594	3.000000
784594	784631	2.000000
784631	784656	3.000000
784656	784692	2.000000
784692	784731	1.000000
784841	784941	1.000000
784942	785042	1.000000
785093	785193	1.000000
785379	785383	1.000000
785383	785479	2.000000
785479	785483	1.000000
785533	785555	1.000000
785555	785633	2.000000
785633	785655	1.000000
785743	785833	1.000000
785833	785842	2.000000
785842	785843	3.000000
785843	785933	2.000000
785933	785938	1.000000
785938	785942	2.000000
785942	786026	1.000000
786026	786038	2.000000
786038	786126	1.000000
786182	786196	1.000000
786196	786207	2.000000
786207	786232	3.000000
786232	786238	4.000000
786238	786282	5.000000
786282	786296	4.000000
786296	786307	3.000000
786307	786332	2.000000
786332	786338	1.000000
786617	786623	1.000000
786623	786649	2.000000
786649	786654	3.000000
786654	786713	4.000000
786713	786717	5.000000
786717	786723	4.000000
786723	786749	3.000000
786749	786754	2.000000
786754	786813	1.000000
786983	787064	1.000000
787064	787083	2.000000
787083	787164	1.000000
787474	787537	1.000000
787537	787574	2.000000
787574	787637	1.000000
787770	787822	1.000000
787822	787870	2.000000
787870	787922	1.000000
787949	788037	1.000000
788037	788049	2.000000
788049	788137	1.000000
788145	788231	1.000000
788231	788245	2.000000
788245	788275	1.000000
788275	788331	2.000000
788331	788375	1.000000
788711	788811	1.000000
788832	788871	1.000000
788871	788932	2.000000
788932	788971	1.000000
789416	789514	1.000000
789514	789516	2.000000
789516	789590	1.000000
789590	789614	2.000000
789614	789684	1.000000
789684	789690	2.000000
789690	789706	1.000000
789706	789751	2.000000
789751	789784	3.000000
789784	789806	2.000000
789806	789851	1.000000
790148	790248	1.000000
790275	790375	1.000000
790430	790530	1.000000
790574	790674	1.000000
790703	790803	1.000000
790810	790817	1.000000
790817	790849	2.000000
790849	790856	3.000000
790856	790910	4.000000
790910	790917	3.000000
790917	790926	2.000000
790926	790949	3.000000
790949	790956	2.000000
790956	791026	1.000000
791049	791053	1.000000
791053	791149	2.000000
791149	791153	1.000000
791221	791260	1.000000
791260	791321	2.000000
791321	791360	1.000000
791703	791736	1.000000
791736	791739	2.000000
791739	791803	3.000000
791803	791836	2.000000
791836	791839	1.000000
792127	792131	1.000000
792131	792227	2.000000
792227	792231	1.000000
792306	792406	1.000000
792409	792463	1.000000
792463	792480	2.000000
792480	792484	3.000000
792484	792509	4.000000
792509	792563	3.000000
792563	792580	2.000000
792580	792584	1.000000
792612	792693	1.000000
792693	792712	2.000000
792712	792775	1.000000
792775	792793	2.000000
792793	792835	1.000000
792835	792859	2.000000
792859	792875	3.000000
792875	792879	2.000000
792879	792935	3.000000
792935	792959	2.000000
792959	792979	1.000000
793068	793151	1.000000
793151	793162	2.000000
793162	793168	3.000000
793168	793174	2.000000
793174	793197	3.000000
793197	793251	4.000000
793251	793262	3.000000
793262	793264	2.000000
793264	793268	3.000000
793268	793274	4.000000
793274	793285	3.000000
793285	793292	4.000000
793292	793297	5.000000
793297	793329	4.000000
793329	793335	5.000000
793335	793364	6.000000
793364	793368	5.000000
793368	793385	4.000000
793385	793392	3.000000
793392	793393	2.000000
793393	793426	3.000000
793426	793429	4.000000
793429	793432	3.000000
793432	793435	4.000000
793435	793469	3.000000
793469	793491	4.000000
793491	793493	5.000000
793493	793502	4.000000
793502	793506	5.000000
793506	793526	6.000000
793526	793532	5.000000
793532	793549	4.000000
793549	793567	5.000000
793567	793569	6.000000
793569	793591	5.000000
793591	793606	4.000000
793606	793609	3.000000
793609	793649	4.000000
793649	793657	3.000000
793657	793667	4.000000
793667	793702	3.000000
793702	793709	2.000000
793709	793753	1.000000
793753	793757	2.000000
793757	793777	1.000000
793777	793784	2.000000
793784	793806	3.000000
793806	793816	4.000000
793816	793829	5.000000
793829	793838	6.000000
793838	793853	7.000000
793853	793870	6.000000
793870	793877	7.000000
793877	793884	6.000000
793884	793906	5.000000
793906	793916	4.000000
793916	793925	3.000000
793925	793929	4.000000
793929	793938	3.000000
793938	793951	2.000000
793951	794012	3.000000
794012	794013	4.000000
794013	794021	5.000000
794021	794025	6.000000
794025	794043	5.000000
794043	794051	6.000000
794051	794070	5.000000
794070	794093	4.000000
794093	794108	5.000000
794108	794112	6.000000
794112	794113	5.000000
794113	794121	4.000000
794121	794122	3.000000
794122	794134	4.000000
794134	794143	6.000000
794143	794193	5.000000
794193	794200	4.000000
794200	794208	5.000000
794208	794222	4.000000
794222	794223	3.000000
794223	794234	4.000000
794234	794245	2.000000
794245	794256	3.000000
794256	794266	4.000000
794266	794293	5.000000
794293	794300	6.000000
794300	794303	5.000000
794303	794323	6.000000
794323	794345	5.000000
794345	794356	4.000000
794356	794359	3.000000
794359	794366	4.000000
794366	794393	3.000000
794393	794403	2.000000
794403	794405	1.000000
794405	794406	2.000000
794406	794420	3.000000
794420	794422	4.000000
794422	794428	5.000000
794428	794444	6.000000
794444	794459	7.000000
794459	794467	6.000000
794467	794487	7.000000
794487	794496	8.000000
794496	794505	9.000000
794505	794506	8.000000
794506	794516	7.000000
794516	794520	8.000000
794520	794522	7.000000
794522	794523	6.000000
794523	794528	7.000000
794528	794544	6.000000
794544	794551	5.000000
794551	794572	6.000000
794572	794587	7.000000
794587	794596	6.000000
794596	794602	5.000000
794602	794617	6.000000
794617	794623	7.000000
794623	794642	6.000000
794642	794651	7.000000
794651	794667	6.000000
794667	794672	5.000000
794672	794702	4.000000
794702	794712	3.000000
794712	794713	4.000000
794713	794716	5.000000
794716	794717	4.000000
794717	794724	3.000000
794724	794726	4.000000
794726	794742	5.000000
794742	794753	4.000000
794753	794774	6.000000
794774	794777	7.000000
794777	794778	8.000000
794778	794812	9.000000
794812	794813	8.000000
794813	794824	7.000000
794824	794826	6.000000
794826	794832	5.000000
794832	794838	6.000000
794838	794853	7.000000
794853	794874	5.000000
794874	794877	4.000000
794877	794878	3.000000
794878	794884	2.000000
794884	794895	3.000000
794895	794901	4.000000
794901	794928	5.000000
794928	794932	6.000000
794932	794933	5.000000
794933	794938	6.000000
794938	794950	5.000000
794950	794956	6.000000
794956	794976	7.000000
794976	794982	8.000000
794982	794983	9.000000
794983	794984	10.000000
794984	794995	9.000000
794995	795001	8.000000
795001	795008	7.000000
795008	795012	8.000000
795012	795028	9.000000
795028	795029	8.000000
795029	795033	9.000000
795033	795044	8.000000
795044	795046	9.000000
795046	795050	10.000000
795050	795056	9.000000
795056	795071	8.000000
795071	795076	9.000000
795076	795082	8.000000
795082	795083	7.000000
795083	795087	6.000000
795087	795093	7.000000
795093	795108	8.000000
795108	795112	7.000000
795112	795113	6.000000
795113	795115	7.000000
795115	795127	8.000000
795127	795128	9.000000
795128	795129	10.000000
795129	795140	9.000000
795140	795144	10.000000
795144	795146	9.000000
795146	795149	8.000000
795149	795159	9.000000
795159	795171	10.000000
795171	795179	9.000000
795179	795187	10.000000
795187	795188	9.000000
795188	795190	10.000000
795190	795193	11.000000
795193	795201	10.000000
795201	795209	11.000000
795209	795211	12.000000
795211	795213	13.000000
795213	795227	12.000000
795227	795228	11.000000
795228	795234	10.000000
795234	795249	11.000000
795249	795252	10.000000
795252	795259	11.000000
795259	795262	10.000000
795262	795266	11.000000
795266	795267	13.000000
795267	795272	14.000000
795272	795279	15.000000
795279	795283	14.000000
795283	795288	15.000000
795288	795290	14.000000
795290	795301	13.000000
795301	795303	12.000000
795303	795306	13.000000
795306	795309	14.000000
795309	795311	13.000000
795311	795313	12.000000
795313	795315	13.000000
795315	795319	12.000000
795319	795323	13.000000
795323	795330	14.000000
795330	795340	15.000000
795340	795347	14.000000
795347	795352	16.000000
795352	795361	15.000000
795361	795366	16.000000
795366	795367	14.000000
795367	795371	13.000000
795371	795372	14.000000
795372	795383	13.000000
795383	795393	12.000000
795393	795396	13.000000
795396	795403	14.000000
795403	795406	13.000000
795406	795410	12.000000
795410	795411	13.000000
795411	795413	14.000000
795413	795419	13.000000
795419	795421	12.000000
795421	795423	13.000000
795423	795425	12.000000
795425	795430	13.000000
795430	795434	12.000000
795434	795447	11.000000
795447	795462	9.000000
795462	795471	8.000000
795471	795483	7.000000
795483	795493	8.000000
795493	795496	7.000000
795496	795498	6.000000
795498	795501	7.000000
795501	795508	8.000000
795508	795510	9.000000
795510	795511	8.000000
795511	795521	7.000000
795521	795525	6.000000
795525	795529	5.000000
795529	795540	6.000000
795540	795543	7.000000
795543	795544	8.000000
795544	795553	9.000000
795553	795561	10.000000
795561	795563	9.000000
795563	795565	11.000000
795565	795568	12.000000
795568	795569	13.000000
795569	795573	14.000000
795573	795577	15.000000
795577	795583	16.000000
795583	795596	15.000000
795596	795598	16.000000
795598	795601	15.000000
795601	795608	14.000000
795608	795609	13.000000
795609	795611	14.000000
795611	795629	15.000000
795629	795630	14.000000
795630	795634	15.000000
795634	795638	16.000000
795638	795644	17.000000
795644	795653	16.000000
795653	795659	15.000000
795659	795663	16.000000
795663	795664	14.000000
795664	795667	15.000000
795667	795668	16.000000
795668	795669	15.000000
795669	795672	14.000000
795672	795673	15.000000
795673	795677	16.000000
795677	795691	15.000000
795691	795696	16.000000
795696	795702	15.000000
795702	795709	16.000000
795709	795711	15.000000
795711	795714	14.000000
795714	795717	15.000000
795717	795721	16.000000
795721	795722	17.000000
795722	795724	18.000000
795724	795730	19.000000
795730	795731	18.000000
795731	795732	19.000000
795732	795734	20.000000
795734	795738	19.000000
795738	795740	18.000000
795740	795743	17.000000
795743	795757	16.000000
795757	795760	17.000000
795760	795761	18.000000
795761	795764	19.000000
795764	795765	18.000000
795765	795767	17.000000
795767	795769	16.000000
795769	795772	17.000000
795772	795773	16.000000
795773	795782	14.000000
795782	795785	15.000000
795785	795787	16.000000
795787	795791	17.000000
795791	795802	16.000000
795802	795814	15.000000
795814	795817	14.000000
795817	795821	13.000000
795821	795822	12.000000
795822	795824	11.000000
795824	795829	10.000000
795829	795831	11.000000
795831	795836	10.000000
795836	795852	11.000000
795852	795853	12.000000
795853	795857	13.000000
795857	795859	12.000000
795859	795860	11.000000
795860	795861	10.000000
795861	795869	9.000000
795869	795877	8.000000
795877	795881	9.000000
795881	795882	10.000000
795882	795883	9.000000
795883	795885	10.000000
795885	795887	9.000000
795887	795888	8.000000
795888	795900	9.000000
795900	795927	10.000000
795927	795929	11.000000
795929	795932	10.000000
795932	795935	9.000000
795935	795943	10.000000
795943	795952	11.000000
795952	795960	10.000000
795960	795964	11.000000
795964	795975	12.000000
795975	795978	13.000000
795978	795979	14.000000
795979	795981	15.000000
795981	795983	14.000000
795983	795986	13.000000
795986	795987	14.000000
795987	795988	15.000000
795988	795991	14.000000
795991	795995	15.000000
795995	796000	16.000000
796000	796004	15.000000
796004	796009	16.000000
796009	796010	17.000000
796010	796018	18.000000
796018	796022	20.000000
796022	796025	21.000000
796025	796027	22.000000
796027	796028	21.000000
796028	796035	22.000000
796035	796036	21.000000
796036	796043	20.000000
796043	796052	19.000000
796052	796053	21.000000
796053	796054	20.000000
796054	796060	21.000000
796060	796071	20.000000
796071	796075	22.000000
796075	796077	21.000000
796077	796078	20.000000
796078	796079	19.000000
796079	796086	18.000000
796086	796087	17.000000
796087	796088	16.000000
796088	796091	17.000000
796091	796095	16.000000
796095	796100	15.000000
796100	796101	16.000000
796101	796103	17.000000
796103	796104	18.000000
796104	796105	17.000000
796105	796109	18.000000
796109	796110	17.000000
796110	796111	16.000000
796111	796117	17.000000
796117	796118	18.000000
796118	796122	16.000000
796122	796125	15.000000
796125	796126	14.000000
796126	796128	15.000000
796128	796133	14.000000
796133	796134	15.000000
796134	796139	16.000000
796139	796152	17.000000
796152	796153	15.000000
796153	796154	16.000000
796154	796157	15.000000
796157	796158	16.000000
796158	796164	17.000000
796164	796167	16.000000
796167	796171	17.000000
796171	796172	15.000000
796172	796176	16.000000
796176	796182	17.000000
796182	796188	18.000000
796188	796195	17.000000
796195	796199	18.000000
796199	796200	19.000000
796200	796203	18.000000
796203	796205	17.000000
796205	796211	16.000000
796211	796214	15.000000
796214	796217	16.000000
796217	796226	15.000000
796226	796230	14.000000
796230	796233	15.000000
796233	796238	14.000000
796238	796239	16.000000
796239	796250	15.000000
796250	796253	16.000000
796253	796257	15.000000
796257	796258	14.000000
796258	796266	13.000000
796266	796267	15.000000
796267	796276	14.000000
796276	796277	13.000000
796277	796278	14.000000
796278	796282	15.000000
796282	796294	16.000000
796294	796295	17.000000
796295	796299	16.000000
796299	796301	15.000000
796301	796304	14.000000
796304	796309	15.000000
796309	796314	16.000000
796314	796315	15.000000
796315	796318	16.000000
796318	796325	17.000000
796325	796326	18.000000
796326	796330	19.000000
796330	796332	18.000000
796332	796334	19.000000
796334	796336	18.000000
796336	796338	19.000000
796338	796343	17.000000
796343	796350	18.000000
796350	796352	17.000000
796352	796366	18.000000
796366	796369	16.000000
796369	796371	17.000000
796371	796372	19.000000
796372	796374	18.000000
796374	796377	19.000000
796377	796378	18.000000
796378	796382	17.000000
796382	796384	15.000000
796384	796387	16.000000
796387	796389	17.000000
796389	796394	18.000000
796394	796403	17.000000
796403	796404	18.000000
796404	796405	17.000000
796405	796409	18.000000
796409	796410	17.000000
796410	796413	18.000000
796413	796415	19.000000
796415	796416	18.000000
796416	796417	19.000000
796417	796418	20.000000
796418	796420	19.000000
796420	796425	20.000000
796425	796426	19.000000
796426	796429	18.000000
796429	796431	19.000000
796431	796436	20.000000
796436	796437	19.000000
796437	796439	20.000000
796439	796441	21.000000
796441	796443	22.000000
796443	796450	21.000000
796450	796452	22.000000
796452	796456	21.000000
796456	796457	22.000000
796457	796460	23.000000
796460	796464	24.000000
796464	796467	25.000000
796467	796469	26.000000
796469	796471	25.000000
796471	796472	24.000000
796472	796474	25.000000
796474	796479	24.000000
796479	796481	25.000000
796481	796482	26.000000
796482	796484	27.000000
796484	796487	26.000000
796487	796489	25.000000
796489	796490	24.000000
796490	796494	25.000000
796494	796499	26.000000
796499	796505	27.000000
796505	796507	26.000000
796507	796510	27.000000
796510	796516	26.000000
796516	796517	25.000000
796517	796520	24.000000
796520	796521	23.000000
796521	796527	24.000000
796527	796528	25.000000
796528	796531	27.000000
796531	796532	26.000000
796532	796533	25.000000
796533	796537	26.000000
796537	796539	25.000000
796539	796541	26.000000
796541	796543	25.000000
796543	796549	27.000000
796549	796550	28.000000
796550	796551	27.000000
796551	796552	28.000000
796552	796555	29.000000
796555	796556	30.000000
796556	796557	29.000000
796557	796560	28.000000
796560	796564	27.000000
796564	796567	26.000000
796567	796570	25.000000
796570	796571	27.000000
796571	796572	26.000000
796572	796579	25.000000
796579	796580	24.000000
796580	796583	26.000000
796583	796586	27.000000
796586	796588	28.000000
796588	796590	29.000000
796590	796594	28.000000
796594	796595	27.000000
796595	796596	28.000000
796596	796601	29.000000
796601	796603	30.000000
796603	796606	29.000000
796606	796607	30.000000
796607	796609	29.000000
796609	796613	30.000000
796613	796619	31.000000
796619	796621	34.000000
796621	796623	33.000000
796623	796626	34.000000
796626	796627	35.000000
796627	796628	34.000000
796628	796629	32.000000
796629	796630	31.000000
796630	796631	32.000000
796631	796633	34.000000
796633	796635	33.000000
796635	796636	34.000000
796636	796639	36.000000
796639	796642	34.000000
796642	796643	35.000000
796643	796646	34.000000
796646	796649	36.000000
796649	796650	35.000000
796650	796651	36.000000
796651	796652	35.000000
796652	796655	34.000000
796655	796663	33.000000
796663	796669	34.000000
796669	796670	35.000000
796670	796680	34.000000
796680	796681	32.000000
796681	796683	31.000000
796683	796684	30.000000
796684	796686	31.000000
796686	796690	30.000000
796690	796693	31.000000
796693	796695	32.000000
796695	796699	31.000000
796699	796700	30.000000
796700	796701	31.000000
796701	796705	30.000000
796705	796706	32.000000
796706	796709	31.000000
796709	796712	30.000000
796712	796713	31.000000
796713	796714	29.000000
796714	796718	30.000000
796718	796719	31.000000
796719	796723	28.000000
796723	796726	27.000000
796726	796730	26.000000
796730	796731	25.000000
796731	796735	23.000000
796735	796736	22.000000
796736	796742	23.000000
796742	796743	22.000000
796743	796746	21.000000
796746	796750	19.000000
796750	796751	18.000000
796751	796752	19.000000
796752	796759	20.000000
796759	796763	21.000000
796763	796768	20.000000
796768	796769	23.000000
796769	796770	22.000000
796770	796771	23.000000
796771	796781	24.000000
796781	796782	25.000000
796782	796784	24.000000
796784	796785	23.000000
796785	796786	24.000000
796786	796788	25.000000
796788	796790	24.000000
796790	796791	23.000000
796791	796793	24.000000
796793	796796	23.000000
796796	796798	22.000000
796798	796800	23.000000
796800	796803	22.000000
796803	796805	23.000000
796805	796812	22.000000
796812	796814	21.000000
796814	796815	20.000000
796815	796827	21.000000
796827	796828	22.000000
796828	796831	23.000000
796831	796832	25.000000
796832	796833	27.000000
796833	796834	29.000000
796834	796836	30.000000
796836	796837	27.000000
796837	796840	29.000000
796840	796843	30.000000
796843	796844	32.000000
796844	796847	33.000000
796847	796853	34.000000
796853	796856	35.000000
796856	796859	36.000000
796859	796862	35.000000
796862	796864	37.000000
796864	796866	38.000000
796866	796868	39.000000
796868	796869	36.000000
796869	796870	37.000000
796870	796871	36.000000
796871	796872	35.000000
796872	796874	36.000000
796874	796875	37.000000
796875	796878	38.000000
796878	796879	39.000000
796879	796881	40.000000
796881	796885	39.000000
796885	796891	38.000000
796891	796893	37.000000
796893	796898	38.000000
796898	796899	39.000000
796899	796903	40.000000
796903	796910	39.000000
796910	796911	41.000000
796911	796915	42.000000
796915	796918	41.000000
796918	796923	40.000000
796923	796925	41.000000
796925	796928	42.000000
796928	796931	41.000000
796931	796932	39.000000
796932	796933	38.000000
796933	796934	36.000000
796934	796936	35.000000
796936	796937	37.000000
796937	796940	35.000000
796940	796941	34.000000
796941	796943	35.000000
796943	796944	33.000000
796944	796947	32.000000
796947	796951	31.000000
796951	796953	30.000000
796953	796956	29.000000
796956	796958	28.000000
796958	796960	30.000000
796960	796962	31.000000
796962	796964	29.000000
796964	796966	30.000000
796966	796969	29.000000
796969	796971	28.000000
796971	796973	29.000000
796973	796975	31.000000
796975	796977	30.000000
796977	796978	32.000000
796978	796979	31.000000
796979	796980	30.000000
796980	796984	31.000000
796984	796993	32.000000
796993	796998	31.000000
796998	796999	29.000000
796999	797000	28.000000
797000	797004	29.000000
797004	797005	30.000000
797005	797006	29.000000
797006	797011	30.000000
797011	797015	29.000000
797015	797017	30.000000
797017	797019	31.000000
797019	797020	33.000000
797020	797021	34.000000
797021	797022	35.000000
797022	797023	36.000000
797023	797025	35.000000
797025	797027	34.000000
797027	797032	33.000000
797032	797036	32.000000
797036	797037	31.000000
797037	797038	32.000000
797038	797040	33.000000
797040	797041	34.000000
797041	797046	35.000000
797046	797050	37.000000
797050	797052	38.000000
797052	797057	37.000000
797057	797058	38.000000
797058	797060	36.000000
797060	797064	35.000000
797064	797068	33.000000
797068	797070	34.000000
797070	797071	33.000000
797071	797072	32.000000
797072	797073	31.000000
797073	797074	29.000000
797074	797076	28.000000
797076	797077	29.000000
797077	797078	27.000000
797078	797083	28.000000
797083	797084	29.000000
797084	797086	28.000000
797086	797087	27.000000
797087	797088	28.000000
797088	797092	29.000000
797092	797098	30.000000
797098	797100	31.000000
797100	797102	30.000000
797102	797105	31.000000
797105	797109	32.000000
797109	797110	34.000000
797110	797114	32.000000
797114	797115	34.000000
797115	797119	33.000000
797119	797120	31.000000
797120	797121	30.000000
797121	797122	29.000000
797122	797128	28.000000
797128	797132	29.000000
797132	797137	30.000000
797137	797140	29.000000
797140	797141	30.000000
797141	797142	28.000000
797142	797143	29.000000
797143	797146	30.000000
797146	797150	29.000000
797150	797152	28.000000
797152	797153	29.000000
797153	797159	30.000000
797159	797162	31.000000
797162	797164	32.000000
797164	797168	34.000000
797168	797176	33.000000
797176	797178	32.000000
797178	797179	31.000000
797179	797180	32.000000
797180	797183	31.000000
797183	797185	30.000000
797185	797188	31.000000
797188	797190	30.000000
797190	797192	31.000000
797192	797193	30.000000
797193	797194	31.000000
797194	797196	32.000000
797196	797198	33.000000
797198	797199	32.000000
797199	797202	33.000000
797202	797204	32.000000
797204	797205	31.000000
797205	797206	32.000000
797206	797209	31.000000
797209	797212	29.000000
797212	797214	30.000000
797214	797215	28.000000
797215	797226	29.000000
797226	797228	30.000000
797228	797229	29.000000
797229	797231	30.000000
797231	797232	32.000000
797232	797236	31.000000
797236	797238	30.000000
797238	797239	29.000000
797239	797240	30.000000
797240	797241	28.000000
797241	797243	29.000000
797243	797244	28.000000
797244	797252	29.000000
797252	797257	28.000000
797257	797259	27.000000
797259	797260	26.000000
797260	797262	27.000000
797262	797264	26.000000
797264	797270	24.000000
797270	797271	25.000000
797271	797272	26.000000
797272	797275	27.000000
797275	797276	28.000000
797276	797278	29.000000
797278	797279	32.000000
797279	797287	31.000000
797287	797290	30.000000
797290	797295	29.000000
797295	797296	30.000000
797296	797298	29.000000
797298	797299	30.000000
797299	797304	31.000000
797304	797305	33.000000
797305	797310	31.000000
797310	797312	32.000000
797312	797315	31.000000
797315	797317	30.000000
797317	797321	29.000000
797321	797325	30.000000
797325	797326	31.000000
797326	797328	30.000000
797328	797331	31.000000
797331	797335	30.000000
797335	797339	31.000000
797339	797340	30.000000
797340	797341	32.000000
797341	797344	31.000000
797344	797346	30.000000
797346	797347	29.000000
797347	797349	30.000000
797349	797358	31.000000
797358	797360	32.000000
797360	797361	31.000000
797361	797364	32.000000
797364	797365	35.000000
797365	797367	36.000000
797367	797368	37.000000
797368	797370	38.000000
797370	797371	37.000000
797371	797372	36.000000
797372	797373	35.000000
797373	797376	36.000000
797376	797378	35.000000
797378	797380	32.000000
797380	797383	33.000000
797383	797389	35.000000
797389	797393	36.000000
797393	797395	35.000000
797395	797396	34.000000
797396	797398	35.000000
797398	797401	34.000000
797401	797404	35.000000
797404	797405	33.000000
797405	797410	34.000000
797410	797415	33.000000
797415	797418	35.000000
797418	797421	36.000000
797421	797424	35.000000
797424	797425	37.000000
797425	797427	36.000000
797427	797428	37.000000
797428	797429	36.000000
797429	797431	35.000000
797431	797435	34.000000
797435	797437	33.000000
797437	797440	34.000000
797440	797441	32.000000
797441	797442	33.000000
797442	797447	32.000000
797447	797450	31.000000
797450	797452	33.000000
797452	797453	34.000000
797453	797454	33.000000
797454	797455	34.000000
797455	797458	35.000000
797458	797461	34.000000
797461	797462	33.000000
797462	797463	34.000000
797463	797464	35.000000
797464	797468	33.000000
797468	797469	32.000000
797469	797471	35.000000
797471	797473	36.000000
797473	797475	35.000000
797475	797478	34.000000
797478	797483	35.000000
797483	797487	33.000000
797487	797489	34.000000
797489	797492	33.000000
797492	797498	34.000000
797498	797499	35.000000
797499	797501	33.000000
797501	797505	32.000000
797505	797507	31.000000
797507	797510	33.000000
797510	797511	34.000000
797511	797515	35.000000
797515	797518	33.000000
797518	797520	34.000000
797520	797521	35.000000
797521	797522	36.000000
797522	797524	37.000000
797524	797527	35.000000
797527	797528	34.000000
797528	797529	36.000000
797529	797531	37.000000
797531	797533	38.000000
797533	797537	39.000000
797537	797538	38.000000
797538	797539	39.000000
797539	797544	40.000000
797544	797547	42.000000
797547	797548	44.000000
797548	797550	45.000000
797550	797552	44.000000
797552	797553	43.000000
797553	797554	46.000000
797554	797555	45.000000
797555	797562	44.000000
797562	797563	43.000000
797563	797564	42.000000
797564	797565	41.000000
797565	797567	40.000000
797567	797568	39.000000
797568	797569	40.000000
797569	797571	37.000000
797571	797574	36.000000
797574	797575	37.000000
797575	797578	38.000000
797578	797580	37.000000
797580	797581	36.000000
797581	797585	37.000000
797585	797586	36.000000
797586	797587	37.000000
797587	797588	36.000000
797588	797590	37.000000
797590	797592	38.000000
797592	797596	37.000000
797596	797597	36.000000
797597	797598	37.000000
797598	797605	36.000000
797605	797606	37.000000
797606	797607	39.000000
797607	797609	37.000000
797609	797610	38.000000
797610	797611	37.000000
797611	797613	36.000000
797613	797614	37.000000
797614	797617	38.000000
797617	797618	39.000000
797618	797619	37.000000
797619	797622	38.000000
797622	797624	39.000000
797624	797625	40.000000
797625	797628	41.000000
797628	797633	39.000000
797633	797638	38.000000
797638	797641	37.000000
797641	797644	36.000000
797644	797645	35.000000
797645	797646	36.000000
797646	797648	37.000000
797648	797649	36.000000
797649	797650	35.000000
797650	797651	34.000000
797651	797652	35.000000
797652	797653	36.000000
797653	797655	35.000000
797655	797660	36.000000
797660	797661	37.000000
797661	797663	39.000000
797663	797666	40.000000
797666	797667	42.000000
797667	797670	43.000000
797670	797674	44.000000
797674	797676	43.000000
797676	797677	44.000000
797677	797679	45.000000
797679	797681	46.000000
797681	797686	45.000000
797686	797691	44.000000
797691	797695	45.000000
797695	797696	46.000000
797696	797699	47.000000
797699	797701	48.000000
797701	797702	49.000000
797702	797703	50.000000
797703	797704	52.000000
797704	797705	53.000000
797705	797706	52.000000
797706	797709	50.000000
797709	797713	49.000000
797713	797714	48.000000
797714	797716	50.000000
797716	797717	51.000000
797717	797719	50.000000
797719	797720	51.000000
797720	797721	50.000000
797721	797722	49.000000
797722	797728	47.000000
797728	797729	48.000000
797729	797731	47.000000
797731	797734	46.000000
797734	797739	47.000000
797739	797742	46.000000
797742	797744	47.000000
797744	797745	46.000000
797745	797746	45.000000
797746	797747	44.000000
797747	797748	42.000000
797748	797752	43.000000
797752	797753	42.000000
797753	797755	40.000000
797755	797757	39.000000
797757	797759	40.000000
797759	797761	41.000000
797761	797763	40.000000
797763	797764	39.000000
797764	797766	40.000000
797766	797767	39.000000
797767	797768	38.000000
797768	797770	39.000000
797770	797771	38.000000
797771	797772	39.000000
797772	797773	40.000000
797773	797774	42.000000
797774	797775	43.000000
797775	797777	42.000000
797777	797778	41.000000
797778	797780	42.000000
797780	797781	43.000000
797781	797786	44.000000
797786	797788	45.000000
797788	797789	44.000000
797789	797794	46.000000
797794	797795	45.000000
797795	797796	46.000000
797796	797797	45.000000
797797	797799	46.000000
797799	797800	45.000000
797800	797801	46.000000
797801	797803	47.000000
797803	797808	48.000000
797808	797813	50.000000
797813	797814	51.000000
797814	797816	50.000000
797816	797819	49.000000
797819	797820	47.000000
797820	797823	48.000000
797823	797825	49.000000
797825	797828	48.000000
797828	797832	47.000000
797832	797834	48.000000
797834	797841	47.000000
797841	797842	48.000000
797842	797844	49.000000
797844	797848	52.000000
797848	797854	51.000000
797854	797859	53.000000
797859	797861	52.000000
797861	797862	51.000000
797862	797864	52.000000
797864	797866	51.000000
797866	797868	50.000000
797868	797869	49.000000
797869	797871	50.000000
797871	797872	49.000000
797872	797873	48.000000
797873	797874	46.000000
797874	797876	45.000000
797876	797879	44.000000
797879	797880	43.000000
797880	797881	45.000000
797881	797885	44.000000
797885	797889	45.000000
797889	797890	43.000000
797890	797891	42.000000
797891	797892	41.000000
797892	797895	42.000000
797895	797897	40.000000
797897	797899	39.000000
797899	797900	40.000000
797900	797901	39.000000
797901	797902	37.000000
797902	797903	36.000000
797903	797904	33.000000
797904	797905	32.000000
797905	797907	33.000000
797907	797908	34.000000
797908	797910	32.000000
797910	797911	34.000000
797911	797912	36.000000
797912	797914	37.000000
797914	797915	35.000000
797915	797916	36.000000
797916	797918	37.000000
797918	797920	39.000000
797920	797923	38.000000
797923	797924	37.000000
797924	797925	36.000000
797925	797926	37.000000
797926	797927	39.000000
797927	797928	40.000000
797928	797930	41.000000
797930	797931	42.000000
797931	797932	44.000000
797932	797934	43.000000
797934	797935	44.000000
797935	797936	45.000000
797936	797940	46.000000
797940	797941	47.000000
797941	797942	46.000000
797942	797944	44.000000
797944	797945	41.000000
797945	797947	42.000000
797947	797949	43.000000
797949	797951	44.000000
797951	797954	43.000000
797954	797957	42.000000
797957	797960	41.000000
797960	797961	40.000000
797961	797962	41.000000
797962	797963	40.000000
797963	797968	42.000000
797968	797974	41.000000
797974	797975	42.000000
797975	797978	43.000000
797978	797980	42.000000
797980	797983	41.000000
797983	797985	42.000000
797985	797986	41.000000
797986	797989	40.000000
797989	797992	41.000000
797992	797993	40.000000
797993	797996	41.000000
797996	797999	43.000000
797999	798002	42.000000
798002	798005	43.000000
798005	798006	42.000000
798006	798007	43.000000
798007	798008	42.000000
798008	798009	43.000000
798009	798011	44.000000
798011	798013	42.000000
798013	798018	41.000000
798018	798021	39.000000
798021	798022	41.000000
798022	798025	42.000000
798025	798026	41.000000
798026	798030	39.000000
798030	798031	38.000000
798031	798033	36.000000
798033	798034	37.000000
798034	798035	36.000000
798035	798036	38.000000
798036	798046	39.000000
798046	798050	40.000000
798050	798053	41.000000
798053	798054	42.000000
798054	798055	44.000000
798055	798057	45.000000
798057	798059	46.000000
798059	798061	48.000000
798061	798063	47.000000
798063	798066	45.000000
798066	798067	46.000000
798067	798069	48.000000
798069	798072	47.000000
798072	798074	48.000000
798074	798075	47.000000
798075	798078	46.000000
798078	798081	47.000000
798081	798082	49.000000
798082	798083	50.000000
798083	798084	49.000000
798084	798085	50.000000
798085	798088	51.000000
798088	798089	52.000000
798089	798091	51.000000
798091	798092	52.000000
798092	798093	54.000000
798093	798095	53.000000
798095	798096	54.000000
798096	798097	52.000000
798097	798099	53.000000
798099	798100	54.000000
798100	798102	57.000000
798102	798103	58.000000
798103	798104	59.000000
798104	798105	60.000000
798105	798108	61.000000
798108	798109	62.000000
798109	798110	61.000000
798110	798111	59.000000
798111	798112	60.000000
798112	798115	59.000000
798115	798116	60.000000
798116	798121	59.000000
798121	798122	57.000000
798122	798126	58.000000
798126	798127	59.000000
798127	798129	58.000000
798129	798132	59.000000
798132	798134	60.000000
798134	798135	61.000000
798135	798136	59.000000
798136	798138	58.000000
798138	798140	60.000000
798140	798141	59.000000
798141	798142	60.000000
798142	798143	62.000000
798143	798145	63.000000
798145	798147	62.000000
798147	798149	61.000000
798149	798150	60.000000
798150	798153	59.000000
798153	798154	60.000000
798154	798155	57.000000
798155	798156	58.000000
798156	798157	59.000000
798157	798158	58.000000
798158	798159	60.000000
798159	798161	59.000000
798161	798165	60.000000
798165	798166	61.000000
798166	798167	60.000000
798167	798168	58.000000
798168	798171	59.000000
798171	798175	60.000000
798175	798176	61.000000
798176	798178	63.000000
798178	798179	62.000000
798179	798180	63.000000
798180	798181	61.000000
798181	798182	60.000000
798182	798183	59.000000
798183	798184	60.000000
798184	798187	59.000000
798187	798188	60.000000
798188	798190	59.000000
798190	798191	60.000000
798191	798192	59.000000
798192	798193	57.000000
798193	798194	58.000000
798194	798196	59.000000
798196	798197	60.000000
798197	798199	58.000000
798199	798200	57.000000
798200	798201	56.000000
798201	798202	57.000000
798202	798205	55.000000
798205	798206	54.000000
798206	798208	53.000000
798208	798209	51.000000
798209	798211	52.000000
798211	798213	51.000000
798213	798215	53.000000
798215	798220	51.000000
798220	798222	52.000000
798222	798224	50.000000
798224	798226	51.000000
798226	798227	50.000000
798227	798230	51.000000
798230	798232	52.000000
798232	798233	51.000000
798233	798234	50.000000
798234	798236	49.000000
798236	798237	48.000000
798237	798238	49.000000
798238	798241	47.000000
798241	798242	46.000000
798242	798243	44.000000
798243	798244	43.000000
798244	798245	44.000000
798245	798248	45.000000
798248	798251	46.000000
798251	798253	47.000000
798253	798256	46.000000
798256	798257	45.000000
798257	798260	46.000000
798260	798265	47.000000
798265	798266	46.000000
798266	798268	47.000000
798268	798271	46.000000
798271	798272	45.000000
798272	798273	47.000000
798273	798274	48.000000
798274	798275	49.000000
798275	798276	48.000000
798276	798279	46.000000
798279	798286	45.000000
798286	798287	46.000000
798287	798288	45.000000
798288	798291	47.000000
798291	798293	48.000000
798293	798296	47.000000
798296	798297	46.000000
798297	798298	47.000000
798298	798300	48.000000
798300	798301	47.000000
798301	798302	48.000000
798302	798303	49.000000
798303	798304	48.000000
798304	798305	47.000000
798305	798306	48.000000
798306	798308	49.000000
798308	798313	51.000000
798313	798314	49.000000
798314	798315	51.000000
798315	798316	52.000000
798316	798317	53.000000
798317	798320	55.000000
798320	798321	54.000000
798321	798325	55.000000
798325	798326	56.000000
798326	798332	57.000000
798332	798335	58.000000
798335	798337	57.000000
798337	798338	56.000000
798338	798339	58.000000
798339	798341	61.000000
798341	798342	62.000000
798342	798344	63.000000
798344	798345	62.000000
798345	798353	63.000000
798353	798355	62.000000
798355	798357	60.000000
798357	798358	59.000000
798358	798359	58.000000
798359	798360	57.000000
798360	798362	56.000000
798362	798365	57.000000
798365	798367	58.000000
798367	798368	60.000000
798368	798371	61.000000
798371	798372	62.000000
798372	798373	59.000000
798373	798374	58.000000
798374	798378	57.000000
798378	798381	58.000000
798381	798382	57.000000
798382	798388	58.000000
798388	798389	56.000000
798389	798390	57.000000
798390	798391	58.000000
798391	798394	57.000000
798394	798396	56.000000
798396	798397	57.000000
798397	798398	56.000000
798398	798399	55.000000
798399	798400	57.000000
798400	798401	56.000000
798401	798402	55.000000
798402	798403	54.000000
798403	798405	56.000000
798405	798406	57.000000
798406	798408	56.000000
798408	798414	55.000000
798414	798416	53.000000
798416	798417	52.000000
798417	798421	51.000000
798421	798424	50.000000
798424	798426	49.000000
798426	798427	48.000000
798427	798428	47.000000
798428	798430	46.000000
798430	798431	45.000000
798431	798432	48.000000
798432	798434	47.000000
798434	798436	48.000000
798436	798438	49.000000
798438	798439	47.000000
798439	798440	44.000000
798440	798441	46.000000
798441	798445	45.000000
798445	798446	43.000000
798446	798447	42.000000
798447	798448	43.000000
798448	798451	42.000000
798451	798454	41.000000
798454	798458	42.000000
798458	798461	41.000000
798461	798462	40.000000
798462	798463	39.000000
798463	798465	40.000000
798465	798467	39.000000
798467	798468	37.000000
798468	798469	36.000000
798469	798471	37.000000
798471	798474	36.000000
798474	798475	37.000000
798475	798478	39.000000
798478	798483	38.000000
798483	798485	37.000000
798485	798486	36.000000
798486	798488	35.000000
798488	798489	37.000000
798489	798490	36.000000
798490	798493	34.000000
798493	798498	35.000000
798498	798499	36.000000
798499	798500	35.000000
798500	798501	36.000000
798501	798502	37.000000
798502	798503	38.000000
798503	798504	36.000000
798504	798505	38.000000
798505	798506	36.000000
798506	798507	37.000000
798507	798508	38.000000
798508	798512	37.000000
798512	798513	38.000000
798513	798516	39.000000
798516	798517	40.000000
798517	798519	39.000000
798519	798520	40.000000
798520	798525	41.000000
798525	798531	42.000000
798531	798532	39.000000
798532	798534	41.000000
798534	798537	40.000000
798537	798540	41.000000
798540	798542	40.000000
798542	798543	39.000000
798543	798544	40.000000
798544	798547	41.000000
798547	798548	40.000000
798548	798551	41.000000
798551	798552	42.000000
798552	798553	43.000000
798553	798554	45.000000
798554	798555	44.000000
798555	798556	45.000000
798556	798557	47.000000
798557	798563	48.000000
798563	798564	47.000000
798564	798566	48.000000
798566	798567	47.000000
798567	798569	50.000000
798569	798573	49.000000
798573	798575	50.000000
798575	798576	48.000000
798576	798582	49.000000
798582	798584	48.000000
798584	798588	49.000000
798588	798589	47.000000
798589	798590	48.000000
798590	798593	49.000000
798593	798596	48.000000
798596	798597	47.000000
798597	798598	48.000000
798598	798599	47.000000
798599	798600	46.000000
798600	798601	45.000000
798601	798602	43.000000
798602	798604	45.000000
798604	798606	43.000000
798606	798607	44.000000
798607	798608	46.000000
798608	798609	48.000000
798609	798610	47.000000
798610	798612	49.000000
798612	798616	48.000000
798616	798617	47.000000
798617	798618	48.000000
798618	798621	49.000000
798621	798625	52.000000
798625	798627	51.000000
798627	798629	52.000000
798629	798630	53.000000
798630	798632	54.000000
798632	798633	53.000000
798633	798634	55.000000
798634	798635	56.000000
798635	798636	58.000000
798636	798637	57.000000
798637	798640	56.000000
798640	798644	55.000000
798644	798646	54.000000
798646	798648	55.000000
798648	798651	54.000000
798651	798652	53.000000
798652	798653	54.000000
798653	798654	53.000000
798654	798655	56.000000
798655	798656	57.000000
798656	798659	55.000000
798659	798662	58.000000
798662	798663	59.000000
798663	798664	61.000000
798664	798665	60.000000
798665	798667	61.000000
798667	798674	58.000000
798674	798676	57.000000
798676	798679	56.000000
798679	798688	57.000000
798688	798689	58.000000
798689	798690	57.000000
798690	798692	56.000000
798692	798695	57.000000
798695	798696	56.000000
798696	798697	57.000000
798697	798698	56.000000
798698	798699	57.000000
798699	798702	58.000000
798702	798703	56.000000
798703	798705	57.000000
798705	798706	58.000000
798706	798707	57.000000
798707	798708	54.000000
798708	798710	53.000000
798710	798711	54.000000
798711	798712	55.000000
798712	798714	56.000000
798714	798715	57.000000
798715	798716	59.000000
798716	798717	60.000000
798717	798718	59.000000
798718	798719	58.000000
798719	798720	57.000000
798720	798721	56.000000
798721	798722	53.000000
798722	798725	54.000000
798725	798728	53.000000
798728	798729	55.000000
798729	798730	54.000000
798730	798731	53.000000
798731	798732	54.000000
798732	798733	53.000000
798733	798734	51.000000
798734	798735	50.000000
798735	798740	49.000000
798740	798741	50.000000
798741	798743	51.000000
798743	798744	50.000000
798744	798745	51.000000
798745	798746	52.000000
798746	798748	51.000000
798748	798751	52.000000
798751	798752	53.000000
798752	798754	51.000000
798754	798755	48.000000
798755	798757	47.000000
798757	798759	46.000000
798759	798760	43.000000
798760	798761	45.000000
798761	798762	46.000000
798762	798763	45.000000
798763	798765	44.000000
798765	798767	43.000000
798767	798769	45.000000
798769	798770	46.000000
798770	798774	47.000000
798774	798782	49.000000
798782	798784	50.000000
798784	798787	49.000000
798787	798788	50.000000
798788	798789	49.000000
798789	798792	50.000000
798792	798793	49.000000
798793	798795	52.000000
798795	798798	53.000000
798798	798799	52.000000
798799	798800	51.000000
798800	798802	52.000000
798802	798805	53.000000
798805	798808	52.000000
798808	798810	51.000000
798810	798812	50.000000
798812	798813	49.000000
798813	798814	48.000000
798814	798815	47.000000
798815	798821	44.000000
798821	798822	45.000000
798822	798824	46.000000
798824	798826	47.000000
798826	798828	48.000000
798828	798831	49.000000
798831	798833	48.000000
798833	798836	50.000000
798836	798840	51.000000
798840	798841	50.000000
798841	798842	51.000000
798842	798845	53.000000
798845	798846	52.000000
798846	798850	53.000000
798850	798853	56.000000
798853	798854	55.000000
798854	798855	56.000000
798855	798856	55.000000
798856	798858	58.000000
798858	798859	59.000000
798859	798860	60.000000
798860	798861	58.000000
798861	798864	57.000000
798864	798865	58.000000
798865	798866	59.000000
798866	798867	61.000000
798867	798870	60.000000
798870	798873	59.000000
798873	798874	60.000000
798874	798879	58.000000
798879	798881	57.000000
798881	798882	60.000000
798882	798883	59.000000
798883	798885	61.000000
798885	798886	62.000000
798886	798887	63.000000
798887	798888	62.000000
798888	798889	63.000000
798889	798891	64.000000
798891	798892	67.000000
798892	798893	68.000000
798893	798895	67.000000
798895	798896	66.000000
798896	798898	65.000000
798898	798899	66.000000
798899	798900	67.000000
798900	798901	66.000000
798901	798902	68.000000
798902	798903	66.000000
798903	798904	65.000000
798904	798905	66.000000
798905	798906	67.000000
798906	798907	66.000000
798907	798908	67.000000
798908	798909	68.000000
798909	798910	70.000000
798910	798911	69.000000
798911	798912	70.000000
798912	798915	71.000000
798915	798916	73.000000
798916	798918	72.000000
798918	798920	75.000000
798920	798921	76.000000
798921	798922	75.000000
798922	798924	73.000000
798924	798927	72.000000
798927	798928	71.000000
798928	798933	69.000000
798933	798939	67.000000
798939	798941	68.000000
798941	798942	66.000000
798942	798943	65.000000
798943	798944	66.000000
798944	798947	65.000000
798947	798948	66.000000
798948	798950	65.000000
798950	798951	62.000000
798951	798953	61.000000
798953	798954	62.000000
798954	798956	61.000000
798956	798958	58.000000
798958	798959	57.000000
798959	798962	56.000000
798962	798963	57.000000
798963	798964	56.000000
798964	798966	55.000000
798966	798967	54.000000
798967	798969	53.000000
798969	798973	52.000000
798973	798977	50.000000
798977	798978	51.000000
798978	798981	52.000000
798981	798982	51.000000
798982	798983	52.000000
798983	798984	50.000000
798984	798986	51.000000
798986	798987	52.000000
798987	798988	54.000000
798988	798989	55.000000
798989	798991	53.000000
798991	798993	50.000000
798993	798994	48.000000
798994	798996	49.000000
798996	798997	50.000000
798997	798998	52.000000
798998	798999	51.000000
798999	799001	50.000000
799001	799005	48.000000
799005	799007	47.000000
799007	799008	46.000000
799008	799009	45.000000
799009	799010	44.000000
799010	799011	43.000000
799011	799012	41.000000
799012	799013	40.000000
799013	799015	42.000000
799015	799016	40.000000
799016	799018	41.000000
799018	799019	38.000000
799019	799022	39.000000
799022	799023	40.000000
799023	799024	42.000000
799024	799025	43.000000
799025	799026	44.000000
799026	799033	43.000000
799033	799035	44.000000
799035	799038	43.000000
799038	799041	45.000000
799041	799042	46.000000
799042	799044	45.000000
799044	799045	47.000000
799045	799046	48.000000
799046	799047	47.000000
799047	799048	48.000000
799048	799051	49.000000
799051	799052	51.000000
799052	799053	53.000000
799053	799054	52.000000
799054	799056	54.000000
799056	799060	55.000000
799060	799061	56.000000
799061	799065	57.000000
799065	799073	58.000000
799073	799074	59.000000
799074	799078	61.000000
799078	799079	60.000000
799079	799080	61.000000
799080	799081	62.000000
799081	799082	61.000000
799082	799083	60.000000
799083	799084	61.000000
799084	799085	60.000000
799085	799087	59.000000
799087	799088	58.000000
799088	799089	56.000000
799089	799091	57.000000
799091	799092	59.000000
799092	799094	58.000000
799094	799096	59.000000
799096	799097	58.000000
799097	799100	56.000000
799100	799101	57.000000
799101	799102	58.000000
799102	799104	59.000000
799104	799106	58.000000
799106	799109	59.000000
799109	799110	60.000000
799110	799111	61.000000
799111	799113	62.000000
799113	799114	61.000000
799114	799117	62.000000
799117	799118	63.000000
799118	799119	64.000000
799119	799121	63.000000
799121	799122	64.000000
799122	799123	65.000000
799123	799124	63.000000
799124	799129	62.000000
799129	799130	61.000000
799130	799133	63.000000
799133	799134	62.000000
799134	799137	64.000000
799137	799138	66.000000
799138	799139	65.000000
799139	799141	64.000000
799141	799142	63.000000
799142	799143	64.000000
799143	799144	63.000000
799144	799145	62.000000
799145	799147	61.000000
799147	799149	59.000000
799149	799151	60.000000
799151	799152	58.000000
799152	799153	56.000000
799153	799154	58.000000
799154	799155	57.000000
799155	799156	58.000000
799156	799160	57.000000
799160	799161	56.000000
799161	799162	57.000000
799162	799163	58.000000
799163	799165	59.000000
799165	799166	58.000000
799166	799168	57.000000
799168	799170	58.000000
799170	799171	59.000000
799171	799174	60.000000
799174	799177	58.000000
799177	799179	57.000000
799179	799180	56.000000
799180	799181	55.000000
799181	799182	54.000000
799182	799183	55.000000
799183	799184	54.000000
799184	799186	55.000000
799186	799187	54.000000
799187	799188	53.000000
799188	799189	54.000000
799189	799191	53.000000
799191	799194	51.000000
799194	799197	49.000000
799197	799198	50.000000
799198	799200	51.000000
799200	799201	50.000000
799201	799204	49.000000
799204	799205	51.000000
799205	799208	52.000000
799208	799209	53.000000
799209	799210	51.000000
799210	799212	50.000000
799212	799213	51.000000
799213	799214	50.000000
799214	799216	49.000000
799216	799217	48.000000
799217	799218	47.000000
799218	799219	46.000000
799219	799220	48.000000
799220	799221	47.000000
799221	799222	46.000000
799222	799225	44.000000
799225	799227	45.000000
799227	799228	46.000000
799228	799229	45.000000
799229	799230	47.000000
799230	799232	45.000000
799232	799234	46.000000
799234	799237	44.000000
799237	799239	42.000000
799239	799242	43.000000
799242	799247	42.000000
799247	799248	43.000000
799248	799251	44.000000
799251	799253	45.000000
799253	799255	44.000000
799255	799257	43.000000
799257	799259	44.000000
799259	799260	45.000000
799260	799261	46.000000
799261	799262	45.000000
799262	799266	44.000000
799266	799267	45.000000
799267	799269	46.000000
799269	799270	47.000000
799270	799271	46.000000
799271	799273	45.000000
799273	799276	44.000000
799276	799277	46.000000
799277	799280	47.000000
799280	799282	48.000000
799282	799285	47.000000
799285	799286	48.000000
799286	799288	47.000000
799288	799289	46.000000
799289	799290	49.000000
799290	799294	50.000000
799294	799298	51.000000
799298	799301	50.000000
799301	799302	51.000000
799302	799303	50.000000
799303	799304	51.000000
799304	799305	50.000000
799305	799306	49.000000
799306	799308	48.000000
799308	799309	47.000000
799309	799311	48.000000
799311	799312	47.000000
799312	799314	48.000000
799314	799316	50.000000
799316	799317	51.000000
799317	799318	52.000000
799318	799319	53.000000
799319	799320	51.000000
799320	799322	52.000000
799322	799323	53.000000
799323	799324	54.000000
799324	799325	55.000000
799325	799326	53.000000
799326	799327	54.000000
799327	799329	53.000000
799329	799330	54.000000
799330	799332	58.000000
799332	799333	57.000000
799333	799335	58.000000
799335	799336	59.000000
799336	799338	58.000000
799338	799343	57.000000
799343	799344	58.000000
799344	799346	59.000000
799346	799348	60.000000
799348	799350	58.000000
799350	799351	59.000000
799351	799354	58.000000
799354	799356	57.000000
799356	799359	58.000000
799359	799361	57.000000
799361	799362	56.000000
799362	799363	55.000000
799363	799365	54.000000
799365	799366	53.000000
799366	799367	52.000000
799367	799369	51.000000
799369	799370	53.000000
799370	799374	54.000000
799374	799375	55.000000
799375	799376	57.000000
799376	799377	55.000000
799377	799380	56.000000
799380	799383	55.000000
799383	799384	56.000000
799384	799385	55.000000
799385	799386	54.000000
799386	799388	55.000000
799388	799389	56.000000
799389	799390	53.000000
799390	799392	52.000000
799392	799396	53.000000
799396	799397	54.000000
799397	799398	53.000000
799398	799401	54.000000
799401	799403	56.000000
799403	799408	55.000000
799408	799409	57.000000
799409	799411	56.000000
799411	799412	57.000000
799412	799414	55.000000
799414	799415	53.000000
799415	799416	54.000000
799416	799417	55.000000
799417	799418	54.000000
799418	799419	53.000000
799419	799422	55.000000
799422	799423	54.000000
799423	799426	55.000000
799426	799427	54.000000
799427	799429	55.000000
799429	799430	52.000000
799430	799431	49.000000
799431	799433	50.000000
799433	799435	51.000000
799435	799438	50.000000
799438	799443	51.000000
799443	799444	50.000000
799444	799446	48.000000
799446	799450	47.000000
799450	799453	46.000000
799453	799455	45.000000
799455	799456	47.000000
799456	799457	46.000000
799457	799459	45.000000
799459	799462	47.000000
799462	799464	48.000000
799464	799465	49.000000
799465	799468	50.000000
799468	799469	49.000000
799469	799470	46.000000
799470	799471	45.000000
799471	799475	46.000000
799475	799476	44.000000
799476	799477	45.000000
799477	799478	43.000000
799478	799479	45.000000
799479	799481	46.000000
799481	799484	47.000000
799484	799488	48.000000
799488	799490	47.000000
799490	799491	48.000000
799491	799492	50.000000
799492	799493	49.000000
799493	799494	50.000000
799494	799495	49.000000
799495	799496	50.000000
799496	799497	49.000000
799497	799498	51.000000
799498	799500	50.000000
799500	799501	51.000000
799501	799504	49.000000
799504	799508	48.000000
799508	799511	46.000000
799511	799513	45.000000
799513	799515	46.000000
799515	799516	45.000000
799516	799517	43.000000
799517	799518	44.000000
799518	799519	45.000000
799519	799520	43.000000
799520	799523	42.000000
799523	799525	41.000000
799525	799530	42.000000
799530	799532	41.000000
799532	799533	42.000000
799533	799534	41.000000
799534	799535	42.000000
799535	799536	43.000000
799536	799538	44.000000
799538	799540	46.000000
799540	799543	48.000000
799543	799544	50.000000
799544	799545	51.000000
799545	799546	53.000000
799546	799553	54.000000
799553	799555	55.000000
799555	799556	54.000000
799556	799558	55.000000
799558	799559	57.000000
799559	799560	55.000000
799560	799562	54.000000
799562	799563	53.000000
799563	799564	55.000000
799564	799565	54.000000
799565	799566	53.000000
799566	799570	54.000000
799570	799571	55.000000
799571	799574	54.000000
799574	799575	53.000000
799575	799578	54.000000
799578	799581	53.000000
799581	799583	52.000000
799583	799584	51.000000
799584	799586	52.000000
799586	799587	51.000000
799587	799589	52.000000
799589	799590	53.000000
799590	799591	52.000000
799591	799594	50.000000
799594	799597	51.000000
799597	799599	49.000000
799599	799600	50.000000
799600	799601	49.000000
799601	799606	48.000000
799606	799608	49.000000
799608	799611	51.000000
799611	799612	52.000000
799612	799613	54.000000
799613	799617	53.000000
799617	799619	52.000000
799619	799624	53.000000
799624	799625	52.000000
799625	799626	51.000000
799626	799627	52.000000
799627	799631	51.000000
799631	799633	52.000000
799633	799634	51.000000
799634	799635	50.000000
799635	799636	51.000000
799636	799638	50.000000
799638	799639	48.000000
799639	799640	47.000000
799640	799643	45.000000
799643	799645	43.000000
799645	799646	41.000000
799646	799653	40.000000
799653	799654	39.000000
799654	799656	41.000000
799656	799657	40.000000
799657	799660	41.000000
799660	799661	42.000000
799661	799662	44.000000
799662	799663	45.000000
799663	799664	43.000000
799664	799666	44.000000
799666	799671	43.000000
799671	799672	44.000000
799672	799673	45.000000
799673	799674	46.000000
799674	799675	47.000000
799675	799678	48.000000
799678	799679	47.000000
799679	799681	46.000000
799681	799684	47.000000
799684	799686	45.000000
799686	799688	46.000000
799688	799689	47.000000
799689	799692	46.000000
799692	799694	48.000000
799694	799695	49.000000
799695	799697	48.000000
799697	799698	49.000000
799698	799699	50.000000
799699	799706	49.000000
799706	799708	48.000000
799708	799709	46.000000
799709	799712	47.000000
799712	799715	46.000000
799715	799718	47.000000
799718	799719	46.000000
799719	799720	45.000000
799720	799723	46.000000
799723	799726	45.000000
799726	799727	44.000000
799727	799731	45.000000
799731	799732	43.000000
799732	799733	42.000000
799733	799735	44.000000
799735	799736	42.000000
799736	799741	43.000000
799741	799742	44.000000
799742	799743	45.000000
799743	799744	46.000000
799744	799745	45.000000
799745	799746	46.000000
799746	799747	48.000000
799747	799748	47.000000
799748	799749	49.000000
799749	799753	48.000000
799753	799754	49.000000
799754	799755	47.000000
799755	799757	46.000000
799757	799758	47.000000
799758	799759	45.000000
799759	799761	47.000000
799761	799762	45.000000
799762	799764	44.000000
799764	799770	46.000000
799770	799771	45.000000
799771	799772	44.000000
799772	799774	46.000000
799774	799775	45.000000
799775	799776	43.000000
799776	799777	42.000000
799777	799778	43.000000
799778	799780	45.000000
799780	799782	48.000000
799782	799783	49.000000
799783	799785	50.000000
799785	799786	51.000000
799786	799787	50.000000
799787	799788	49.000000
799788	799789	48.000000
799789	799791	51.000000
799791	799792	52.000000
799792	799794	51.000000
799794	799796	49.000000
799796	799797	50.000000
799797	799798	49.000000
799798	799800	48.000000
799800	799803	50.000000
799803	799805	52.000000
799805	799807	53.000000
799807	799808	54.000000
799808	799810	56.000000
799810	799811	57.000000
799811	799814	56.000000
799814	799815	57.000000
799815	799818	56.000000
799818	799820	57.000000
799820	799824	56.000000
799824	799832	57.000000
799832	799833	58.000000
799833	799839	57.000000
799839	799841	59.000000
799841	799842	58.000000
799842	799843	60.000000
799843	799844	59.000000
799844	799845	60.000000
799845	799846	59.000000
799846	799847	58.000000
799847	799848	59.000000
799848	799851	57.000000
799851	799854	58.000000
799854	799855	59.000000
799855	799857	61.000000
799857	799858	60.000000
799858	799859	61.000000
799859	799860	59.000000
799860	799862	60.000000
799862	799864	61.000000
799864	799865	60.000000
799865	799866	61.000000
799866	799867	62.000000
799867	799868	63.000000
799868	799869	65.000000
799869	799870	66.000000
799870	799872	67.000000
799872	799874	65.000000
799874	799875	66.000000
799875	799876	69.000000
799876	799878	70.000000
799878	799879	71.000000
799879	799880	72.000000
799880	799881	70.000000
799881	799882	69.000000
799882	799884	68.000000
799884	799885	69.000000
799885	799887	70.000000
799887	799888	71.000000
799888	799889	72.000000
799889	799891	69.000000
799891	799893	68.000000
799893	799896	67.000000
799896	799900	66.000000
799900	799905	64.000000
799905	799906	63.000000
799906	799907	65.000000
799907	799908	64.000000
799908	799909	62.000000
799909	799910	64.000000
799910	799912	63.000000
799912	799913	64.000000
799913	799914	65.000000
799914	799915	64.000000
799915	799916	65.000000
799916	799918	66.000000
799918	799921	65.000000
799921	799924	67.000000
799924	799925	66.000000
799925	799926	67.000000
799926	799928	68.000000
799928	799932	69.000000
799932	799933	70.000000
799933	799935	69.000000
799935	799936	70.000000
799936	799938	69.000000
799938	799939	68.000000
799939	799940	66.000000
799940	799942	68.000000
799942	799944	65.000000
799944	799945	64.000000
799945	799946	65.000000
799946	799949	66.000000
799949	799951	67.000000
799951	799952	66.000000
799952	799954	68.000000
799954	799955	69.000000
799955	799959	70.000000
799959	799960	71.000000
799960	799964	69.000000
799964	799965	67.000000
799965	799967	66.000000
799967	799968	65.000000
799968	799969	64.000000
799969	799970	63.000000
799970	799971	66.000000
799971	799974	69.000000
799974	799975	68.000000
799975	799976	65.000000
799976	799978	64.000000
799978	799979	61.000000
799979	799981	60.000000
799981	799982	61.000000
799982	799984	62.000000
799984	799985	61.000000
799985	799986	59.000000
799986	799987	60.000000
799987	799992	62.000000
799992	799993	61.000000
799993	799994	62.000000
799994	799997	63.000000
799997	799999	64.000000
799999	800001	66.000000
800001	800003	67.000000
800003	800006	66.000000
800006	800007	64.000000
800007	800008	65.000000
800008	800009	66.000000
800009	800011	65.000000
800011	800012	66.000000
800012	800013	64.000000
800013	800014	63.000000
800014	800018	64.000000
800018	800019	65.000000
800019	800021	66.000000
800021	800026	65.000000
800026	800027	64.000000
800027	800028	63.000000
800028	800029	64.000000
800029	800030	65.000000
800030	800032	67.000000
800032	800037	65.000000
800037	800038	66.000000
800038	800039	68.000000
800039	800041	71.000000
800041	800046	72.000000
800046	800048	70.000000
800048	800050	71.000000
800050	800051	72.000000
800051	800052	73.000000
800052	800054	71.000000
800054	800055	69.000000
800055	800056	68.000000
800056	800057	69.000000
800057	800058	70.000000
800058	800062	69.000000
800062	800063	68.000000
800063	800066	69.000000
800066	800067	68.000000
800067	800069	70.000000
800069	800070	71.000000
800070	800071	67.000000
800071	800072	64.000000
800072	800073	63.000000
800073	800075	62.000000
800075	800076	63.000000
800076	800077	64.000000
800077	800081	63.000000
800081	800082	64.000000
800082	800083	63.000000
800083	800085	65.000000
800085	800086	67.000000
800086	800087	66.000000
800087	800091	63.000000
800091	800092	64.000000
800092	800094	65.000000
800094	800096	64.000000
800096	800099	66.000000
800099	800101	65.000000
800101	800103	67.000000
800103	800104	66.000000
800104	800107	67.000000
800107	800108	66.000000
800108	800111	65.000000
800111	800112	66.000000
800112	800113	67.000000
800113	800114	68.000000
800114	800115	67.000000
800115	800116	66.000000
800116	800121	65.000000
800121	800123	64.000000
800123	800124	65.000000
800124	800125	66.000000
800125	800126	65.000000
800126	800127	67.000000
800127	800128	68.000000
800128	800129	66.000000
800129	800130	65.000000
800130	800133	66.000000
800133	800135	67.000000
800135	800136	69.000000
800136	800138	70.000000
800138	800139	68.000000
800139	800140	65.000000
800140	800141	63.000000
800141	800142	62.000000
800142	800145	64.000000
800145	800147	63.000000
800147	800148	62.000000
800148	800149	61.000000
800149	800150	60.000000
800150	800151	59.000000
800151	800153	58.000000
800153	800154	57.000000
800154	800155	58.000000
800155	800157	56.000000
800157	800159	54.000000
800159	800160	53.000000
800160	800162	55.000000
800162	800163	56.000000
800163	800166	57.000000
800166	800167	58.000000
800167	800169	56.000000
800169	800170	55.000000
800170	800171	56.000000
800171	800173	57.000000
800173	800174	59.000000
800174	800177	60.000000
800177	800180	61.000000
800180	800181	60.000000
800181	800183	59.000000
800183	800185	56.000000
800185	800187	55.000000
800187	800188	56.000000
800188	800190	57.000000
800190	800191	58.000000
800191	800192	57.000000
800192	800194	56.000000
800194	800195	58.000000
800195	800196	59.000000
800196	800197	57.000000
800197	800201	56.000000
800201	800202	53.000000
800202	800203	54.000000
800203	800207	56.000000
800207	800209	57.000000
800209	800210	56.000000
800210	800212	57.000000
800212	800215	58.000000
800215	800217	60.000000
800217	800222	61.000000
800222	800223	63.000000
800223	800226	64.000000
800226	800229	62.000000
800229	800230	63.000000
800230	800232	60.000000
800232	800234	62.000000
800234	800235	63.000000
800235	800237	61.000000
800237	800242	60.000000
800242	800243	58.000000
800243	800246	59.000000
800246	800247	60.000000
800247	800248	61.000000
800248	800251	62.000000
800251	800252	63.000000
800252	800257	65.000000
800257	800258	67.000000
800258	800260	68.000000
800260	800262	66.000000
800262	800263	65.000000
800263	800264	64.000000
800264	800265	65.000000
800265	800268	67.000000
800268	800269	66.000000
800269	800270	67.000000
800270	800271	68.000000
800271	800272	67.000000
800272	800273	69.000000
800273	800274	67.000000
800274	800276	66.000000
800276	800277	67.000000
800277	800280	66.000000
800280	800282	67.000000
800282	800283	68.000000
800283	800284	69.000000
800284	800285	70.000000
800285	800286	69.000000
800286	800287	71.000000
800287	800288	72.000000
800288	800292	70.000000
800292	800293	71.000000
800293	800294	70.000000
800294	800295	69.000000
800295	800299	68.000000
800299	800301	67.000000
800301	800303	68.000000
800303	800304	66.000000
800304	800305	65.000000
800305	800306	66.000000
800306	800307	67.000000
800307	800309	66.000000
800309	800310	65.000000
800310	800311	64.000000
800311	800312	62.000000
800312	800313	61.000000
800313	800315	60.000000
800315	800316	58.000000
800316	800317	59.000000
800317	800318	58.000000
800318	800319	57.000000
800319	800320	56.000000
800320	800321	57.000000
800321	800322	58.000000
800322	800323	56.000000
800323	800324	55.000000
800324	800325	54.000000
800325	800326	56.000000
800326	800329	57.000000
800329	800332	56.000000
800332	800333	55.000000
800333	800334	54.000000
800334	800335	55.000000
800335	800336	54.000000
800336	800345	53.000000
800345	800347	54.000000
800347	800348	53.000000
800348	800349	52.000000
800349	800352	53.000000
800352	800356	51.000000
800356	800357	50.000000
800357	800358	49.000000
800358	800359	48.000000
800359	800360	51.000000
800360	800361	54.000000
800361	800362	55.000000
800362	800364	56.000000
800364	800365	55.000000
800365	800369	53.000000
800369	800370	52.000000
800370	800372	50.000000
800372	800377	48.000000
800377	800378	49.000000
800378	800380	51.000000
800380	800381	50.000000
800381	800382	49.000000
800382	800383	48.000000
800383	800386	49.000000
800386	800387	47.000000
800387	800388	45.000000
800388	800389	47.000000
800389	800392	48.000000
800392	800395	49.000000
800395	800397	50.000000
800397	800398	53.000000
800398	800400	54.000000
800400	800403	56.000000
800403	800404	57.000000
800404	800406	58.000000
800406	800407	57.000000
800407	800408	58.000000
800408	800409	59.000000
800409	800410	60.000000
800410	800411	61.000000
800411	800413	62.000000
800413	800414	63.000000
800414	800415	65.000000
800415	800416	66.000000
800416	800418	65.000000
800418	800419	66.000000
800419	800420	67.000000
800420	800421	66.000000
800421	800422	65.000000
800422	800423	66.000000
800423	800425	65.000000
800425	800426	63.000000
800426	800427	62.000000
800427	800428	61.000000
800428	800432	62.000000
800432	800433	61.000000
800433	800435	62.000000
800435	800437	63.000000
800437	800438	66.000000
800438	800440	67.000000
800440	800442	68.000000
800442	800443	69.000000
800443	800444	68.000000
800444	800445	70.000000
800445	800446	69.000000
800446	800447	68.000000
800447	800448	69.000000
800448	800449	70.000000
800449	800450	69.000000
800450	800451	70.000000
800451	800454	69.000000
800454	800455	68.000000
800455	800458	69.000000
800458	800459	71.000000
800459	800460	68.000000
800460	800463	66.000000
800463	800464	65.000000
800464	800465	66.000000
800465	800466	67.000000
800466	800467	66.000000
800467	800469	67.000000
800469	800470	69.000000
800470	800472	71.000000
800472	800473	73.000000
800473	800474	75.000000
800474	800475	76.000000
800475	800476	75.000000
800476	800478	74.000000
800478	800480	72.000000
800480	800482	75.000000
800482	800483	77.000000
800483	800485	75.000000
800485	800487	77.000000
800487	800488	78.000000
800488	800492	77.000000
800492	800493	75.000000
800493	800494	77.000000
800494	800495	76.000000
800495	800497	75.000000
800497	800499	76.000000
800499	800500	77.000000
800500	800501	75.000000
800501	800503	74.000000
800503	800505	73.000000
800505	800507	72.000000
800507	800508	71.000000
800508	800510	70.000000
800510	800511	69.000000
800511	800512	68.000000
800512	800513	67.000000
800513	800514	66.000000
800514	800515	64.000000
800515	800519	65.000000
800519	800520	64.000000
800520	800522	65.000000
800522	800526	64.000000
800526	800528	65.000000
800528	800529	66.000000
800529	800533	67.000000
800533	800534	66.000000
800534	800535	64.000000
800535	800536	63.000000
800536	800537	64.000000
800537	800538	61.000000
800538	800540	60.000000
800540	800541	59.000000
800541	800542	60.000000
800542	800544	59.000000
800544	800545	58.000000
800545	800547	61.000000
800547	800552	60.000000
800552	800555	61.000000
800555	800558	62.000000
800558	800559	61.000000
800559	800560	62.000000
800560	800561	61.000000
800561	800562	62.000000
800562	800563	61.000000
800563	800564	62.000000
800564	800565	61.000000
800565	800568	62.000000
800568	800569	63.000000
800569	800570	61.000000
800570	800571	59.000000
800571	800572	60.000000
800572	800573	58.000000
800573	800574	57.000000
800574	800577	56.000000
800577	800580	55.000000
800580	800581	52.000000
800581	800582	54.000000
800582	800583	53.000000
800583	800584	54.000000
800584	800586	53.000000
800586	800589	54.000000
800589	800591	53.000000
800591	800592	55.000000
800592	800593	58.000000
800593	800594	56.000000
800594	800597	57.000000
800597	800599	55.000000
800599	800602	54.000000
800602	800607	53.000000
800607	800608	54.000000
800608	800609	55.000000
800609	800610	54.000000
800610	800611	55.000000
800611	800612	56.000000
800612	800613	57.000000
800613	800615	58.000000
800615	800618	57.000000
800618	800622	56.000000
800622	800624	57.000000
800624	800625	59.000000
800625	800628	60.000000
800628	800629	59.000000
800629	800632	58.000000
800632	800638	59.000000
800638	800640	60.000000
800640	800641	61.000000
800641	800642	60.000000
800642	800643	61.000000
800643	800645	63.000000
800645	800646	61.000000
800646	800649	63.000000
800649	800652	65.000000
800652	800653	64.000000
800653	800655	65.000000
800655	800657	63.000000
800657	800658	62.000000
800658	800659	61.000000
800659	800661	60.000000
800661	800664	59.000000
800664	800665	60.000000
800665	800667	58.000000
800667	800671	59.000000
800671	800673	58.000000
800673	800674	57.000000
800674	800676	58.000000
800676	800681	57.000000
800681	800682	55.000000
800682	800683	54.000000
800683	800685	55.000000
800685	800688	53.000000
800688	800690	52.000000
800690	800691	51.000000
800691	800692	49.000000
800692	800693	48.000000
800693	800695	49.000000
800695	800697	50.000000
800697	800698	49.000000
800698	800702	48.000000
800702	800703	50.000000
800703	800707	51.000000
800707	800708	52.000000
800708	800710	51.000000
800710	800712	50.000000
800712	800713	49.000000
800713	800715	48.000000
800715	800721	47.000000
800721	800722	48.000000
800722	800724	47.000000
800724	800725	45.000000
800725	800726	44.000000
800726	800729	43.000000
800729	800730	44.000000
800730	800732	45.000000
800732	800733	44.000000
800733	800736	45.000000
800736	800738	44.000000
800738	800739	43.000000
800739	800740	44.000000
800740	800743	45.000000
800743	800745	44.000000
800745	800746	43.000000
800746	800748	42.000000
800748	800749	41.000000
800749	800750	39.000000
800750	800752	40.000000
800752	800753	41.000000
800753	800754	40.000000
800754	800755	42.000000
800755	800760	44.000000
800760	800761	45.000000
800761	800763	44.000000
800763	800764	43.000000
800764	800766	42.000000
800766	800767	43.000000
800767	800768	41.000000
800768	800769	42.000000
800769	800770	43.000000
800770	800772	45.000000
800772	800778	46.000000
800778	800779	47.000000
800779	800780	48.000000
800780	800782	49.000000
800782	800783	50.000000
800783	800784	48.000000
800784	800786	49.000000
800786	800788	50.000000
800788	800790	52.000000
800790	800792	53.000000
800792	800793	52.000000
800793	800794	53.000000
800794	800796	52.000000
800796	800797	53.000000
800797	800799	52.000000
800799	800800	53.000000
800800	800802	55.000000
800802	800803	53.000000
800803	800804	52.000000
800804	800807	51.000000
800807	800809	50.000000
800809	800811	51.000000
800811	800813	50.000000
800813	800814	51.000000
800814	800816	53.000000
800816	800821	54.000000
800821	800824	53.000000
800824	800825	54.000000
800825	800826	56.000000
800826	800827	57.000000
800827	800828	58.000000
800828	800830	57.000000
800830	800832	56.000000
800832	800833	57.000000
800833	800836	56.000000
800836	800838	57.000000
800838	800839	58.000000
800839	800840	57.000000
800840	800842	55.000000
800842	800843	54.000000
800843	800845	53.000000
800845	800846	54.000000
800846	800847	53.000000
800847	800850	54.000000
800850	800851	53.000000
800851	800855	54.000000
800855	800860	52.000000
800860	800865	51.000000
800865	800866	53.000000
800866	800867	52.000000
800867	800868	53.000000
800868	800870	52.000000
800870	800872	51.000000
800872	800876	50.000000
800876	800877	52.000000
800877	800878	53.000000
800878	800879	52.000000
800879	800882	51.000000
800882	800883	50.000000
800883	800884	52.000000
800884	800886	51.000000
800886	800887	49.000000
800887	800888	48.000000
800888	800890	46.000000
800890	800893	45.000000
800893	800894	43.000000
800894	800895	44.000000
800895	800897	43.000000
800897	800899	44.000000
800899	800900	43.000000
800900	800901	42.000000
800901	800902	43.000000
800902	800903	44.000000
800903	800907	45.000000
800907	800909	44.000000
800909	800910	45.000000
800910	800913	46.000000
800913	800914	45.000000
800914	800916	44.000000
800916	800917	43.000000
800917	800919	45.000000
800919	800920	47.000000
800920	800922	48.000000
800922	800923	49.000000
800923	800925	50.000000
800925	800927	48.000000
800927	800928	49.000000
800928	800929	50.000000
800929	800932	49.000000
800932	800934	48.000000
800934	800935	50.000000
800935	800942	51.000000
800942	800944	52.000000
800944	800945	51.000000
800945	800946	50.000000
800946	800947	52.000000
800947	800950	51.000000
800950	800951	50.000000
800951	800952	51.000000
800952	800954	50.000000
800954	800956	48.000000
800956	800958	49.000000
800958	800959	50.000000
800959	800965	51.000000
800965	800967	49.000000
800967	800968	48.000000
800968	800969	47.000000
800969	800970	46.000000
800970	800971	45.000000
800971	800972	46.000000
800972	800974	47.000000
800974	800976	46.000000
800976	800977	45.000000
800977	800980	44.000000
800980	800983	43.000000
800983	800986	41.000000
800986	800987	42.000000
800987	800988	43.000000
800988	800990	45.000000
800990	800991	46.000000
800991	800992	47.000000
800992	800994	48.000000
800994	800995	47.000000
800995	800996	49.000000
800996	800997	48.000000
800997	800998	47.000000
800998	801000	48.000000
801000	801001	47.000000
801001	801002	46.000000
801002	801004	45.000000
801004	801006	46.000000
801006	801008	48.000000
801008	801009	49.000000
801009	801010	47.000000
801010	801013	46.000000
801013	801014	48.000000
801014	801016	50.000000
801016	801017	51.000000
801017	801019	49.000000
801019	801020	47.000000
801020	801024	45.000000
801024	801026	44.000000
801026	801027	43.000000
801027	801030	41.000000
801030	801032	42.000000
801032	801034	43.000000
801034	801035	42.000000
801035	801038	43.000000
801038	801039	42.000000
801039	801040	43.000000
801040	801041	44.000000
801041	801042	45.000000
801042	801044	44.000000
801044	801045	45.000000
801045	801046	46.000000
801046	801047	44.000000
801047	801049	45.000000
801049	801051	46.000000
801051	801052	44.000000
801052	801053	45.000000
801053	801054	46.000000
801054	801062	47.000000
801062	801064	48.000000
801064	801065	49.000000
801065	801069	50.000000
801069	801070	52.000000
801070	801071	53.000000
801071	801072	52.000000
801072	801074	51.000000
801074	801076	52.000000
801076	801077	51.000000
801077	801079	52.000000
801079	801080	53.000000
801080	801081	54.000000
801081	801082	56.000000
801082	801083	57.000000
801083	801084	58.000000
801084	801087	61.000000
801087	801088	60.000000
801088	801090	59.000000
801090	801092	58.000000
801092	801095	57.000000
801095	801096	56.000000
801096	801104	57.000000
801104	801106	56.000000
801106	801109	55.000000
801109	801110	56.000000
801110	801111	58.000000
801111	801112	59.000000
801112	801113	61.000000
801113	801114	59.000000
801114	801115	57.000000
801115	801119	58.000000
801119	801122	59.000000
801122	801123	58.000000
801123	801124	57.000000
801124	801126	58.000000
801126	801128	60.000000
801128	801133	59.000000
801133	801134	61.000000
801134	801135	60.000000
801135	801136	58.000000
801136	801137	57.000000
801137	801139	59.000000
801139	801140	58.000000
801140	801141	57.000000
801141	801144	56.000000
801144	801147	55.000000
801147	801148	54.000000
801148	801149	55.000000
801149	801153	54.000000
801153	801158	53.000000
801158	801159	52.000000
801159	801162	51.000000
801162	801163	50.000000
801163	801164	52.000000
801164	801165	51.000000
801165	801168	50.000000
801168	801169	51.000000
801169	801170	50.000000
801170	801171	49.000000
801171	801176	50.000000
801176	801179	52.000000
801179	801181	53.000000
801181	801182	51.000000
801182	801184	52.000000
801184	801185	49.000000
801185	801186	50.000000
801186	801188	51.000000
801188	801190	50.000000
801190	801191	51.000000
801191	801192	50.000000
801192	801197	49.000000
801197	801198	50.000000
801198	801201	49.000000
801201	801203	50.000000
801203	801205	49.000000
801205	801210	50.000000
801210	801212	49.000000
801212	801213	47.000000
801213	801214	49.000000
801214	801215	48.000000
801215	801218	47.000000
801218	801219	48.000000
801219	801220	47.000000
801220	801221	48.000000
801221	801223	49.000000
801223	801224	50.000000
801224	801225	49.000000
801225	801226	50.000000
801226	801227	49.000000
801227	801229	51.000000
801229	801230	52.000000
801230	801232	51.000000
801232	801233	50.000000
801233	801236	48.000000
801236	801237	49.000000
801237	801238	48.000000
801238	801239	49.000000
801239	801241	50.000000
801241	801242	51.000000
801242	801243	52.000000
801243	801244	53.000000
801244	801249	54.000000
801249	801250	55.000000
801250	801254	56.000000
801254	801256	55.000000
801256	801257	54.000000
801257	801258	55.000000
801258	801261	56.000000
801261	801263	57.000000
801263	801264	55.000000
801264	801265	56.000000
801265	801267	57.000000
801267	801268	59.000000
801268	801269	60.000000
801269	801271	59.000000
801271	801274	60.000000
801274	801276	61.000000
801276	801277	60.000000
801277	801279	64.000000
801279	801280	62.000000
801280	801281	61.000000
801281	801282	62.000000
801282	801286	61.000000
801286	801288	59.000000
801288	801291	61.000000
801291	801295	64.000000
801295	801296	63.000000
801296	801297	62.000000
801297	801298	61.000000
801298	801304	62.000000
801304	801305	63.000000
801305	801306	62.000000
801306	801307	61.000000
801307	801308	62.000000
801308	801309	61.000000
801309	801310	60.000000
801310	801312	59.000000
801312	801313	60.000000
801313	801315	58.000000
801315	801318	59.000000
801318	801322	58.000000
801322	801323	59.000000
801323	801326	58.000000
801326	801327	57.000000
801327	801328	55.000000
801328	801329	56.000000
801329	801331	55.000000
801331	801332	56.000000
801332	801333	57.000000
801333	801334	58.000000
801334	801336	59.000000
801336	801337	62.000000
801337	801338	61.000000
801338	801339	60.000000
801339	801340	59.000000
801340	801341	60.000000
801341	801342	59.000000
801342	801343	58.000000
801343	801344	57.000000
801344	801347	56.000000
801347	801348	58.000000
801348	801349	57.000000
801349	801351	56.000000
801351	801352	58.000000
801352	801353	57.000000
801353	801354	58.000000
801354	801358	59.000000
801358	801359	58.000000
801359	801360	59.000000
801360	801361	60.000000
801361	801363	59.000000
801363	801367	60.000000
801367	801368	58.000000
801368	801369	60.000000
801369	801371	62.000000
801371	801373	60.000000
801373	801377	62.000000
801377	801381	58.000000
801381	801382	60.000000
801382	801383	59.000000
801383	801384	58.000000
801384	801388	59.000000
801388	801391	57.000000
801391	801396	54.000000
801396	801398	55.000000
801398	801399	54.000000
801399	801400	55.000000
801400	801405	56.000000
801405	801407	57.000000
801407	801410	56.000000
801410	801411	58.000000
801411	801413	57.000000
801413	801414	58.000000
801414	801415	59.000000
801415	801416	58.000000
801416	801420	59.000000
801420	801421	58.000000
801421	801422	57.000000
801422	801425	56.000000
801425	801426	55.000000
801426	801429	56.000000
801429	801431	57.000000
801431	801432	56.000000
801432	801433	55.000000
801433	801434	54.000000
801434	801435	53.000000
801435	801436	54.000000
801436	801438	50.000000
801438	801440	51.000000
801440	801442	50.000000
801442	801444	51.000000
801444	801445	53.000000
801445	801447	52.000000
801447	801449	50.000000
801449	801450	51.000000
801450	801451	50.000000
801451	801452	48.000000
801452	801453	49.000000
801453	801454	48.000000
801454	801455	50.000000
801455	801458	51.000000
801458	801459	52.000000
801459	801460	53.000000
801460	801461	52.000000
801461	801462	54.000000
801462	801463	56.000000
801463	801464	55.000000
801464	801465	54.000000
801465	801468	53.000000
801468	801469	49.000000
801469	801473	48.000000
801473	801475	46.000000
801475	801477	48.000000
801477	801479	47.000000
801479	801481	48.000000
801481	801482	46.000000
801482	801483	47.000000
801483	801484	48.000000
801484	801485	47.000000
801485	801487	46.000000
801487	801490	47.000000
801490	801491	46.000000
801491	801493	47.000000
801493	801498	48.000000
801498	801499	50.000000
801499	801500	51.000000
801500	801501	50.000000
801501	801503	49.000000
801503	801504	50.000000
801504	801505	49.000000
801505	801507	48.000000
801507	801509	51.000000
801509	801510	52.000000
801510	801511	50.000000
801511	801514	51.000000
801514	801516	50.000000
801516	801520	49.000000
801520	801521	50.000000
801521	801526	52.000000
801526	801527	51.000000
801527	801528	52.000000
801528	801529	51.000000
801529	801533	50.000000
801533	801542	51.000000
801542	801544	50.000000
801544	801545	48.000000
801545	801548	49.000000
801548	801549	50.000000
801549	801554	49.000000
801554	801555	46.000000
801555	801558	45.000000
801558	801559	44.000000
801559	801560	42.000000
801560	801561	43.000000
801561	801562	41.000000
801562	801564	39.000000
801564	801567	40.000000
801567	801568	42.000000
801568	801571	43.000000
801571	801574	44.000000
801574	801575	43.000000
801575	801578	41.000000
801578	801579	43.000000
801579	801582	42.000000
801582	801586	41.000000
801586	801587	42.000000
801587	801588	41.000000
801588	801590	42.000000
801590	801592	43.000000
801592	801594	44.000000
801594	801595	45.000000
801595	801596	46.000000
801596	801597	45.000000
801597	801598	46.000000
801598	801599	44.000000
801599	801603	43.000000
801603	801604	42.000000
801604	801606	44.000000
801606	801607	45.000000
801607	801609	44.000000
801609	801610	43.000000
801610	801611	44.000000
801611	801612	43.000000
801612	801613	42.000000
801613	801615	41.000000
801615	801617	44.000000
801617	801620	45.000000
801620	801621	44.000000
801621	801622	43.000000
801622	801623	44.000000
801623	801627	45.000000
801627	801628	44.000000
801628	801630	45.000000
801630	801633	46.000000
801633	801635	45.000000
801635	801638	46.000000
801638	801639	45.000000
801639	801640	46.000000
801640	801643	47.000000
801643	801645	48.000000
801645	801647	47.000000
801647	801650	48.000000
801650	801652	51.000000
801652	801655	50.000000
801655	801657	51.000000
801657	801660	52.000000
801660	801661	51.000000
801661	801662	52.000000
801662	801663	54.000000
801663	801664	56.000000
801664	801665	55.000000
801665	801667	56.000000
801667	801669	54.000000
801669	801673	53.000000
801673	801675	54.000000
801675	801678	58.000000
801678	801679	57.000000
801679	801680	58.000000
801680	801681	59.000000
801681	801684	58.000000
801684	801686	60.000000
801686	801687	59.000000
801687	801688	60.000000
801688	801689	59.000000
801689	801692	60.000000
801692	801693	59.000000
801693	801694	58.000000
801694	801697	57.000000
801697	801698	56.000000
801698	801699	57.000000
801699	801701	56.000000
801701	801704	58.000000
801704	801706	56.000000
801706	801707	55.000000
801707	801710	53.000000
801710	801713	55.000000
801713	801715	56.000000
801715	801716	53.000000
801716	801717	52.000000
801717	801718	51.000000
801718	801719	52.000000
801719	801721	53.000000
801721	801723	52.000000
801723	801728	53.000000
801728	801730	52.000000
801730	801732	51.000000
801732	801733	52.000000
801733	801735	53.000000
801735	801737	51.000000
801737	801738	52.000000
801738	801739	53.000000
801739	801741	54.000000
801741	801743	55.000000
801743	801747	54.000000
801747	801748	53.000000
801748	801749	52.000000
801749	801750	53.000000
801750	801751	52.000000
801751	801754	53.000000
801754	801755	54.000000
801755	801757	53.000000
801757	801758	51.000000
801758	801759	52.000000
801759	801761	53.000000
801761	801762	52.000000
801762	801763	50.000000
801763	801765	48.000000
801765	801767	47.000000
801767	801772	48.000000
801772	801773	50.000000
801773	801775	49.000000
801775	801776	45.000000
801776	801777	44.000000
801777	801778	45.000000
801778	801779	44.000000
801779	801780	43.000000
801780	801782	42.000000
801782	801783	43.000000
801783	801784	42.000000
801784	801787	40.000000
801787	801788	39.000000
801788	801789	40.000000
801789	801790	39.000000
801790	801791	40.000000
801791	801798	39.000000
801798	801799	38.000000
801799	801801	39.000000
801801	801802	37.000000
801802	801803	38.000000
801803	801810	39.000000
801810	801813	36.000000
801813	801814	35.000000
801814	801818	36.000000
801818	801819	35.000000
801819	801820	37.000000
801820	801821	38.000000
801821	801822	39.000000
801822	801826	38.000000
801826	801827	39.000000
801827	801828	40.000000
801828	801830	41.000000
801830	801832	42.000000
801832	801833	41.000000
801833	801837	40.000000
801837	801839	39.000000
801839	801840	38.000000
801840	801841	37.000000
801841	801842	36.000000
801842	801845	37.000000
801845	801847	38.000000
801847	801850	39.000000
801850	801851	37.000000
801851	801854	36.000000
801854	801858	35.000000
801858	801859	34.000000
801859	801862	33.000000
801862	801867	34.000000
801867	801870	33.000000
801870	801871	34.000000
801871	801872	33.000000
801872	801875	31.000000
801875	801876	32.000000
801876	801877	33.000000
801877	801879	34.000000
801879	801881	35.000000
801881	801882	36.000000
801882	801883	35.000000
801883	801888	36.000000
801888	801889	35.000000
801889	801890	36.000000
801890	801893	35.000000
801893	801894	36.000000
801894	801895	37.000000
801895	801896	36.000000
801896	801900	37.000000
801900	801903	39.000000
801903	801904	40.000000
801904	801905	41.000000
801905	801906	42.000000
801906	801910	43.000000
801910	801912	45.000000
801912	801914	46.000000
801914	801919	45.000000
801919	801921	42.000000
801921	801922	41.000000
801922	801923	44.000000
801923	801924	42.000000
801924	801925	43.000000
801925	801926	44.000000
801926	801927	43.000000
801927	801928	42.000000
801928	801930	41.000000
801930	801933	40.000000
801933	801934	41.000000
801934	801937	42.000000
801937	801938	44.000000
801938	801939	43.000000
801939	801940	42.000000
801940	801944	43.000000
801944	801945	45.000000
801945	801947	46.000000
801947	801950	45.000000
801950	801953	46.000000
801953	801954	47.000000
801954	801957	50.000000
801957	801959	51.000000
801959	801960	52.000000
801960	801962	53.000000
801962	801967	52.000000
801967	801968	53.000000
801968	801970	52.000000
801970	801974	51.000000
801974	801975	50.000000
801975	801976	49.000000
801976	801977	48.000000
801977	801978	46.000000
801978	801980	48.000000
801980	801982	49.000000
801982	801989	50.000000
801989	801991	49.000000
801991	801993	50.000000
801993	801994	49.000000
801994	801995	48.000000
801995	801996	49.000000
801996	802000	48.000000
802000	802002	46.000000
802002	802003	45.000000
802003	802004	44.000000
802004	802006	43.000000
802006	802007	44.000000
802007	802009	46.000000
802009	802010	47.000000
802010	802012	45.000000
802012	802016	44.000000
802016	802018	45.000000
802018	802022	48.000000
802022	802024	45.000000
802024	802025	44.000000
802025	802027	43.000000
802027	802028	44.000000
802028	802030	46.000000
802030	802032	47.000000
802032	802036	48.000000
802036	802038	49.000000
802038	802039	50.000000
802039	802040	51.000000
802040	802041	50.000000
802041	802042	51.000000
802042	802043	50.000000
802043	802045	51.000000
802045	802049	50.000000
802049	802050	49.000000
802050	802052	48.000000
802052	802053	49.000000
802053	802054	48.000000
802054	802056	46.000000
802056	802057	47.000000
802057	802058	46.000000
802058	802059	47.000000
802059	802060	46.000000
802060	802061	45.000000
802061	802063	46.000000
802063	802064	47.000000
802064	802065	48.000000
802065	802067	49.000000
802067	802073	48.000000
802073	802074	49.000000
802074	802076	50.000000
802076	802077	51.000000
802077	802078	52.000000
802078	802081	50.000000
802081	802083	49.000000
802083	802084	48.000000
802084	802085	49.000000
802085	802091	50.000000
802091	802092	49.000000
802092	802095	50.000000
802095	802102	49.000000
802102	802104	50.000000
802104	802105	51.000000
802105	802106	50.000000
802106	802107	48.000000
802107	802109	46.000000
802109	802111	45.000000
802111	802115	46.000000
802115	802116	47.000000
802116	802118	46.000000
802118	802122	43.000000
802122	802127	45.000000
802127	802128	44.000000
802128	802130	43.000000
802130	802132	44.000000
802132	802133	43.000000
802133	802134	42.000000
802134	802135	41.000000
802135	802136	42.000000
802136	802137	41.000000
802137	802138	40.000000
802138	802139	39.000000
802139	802140	38.000000
802140	802141	39.000000
802141	802142	40.000000
802142	802143	41.000000
802143	802144	40.000000
802144	802145	38.000000
802145	802149	37.000000
802149	802152	38.000000
802152	802154	37.000000
802154	802155	36.000000
802155	802156	37.000000
802156	802159	36.000000
802159	802160	37.000000
802160	802161	39.000000
802161	802164	38.000000
802164	802165	37.000000
802165	802166	36.000000
802166	802173	37.000000
802173	802178	36.000000
802178	802179	37.000000
802179	802180	36.000000
802180	802182	35.000000
802182	802184	34.000000
802184	802185	33.000000
802185	802186	32.000000
802186	802190	34.000000
802190	802192	35.000000
802192	802195	34.000000
802195	802199	35.000000
802199	802200	34.000000
802200	802204	35.000000
802204	802209	34.000000
802209	802211	36.000000
802211	802212	35.000000
802212	802213	36.000000
802213	802215	37.000000
802215	802220	36.000000
802220	802222	35.000000
802222	802226	34.000000
802226	802227	36.000000
802227	802228	37.000000
802228	802230	36.000000
802230	802231	35.000000
802231	802235	36.000000
802235	802240	35.000000
802240	802241	34.000000
802241	802242	32.000000
802242	802243	31.000000
802243	802245	33.000000
802245	802247	34.000000
802247	802249	35.000000
802249	802250	34.000000
802250	802251	35.000000
802251	802252	36.000000
802252	802253	37.000000
802253	802254	39.000000
802254	802255	41.000000
802255	802256	40.000000
802256	802258	41.000000
802258	802259	40.000000
802259	802260	39.000000
802260	802261	38.000000
802261	802263	39.000000
802263	802264	38.000000
802264	802265	39.000000
802265	802266	41.000000
802266	802268	42.000000
802268	802269	43.000000
802269	802271	44.000000
802271	802273	45.000000
802273	802276	47.000000
802276	802277	46.000000
802277	802278	45.000000
802278	802281	44.000000
802281	802286	45.000000
802286	802289	43.000000
802289	802290	44.000000
802290	802295	42.000000
802295	802297	41.000000
802297	802299	43.000000
802299	802302	44.000000
802302	802305	43.000000
802305	802309	44.000000
802309	802310	43.000000
802310	802313	44.000000
802313	802315	43.000000
802315	802316	44.000000
802316	802317	46.000000
802317	802318	48.000000
802318	802319	49.000000
802319	802321	50.000000
802321	802322	51.000000
802322	802325	50.000000
802325	802326	51.000000
802326	802327	49.000000
802327	802328	48.000000
802328	802331	49.000000
802331	802335	48.000000
802335	802336	49.000000
802336	802337	50.000000
802337	802338	49.000000
802338	802340	50.000000
802340	802343	52.000000
802343	802345	50.000000
802345	802347	49.000000
802347	802349	48.000000
802349	802350	49.000000
802350	802351	48.000000
802351	802353	47.000000
802353	802355	45.000000
802355	802360	46.000000
802360	802364	45.000000
802364	802365	44.000000
802365	802366	42.000000
802366	802368	40.000000
802368	802369	39.000000
802369	802371	38.000000
802371	802374	37.000000
802374	802376	36.000000
802376	802378	37.000000
802378	802381	38.000000
802381	802384	37.000000
802384	802386	38.000000
802386	802389	39.000000
802389	802390	38.000000
802390	802392	39.000000
802392	802393	40.000000
802393	802395	41.000000
802395	802396	42.000000
802396	802397	43.000000
802397	802398	41.000000
802398	802401	42.000000
802401	802402	43.000000
802402	802403	44.000000
802403	802404	43.000000
802404	802405	44.000000
802405	802406	43.000000
802406	802407	44.000000
802407	802409	45.000000
802409	802410	44.000000
802410	802411	43.000000
802411	802412	45.000000
802412	802413	44.000000
802413	802415	45.000000
802415	802416	44.000000
802416	802417	43.000000
802417	802418	41.000000
802418	802420	40.000000
802420	802421	42.000000
802421	802422	41.000000
802422	802424	42.000000
802424	802425	44.000000
802425	802427	46.000000
802427	802428	48.000000
802428	802429	47.000000
802429	802430	48.000000
802430	802431	47.000000
802431	802432	48.000000
802432	802433	49.000000
802433	802434	50.000000
802434	802435	51.000000
802435	802439	50.000000
802439	802440	51.000000
802440	802441	49.000000
802441	802446	50.000000
802446	802449	51.000000
802449	802454	50.000000
802454	802455	48.000000
802455	802456	47.000000
802456	802459	46.000000
802459	802461	47.000000
802461	802471	46.000000
802471	802475	47.000000
802475	802478	48.000000
802478	802481	47.000000
802481	802484	49.000000
802484	802487	48.000000
802487	802490	49.000000
802490	802495	48.000000
802495	802496	47.000000
802496	802497	46.000000
802497	802498	47.000000
802498	802499	46.000000
802499	802500	45.000000
802500	802502	44.000000
802502	802504	43.000000
802504	802506	42.000000
802506	802507	41.000000
802507	802511	42.000000
802511	802512	40.000000
802512	802513	41.000000
802513	802514	43.000000
802514	802516	44.000000
802516	802519	43.000000
802519	802520	42.000000
802520	802523	40.000000
802523	802524	41.000000
802524	802525	40.000000
802525	802527	37.000000
802527	802529	36.000000
802529	802531	35.000000
802531	802532	34.000000
802532	802533	33.000000
802533	802534	32.000000
802534	802538	31.000000
802538	802542	30.000000
802542	802546	31.000000
802546	802554	30.000000
802554	802559	31.000000
802559	802565	30.000000
802565	802566	31.000000
802566	802569	32.000000
802569	802575	33.000000
802575	802576	32.000000
802576	802581	31.000000
802581	802587	29.000000
802587	802592	28.000000
802592	802593	27.000000
802593	802594	26.000000
802594	802599	27.000000
802599	802601	29.000000
802601	802606	28.000000
802606	802607	29.000000
802607	802608	28.000000
802608	802612	29.000000
802612	802613	28.000000
802613	802616	27.000000
802616	802621	28.000000
802621	802622	29.000000
802622	802624	28.000000
802624	802625	27.000000
802625	802627	31.000000
802627	802630	30.000000
802630	802631	32.000000
802631	802638	33.000000
802638	802639	34.000000
802639	802640	33.000000
802640	802641	34.000000
802641	802642	33.000000
802642	802647	32.000000
802647	802654	33.000000
802654	802657	32.000000
802657	802658	33.000000
802658	802659	34.000000
802659	802665	35.000000
802665	802666	34.000000
802666	802668	33.000000
802668	802669	34.000000
802669	802670	33.000000
802670	802673	34.000000
802673	802677	33.000000
802677	802680	34.000000
802680	802681	35.000000
802681	802683	36.000000
802683	802684	37.000000
802684	802686	38.000000
802686	802690	37.000000
802690	802692	40.000000
802692	802694	42.000000
802694	802696	41.000000
802696	802697	43.000000
802697	802699	42.000000
802699	802702	40.000000
802702	802704	41.000000
802704	802708	42.000000
802708	802709	41.000000
802709	802711	42.000000
802711	802712	43.000000
802712	802713	44.000000
802713	802716	43.000000
802716	802718	42.000000
802718	802720	43.000000
802720	802722	44.000000
802722	802723	45.000000
802723	802725	44.000000
802725	802727	41.000000
802727	802728	42.000000
802728	802730	43.000000
802730	802736	41.000000
802736	802737	40.000000
802737	802739	43.000000
802739	802740	44.000000
802740	802741	43.000000
802741	802746	44.000000
802746	802747	45.000000
802747	802750	44.000000
802750	802752	45.000000
802752	802754	44.000000
802754	802757	45.000000
802757	802758	44.000000
802758	802763	43.000000
802763	802764	44.000000
802764	802768	45.000000
802768	802769	44.000000
802769	802771	45.000000
802771	802773	46.000000
802773	802774	45.000000
802774	802775	46.000000
802775	802776	47.000000
802776	802777	48.000000
802777	802778	47.000000
802778	802780	48.000000
802780	802781	47.000000
802781	802783	46.000000
802783	802784	45.000000
802784	802789	44.000000
802789	802790	45.000000
802790	802792	42.000000
802792	802795	40.000000
802795	802796	42.000000
802796	802797	40.000000
802797	802799	41.000000
802799	802802	42.000000
802802	802804	41.000000
802804	802806	40.000000
802806	802807	39.000000
802807	802808	38.000000
802808	802811	39.000000
802811	802812	38.000000
802812	802813	37.000000
802813	802814	36.000000
802814	802821	35.000000
802821	802822	34.000000
802822	802824	33.000000
802824	802825	34.000000
802825	802827	33.000000
802827	802828	32.000000
802828	802831	31.000000
802831	802834	30.000000
802834	802837	31.000000
802837	802838	28.000000
802838	802839	27.000000
802839	802841	26.000000
802841	802842	25.000000
802842	802845	27.000000
802845	802846	28.000000
802846	802847	27.000000
802847	802854	29.000000
802854	802855	28.000000
802855	802857	29.000000
802857	802858	30.000000
802858	802859	31.000000
802859	802860	30.000000
802860	802862	31.000000
802862	802864	32.000000
802864	802869	31.000000
802869	802870	30.000000
802870	802871	29.000000
802871	802875	27.000000
802875	802878	26.000000
802878	802886	25.000000
802886	802891	26.000000
802891	802892	27.000000
802892	802893	28.000000
802893	802895	29.000000
802895	802897	27.000000
802897	802899	26.000000
802899	802901	25.000000
802901	802908	26.000000
802908	802909	25.000000
802909	802914	26.000000
802914	802915	27.000000
802915	802917	28.000000
802917	802918	29.000000
802918	802924	28.000000
802924	802925	27.000000
802925	802926	28.000000
802926	802929	29.000000
802929	802930	30.000000
802930	802932	31.000000
802932	802934	32.000000
802934	802940	31.000000
802940	802942	32.000000
802942	802944	30.000000
802944	802945	31.000000
802945	802946	30.000000
802946	802947	31.000000
802947	802950	30.000000
802950	802952	29.000000
802952	802954	30.000000
802954	802958	32.000000
802958	802960	31.000000
802960	802962	30.000000
802962	802972	29.000000
802972	802974	30.000000
802974	802975	29.000000
802975	802976	30.000000
802976	802977	29.000000
802977	802978	30.000000
802978	802982	31.000000
802982	802988	32.000000
802988	802991	34.000000
802991	802992	33.000000
802992	802993	32.000000
802993	802994	31.000000
802994	803001	32.000000
803001	803002	31.000000
803002	803006	32.000000
803006	803009	33.000000
803009	803010	31.000000
803010	803011	32.000000
803011	803012	33.000000
803012	803014	34.000000
803014	803015	33.000000
803015	803017	32.000000
803017	803020	31.000000
803020	803023	30.000000
803023	803024	31.000000
803024	803026	32.000000
803026	803029	31.000000
803029	803030	30.000000
803030	803032	29.000000
803032	803041	28.000000
803041	803042	29.000000
803042	803044	30.000000
803044	803046	29.000000
803046	803047	28.000000
803047	803052	27.000000
803052	803054	26.000000
803054	803055	24.000000
803055	803056	23.000000
803056	803057	24.000000
803057	803060	23.000000
803060	803062	24.000000
803062	803063	27.000000
803063	803066	26.000000
803066	803067	27.000000
803067	803068	29.000000
803068	803069	30.000000
803069	803072	31.000000
803072	803075	30.000000
803075	803076	29.000000
803076	803077	30.000000
803077	803078	29.000000
803078	803079	28.000000
803079	803082	29.000000
803082	803083	28.000000
803083	803086	29.000000
803086	803088	28.000000
803088	803089	26.000000
803089	803091	25.000000
803091	803093	26.000000
803093	803094	27.000000
803094	803096	26.000000
803096	803097	27.000000
803097	803100	28.000000
803100	803101	29.000000
803101	803102	31.000000
803102	803103	30.000000
803103	803104	32.000000
803104	803106	33.000000
803106	803112	32.000000
803112	803122	31.000000
803122	803124	33.000000
803124	803127	32.000000
803127	803128	33.000000
803128	803139	34.000000
803139	803140	35.000000
803140	803141	34.000000
803141	803142	33.000000
803142	803144	32.000000
803144	803156	33.000000
803156	803162	32.000000
803162	803166	29.000000
803166	803167	28.000000
803167	803168	26.000000
803168	803169	25.000000
803169	803170	24.000000
803170	803176	25.000000
803176	803177	24.000000
803177	803179	25.000000
803179	803180	24.000000
803180	803186	25.000000
803186	803188	26.000000
803188	803193	27.000000
803193	803195	26.000000
803195	803196	27.000000
803196	803197	26.000000
803197	803200	25.000000
803200	803201	24.000000
803201	803203	22.000000
803203	803204	20.000000
803204	803205	19.000000
803205	803208	20.000000
803208	803211	21.000000
803211	803213	20.000000
803213	803221	21.000000
803221	803222	22.000000
803222	803223	20.000000
803223	803225	19.000000
803225	803227	18.000000
803227	803228	17.000000
803228	803229	16.000000
803229	803233	17.000000
803233	803234	18.000000
803234	803239	19.000000
803239	803243	18.000000
803243	803244	19.000000
803244	803247	18.000000
803247	803252	19.000000
803252	803259	20.000000
803259	803260	21.000000
803260	803266	20.000000
803266	803267	21.000000
803267	803268	22.000000
803268	803269	23.000000
803269	803270	24.000000
803270	803280	23.000000
803280	803283	22.000000
803283	803284	21.000000
803284	803286	22.000000
803286	803291	21.000000
803291	803295	20.000000
803295	803299	19.000000
803299	803301	20.000000
803301	803305	22.000000
803305	803308	21.000000
803308	803310	20.000000
803310	803312	19.000000
803312	803313	20.000000
803313	803315	19.000000
803315	803321	20.000000
803321	803329	19.000000
803329	803333	18.000000
803333	803334	17.000000
803334	803336	16.000000
803336	803337	17.000000
803337	803338	18.000000
803338	803343	19.000000
803343	803347	18.000000
803347	803352	17.000000
803352	803359	16.000000
803359	803365	15.000000
803365	803366	16.000000
803366	803368	15.000000
803368	803369	14.000000
803369	803371	13.000000
803371	803373	14.000000
803373	803374	15.000000
803374	803375	16.000000
803375	803376	17.000000
803376	803377	18.000000
803377	803380	17.000000
803380	803384	18.000000
803384	803387	17.000000
803387	803388	18.000000
803388	803389	17.000000
803389	803390	19.000000
803390	803392	20.000000
803392	803399	21.000000
803399	803401	20.000000
803401	803410	18.000000
803410	803412	20.000000
803412	803415	19.000000
803415	803425	18.000000
803425	803427	19.000000
803427	803428	20.000000
803428	803431	21.000000
803431	803437	22.000000
803437	803448	21.000000
803448	803452	23.000000
803452	803453	24.000000
803453	803454	25.000000
803454	803455	26.000000
803455	803456	28.000000
803456	803465	29.000000
803465	803467	28.000000
803467	803472	27.000000
803472	803473	28.000000
803473	803476	27.000000
803476	803480	26.000000
803480	803481	25.000000
803481	803485	26.000000
803485	803487	27.000000
803487	803489	26.000000
803489	803492	24.000000
803492	803495	23.000000
803495	803498	24.000000
803498	803505	25.000000
803505	803507	26.000000
803507	803508	27.000000
803508	803509	28.000000
803509	803510	29.000000
803510	803513	27.000000
803513	803514	28.000000
803514	803521	29.000000
803521	803522	30.000000
803522	803525	31.000000
803525	803527	30.000000
803527	803528	29.000000
803528	803531	28.000000
803531	803536	27.000000
803536	803538	26.000000
803538	803539	25.000000
803539	803540	26.000000
803540	803548	27.000000
803548	803549	25.000000
803549	803552	26.000000
803552	803553	25.000000
803553	803554	24.000000
803554	803555	23.000000
803555	803556	21.000000
803556	803559	20.000000
803559	803561	22.000000
803561	803562	23.000000
803562	803572	24.000000
803572	803574	23.000000
803574	803575	22.000000
803575	803577	21.000000
803577	803581	22.000000
803581	803582	21.000000
803582	803585	22.000000
803585	803591	21.000000
803591	803593	23.000000
803593	803594	25.000000
803594	803595	26.000000
803595	803598	25.000000
803598	803605	24.000000
803605	803607	23.000000
803607	803608	22.000000
803608	803609	21.000000
803609	803613	20.000000
803613	803614	19.000000
803614	803616	18.000000
803616	803622	19.000000
803622	803631	18.000000
803631	803639	19.000000
803639	803644	18.000000
803644	803648	19.000000
803648	803650	20.000000
803650	803656	21.000000
803656	803657	22.000000
803657	803659	23.000000
803659	803662	21.000000
803662	803669	20.000000
803669	803670	21.000000
803670	803671	22.000000
803671	803677	21.000000
803677	803682	20.000000
803682	803687	19.000000
803687	803690	20.000000
803690	803691	19.000000
803691	803692	17.000000
803692	803693	18.000000
803693	803694	16.000000
803694	803701	15.000000
803701	803703	16.000000
803703	803710	17.000000
803710	803716	18.000000
803716	803717	17.000000
803717	803719	19.000000
803719	803720	20.000000
803720	803721	21.000000
803721	803730	20.000000
803730	803740	21.000000
803740	803741	20.000000
803741	803744	21.000000
803744	803748	20.000000
803748	803749	19.000000
803749	803750	18.000000
803750	803752	17.000000
803752	803757	18.000000
803757	803761	17.000000
803761	803770	16.000000
803770	803774	15.000000
803774	803784	16.000000
803784	803787	17.000000
803787	803788	16.000000
803788	803793	17.000000
803793	803801	18.000000
803801	803804	17.000000
803804	803810	18.000000
803810	803817	17.000000
803817	803819	16.000000
803819	803820	15.000000
803820	803821	14.000000
803821	803822	15.000000
803822	803830	16.000000
803830	803834	15.000000
803834	803835	16.000000
803835	803837	17.000000
803837	803839	19.000000
803839	803841	20.000000
803841	803842	19.000000
803842	803848	20.000000
803848	803852	21.000000
803852	803856	20.000000
803856	803857	19.000000
803857	803859	20.000000
803859	803860	21.000000
803860	803864	22.000000
803864	803866	23.000000
803866	803869	24.000000
803869	803874	23.000000
803874	803877	22.000000
803877	803884	23.000000
803884	803888	22.000000
803888	803889	21.000000
803889	803892	22.000000
803892	803893	21.000000
803893	803899	20.000000
803899	803903	21.000000
803903	803905	20.000000
803905	803906	21.000000
803906	803909	22.000000
803909	803915	23.000000
803915	803917	24.000000
803917	803921	23.000000
803921	803922	22.000000
803922	803927	21.000000
803927	803928	22.000000
803928	803931	24.000000
803931	803933	23.000000
803933	803934	25.000000
803934	803935	24.000000
803935	803937	23.000000
803937	803941	21.000000
803941	803942	22.000000
803942	803947	21.000000
803947	803953	24.000000
803953	803956	25.000000
803956	803958	26.000000
803958	803959	28.000000
803959	803960	27.000000
803960	803963	26.000000
803963	803964	27.000000
803964	803966	26.000000
803966	803976	25.000000
803976	803977	26.000000
803977	803978	25.000000
803978	803983	26.000000
803983	803989	27.000000
803989	803991	26.000000
803991	803999	27.000000
803999	804004	26.000000
804004	804005	25.000000
804005	804006	24.000000
804006	804009	23.000000
804009	804018	22.000000
804018	804027	24.000000
804027	804028	25.000000
804028	804029	24.000000
804029	804033	25.000000
804033	804034	23.000000
804034	804038	24.000000
804038	804041	25.000000
804041	804047	24.000000
804047	804048	21.000000
804048	804050	20.000000
804050	804053	21.000000
804053	804056	20.000000
804056	804057	19.000000
804057	804058	18.000000
804058	804066	16.000000
804066	804069	17.000000
804069	804071	18.000000
804071	804072	19.000000
804072	804076	20.000000
804076	804077	19.000000
804077	804078	20.000000
804078	804081	19.000000
804081	804084	20.000000
804084	804091	21.000000
804091	804093	20.000000
804093	804103	21.000000
804103	804104	22.000000
804104	804115	23.000000
804115	804118	22.000000
804118	804121	20.000000
804121	804126	21.000000
804126	804127	22.000000
804127	804128	20.000000
804128	804129	19.000000
804129	804131	18.000000
804131	804134	19.000000
804134	804137	18.000000
804137	804138	19.000000
804138	804139	18.000000
804139	804141	17.000000
804141	804145	18.000000
804145	804150	19.000000
804150	804162	18.000000
804162	804166	19.000000
804166	804169	18.000000
804169	804171	17.000000
804171	804177	16.000000
804177	804179	15.000000
804179	804180	16.000000
804180	804181	17.000000
804181	804183	16.000000
804183	804184	15.000000
804184	804186	14.000000
804186	804193	16.000000
804193	804195	15.000000
804195	804196	16.000000
804196	804203	17.000000
804203	804204	16.000000
804204	804206	15.000000
804206	804211	16.000000
804211	804212	17.000000
804212	804219	18.000000
804219	804221	19.000000
804221	804226	18.000000
804226	804227	17.000000
804227	804228	19.000000
804228	804231	20.000000
804231	804234	19.000000
804234	804245	20.000000
804245	804257	19.000000
804257	804261	20.000000
804261	804262	21.000000
804262	804263	20.000000
804263	804264	19.000000
804264	804276	20.000000
804276	804279	21.000000
804279	804280	20.000000
804280	804284	19.000000
804284	804286	20.000000
804286	804295	18.000000
804295	804296	17.000000
804296	804300	16.000000
804300	804306	17.000000
804306	804308	16.000000
804308	804311	17.000000
804311	804312	16.000000
804312	804318	15.000000
804318	804320	16.000000
804320	804327	17.000000
804327	804328	15.000000
804328	804337	14.000000
804337	804341	13.000000
804341	804356	12.000000
804356	804357	13.000000
804357	804358	12.000000
804358	804359	13.000000
804359	804361	14.000000
804361	804363	13.000000
804363	804364	14.000000
804364	804369	13.000000
804369	804372	14.000000
804372	804376	13.000000
804376	804383	12.000000
804383	804384	13.000000
804384	804386	12.000000
804386	804387	13.000000
804387	804397	14.000000
804397	804400	15.000000
804400	804405	14.000000
804405	804406	15.000000
804406	804413	16.000000
804413	804418	17.000000
804418	804419	16.000000
804419	804420	15.000000
804420	804424	14.000000
804424	804434	15.000000
804434	804442	14.000000
804442	804446	16.000000
804446	804456	17.000000
804456	804458	16.000000
804458	804459	15.000000
804459	804463	14.000000
804463	804469	13.000000
804469	804471	12.000000
804471	804478	13.000000
804478	804480	14.000000
804480	804481	16.000000
804481	804483	17.000000
804483	804484	16.000000
804484	804485	17.000000
804485	804486	18.000000
804486	804487	17.000000
804487	804492	16.000000
804492	804497	17.000000
804497	804498	16.000000
804498	804501	17.000000
804501	804505	18.000000
804505	804506	17.000000
804506	804507	16.000000
804507	804508	17.000000
804508	804509	16.000000
804509	804513	17.000000
804513	804516	16.000000
804516	804518	17.000000
804518	804524	18.000000
804524	804529	17.000000
804529	804531	18.000000
804531	804533	19.000000
804533	804539	20.000000
804539	804542	21.000000
804542	804546	19.000000
804546	804556	18.000000
804556	804571	19.000000
804571	804577	18.000000
804577	804578	19.000000
804578	804580	18.000000
804580	804581	16.000000
804581	804584	15.000000
804584	804585	14.000000
804585	804592	13.000000
804592	804598	12.000000
804598	804600	11.000000
804600	804601	12.000000
804601	804604	11.000000
804604	804607	12.000000
804607	804608	11.000000
804608	804609	12.000000
804609	804610	11.000000
804610	804614	12.000000
804614	804616	13.000000
804616	804618	12.000000
804618	804629	11.000000
804629	804631	10.000000
804631	804633	9.000000
804633	804644	8.000000
804644	804677	9.000000
804677	804680	8.000000
804680	804682	9.000000
804682	804685	10.000000
804685	804693	11.000000
804693	804704	12.000000
804704	804708	11.000000
804708	804709	10.000000
804709	804710	11.000000
804710	804712	10.000000
804712	804714	11.000000
804714	804719	10.000000
804719	804721	11.000000
804721	804735	12.000000
804735	804736	13.000000
804736	804739	14.000000
804739	804741	13.000000
804741	804744	14.000000
804744	804745	13.000000
804745	804756	14.000000
804756	804757	13.000000
804757	804759	14.000000
804759	804772	15.000000
804772	804780	16.000000
804780	804782	15.000000
804782	804785	14.000000
804785	804797	15.000000
804797	804798	16.000000
804798	804800	17.000000
804800	804804	16.000000
804804	804809	18.000000
804809	804812	17.000000
804812	804819	16.000000
804819	804821	15.000000
804821	804826	14.000000
804826	804835	15.000000
804835	804836	14.000000
804836	804841	13.000000
804841	804845	12.000000
804845	804847	11.000000
804847	804854	12.000000
804854	804857	13.000000
804857	804859	12.000000
804859	804872	11.000000
804872	804874	10.000000
804874	804882	11.000000
804882	804885	12.000000
804885	804893	10.000000
804893	804897	9.000000
804897	804898	8.000000
804898	804904	7.000000
804904	804922	5.000000
804922	804926	7.000000
804926	804935	6.000000
804935	804947	7.000000
804947	804954	6.000000
804954	804962	5.000000
804962	804965	6.000000
804965	804974	7.000000
804974	804977	6.000000
804977	804982	7.000000
804982	805001	6.000000
805001	805013	7.000000
805013	805022	8.000000
805022	805029	6.000000
805029	805035	7.000000
805035	805043	6.000000
805043	805051	7.000000
805051	805062	8.000000
805062	805065	7.000000
805065	805068	6.000000
805068	805077	7.000000
805077	805089	6.000000
805089	805101	7.000000
805101	805103	6.000000
805103	805106	7.000000
805106	805113	8.000000
805113	805120	7.000000
805120	805123	9.000000
805123	805129	10.000000
805129	805136	9.000000
805136	805143	10.000000
805143	805151	9.000000
805151	805152	8.000000
805152	805163	9.000000
805163	805165	10.000000
805165	805168	11.000000
805168	805181	10.000000
805181	805189	12.000000
805189	805190	11.000000
805190	805203	12.000000
805203	805206	11.000000
805206	805220	10.000000
805220	805223	8.000000
805223	805226	7.000000
805226	805231	8.000000
805231	805233	9.000000
805233	805236	10.000000
805236	805243	9.000000
805243	805252	10.000000
805252	805263	9.000000
805263	805265	8.000000
805265	805275	7.000000
805275	805279	8.000000
805279	805281	9.000000
805281	805290	7.000000
805290	805309	6.000000
805309	805312	7.000000
805312	805321	8.000000
805321	805326	9.000000
805326	805333	8.000000
805333	805340	7.000000
805340	805343	9.000000
805343	805345	10.000000
805345	805375	11.000000
805375	805379	10.000000
805379	805386	9.000000
805386	805396	10.000000
805396	805399	11.000000
805399	805403	12.000000
805403	805409	13.000000
805409	805412	12.000000
805412	805414	11.000000
805414	805421	12.000000
805421	805424	11.000000
805424	805431	12.000000
805431	805434	11.000000
805434	805440	12.000000
805440	805443	10.000000
805443	805445	8.000000
805445	805456	7.000000
805456	805460	8.000000
805460	805467	9.000000
805467	805469	10.000000
805469	805486	11.000000
805486	805487	10.000000
805487	805490	11.000000
805490	805496	12.000000
805496	805499	11.000000
805499	805503	10.000000
805503	805504	9.000000
805504	805509	10.000000
805509	805514	11.000000
805514	805524	10.000000
805524	805530	9.000000
805530	805534	10.000000
805534	805551	9.000000
805551	805556	10.000000
805556	805560	9.000000
805560	805566	8.000000
805566	805567	9.000000
805567	805569	8.000000
805569	805587	7.000000
805587	805590	6.000000
805590	805604	5.000000
805604	805609	4.000000
805609	805630	3.000000
805630	805651	2.000000
805651	805653	1.000000
805653	805666	2.000000
805666	805667	1.000000
805667	805677	2.000000
805677	805683	3.000000
805683	805717	4.000000
805717	805726	5.000000
805726	805748	6.000000
805748	805753	7.000000
805753	805767	6.000000
805767	805769	5.000000
805769	805777	6.000000
805777	805782	5.000000
805782	805783	6.000000
805783	805816	5.000000
805816	805817	6.000000
805817	805825	5.000000
805825	805826	6.000000
805826	805841	5.000000
805841	805848	6.000000
805848	805869	5.000000
805869	805879	4.000000
805879	805882	5.000000
805882	805894	4.000000
805894	805916	5.000000
805916	805925	4.000000
805925	805939	3.000000
805939	805941	4.000000
805941	805947	3.000000
805947	805953	4.000000
805953	805955	5.000000
805955	805969	6.000000
805969	805979	7.000000
805979	805994	6.000000
805994	806002	5.000000
806002	806015	6.000000
806015	806018	7.000000
806018	806047	8.000000
806047	806053	7.000000
806053	806055	6.000000
806055	806059	5.000000
806059	806069	6.000000
806069	806086	5.000000
806086	806102	6.000000
806102	806115	5.000000
806115	806118	4.000000
806118	806139	3.000000
806139	806159	2.000000
806159	806178	1.000000
806178	806186	2.000000
806186	806205	1.000000
806205	806213	2.000000
806213	806260	3.000000
806260	806272	4.000000
806272	806278	5.000000
806278	806294	4.000000
806294	806297	5.000000
806297	806305	6.000000
806305	806343	5.000000
806343	806360	6.000000
806360	806365	5.000000
806365	806372	6.000000
806372	806394	5.000000
806394	806397	4.000000
806397	806400	3.000000
806400	806413	4.000000
806413	806443	3.000000
806443	806451	2.000000
806451	806465	3.000000
806465	806480	2.000000
806480	806500	3.000000
806500	806534	2.000000
806534	806551	3.000000
806551	806556	2.000000
806556	806580	3.000000
806580	806634	2.000000
806634	806656	1.000000
806737	806745	1.000000
806745	806748	2.000000
806748	806781	3.000000
806781	806799	4.000000
806799	806837	5.000000
806837	806842	4.000000
806842	806845	5.000000
806845	806848	4.000000
806848	806881	3.000000
806881	806899	2.000000
806899	806942	1.000000
806991	807003	1.000000
807003	807091	2.000000
807091	807103	1.000000
807384	807416	1.000000
807416	807457	2.000000
807457	807484	3.000000
807484	807516	2.000000
807516	807557	1.000000
807597	807697	1.000000
807921	808021	1.000000
808030	808130	1.000000
808134	808141	1.000000
808141	808234	2.000000
808234	808241	1.000000
808640	808740	1.000000
808746	808756	1.000000
808756	808811	2.000000
808811	808846	3.000000
808846	808856	2.000000
808856	808911	1.000000
809385	809404	1.000000
809404	809485	2.000000
809485	809504	1.000000
809625	809693	1.000000
809693	809725	2.000000
809725	809793	1.000000
809993	810093	1.000000
810591	810669	1.000000
810669	810691	2.000000
810691	810769	1.000000
810995	811095	1.000000
811490	811583	1.000000
811583	811590	2.000000
811590	811618	1.000000
811618	811683	2.000000
811683	811691	1.000000
811691	811718	2.000000
811718	811791	1.000000
812528	812576	1.000000
812576	812628	2.000000
812628	812676	1.000000
812856	812956	1.000000
813376	813476	1.000000
813776	813807	1.000000
813807	813876	2.000000
813876	813907	1.000000
814034	814134	1.000000
814214	814269	1.000000
814269	814314	2.000000
814314	814369	1.000000
814470	814564	1.000000
814564	814570	2.000000
814570	814611	1.000000
814611	814664	2.000000
814664	814711	1.000000
815294	815394	1.000000
815599	815649	1.000000
815649	815699	2.000000
815699	815749	1.000000
816237	816337	1.000000
816423	816466	1.000000
816466	816523	2.000000
816523	816566	1.000000
816650	816686	1.000000
816686	816750	2.000000
816750	816786	1.000000
817160	817260	1.000000
817275	817375	1.000000
817556	817656	1.000000
817729	817829	1.000000
818102	818202	1.000000
818317	818417	1.000000
818804	818904	1.000000
819070	819151	1.000000
819151	819170	2.000000
819170	819251	1.000000
819473	819573	1.000000
819612	819673	1.000000
819673	819712	2.000000
819712	819773	1.000000
819778	819878	1.000000
