mol_id	contig	start	umi	family_size	pair_group	pair_role	pair_type
mol05208	chrS1	312	TTGATTAGGAAG	1			
mol04569	chrS2	12036	ACCTTGCCGCTC	6			
mol03297	chrS1	11134	GAACCTTGCCGT	2			
mol01208	chrS1	15609	GAGCCGACGCAT	2			
mol00158	chrS2	3480	GGAGGTGACTTC	3	P080	a	hamming1
mol02457	chrS1	19370	ATACGCTCAATT	3			
mol03982	chrS1	2669	ATCGCACCTTAT	1			
mol03108	chrS1	9285	CCGCGCGGTCGG	1			
mol00654	chrS1	6154	ACGCGTTCCGCG	2			
mol05186	chrS2	19417	CGCGACCAAGTC	3			
mol03467	chrS2	15894	TCTAGCGGGCAT	6			
mol03219	chrS1	869	GGGGCGAAGGTC	1			
mol01176	chrS1	449	ATGCTAAACAGA	8			
mol02113	chrS1	1454	TACTGCGTAAGT	5			
mol03549	chrS2	18179	TAACTCTGGAAC	4			
mol05572	chrS1	18569	ACACTGCGCTGA	2			
mol03945	chrS1	3659	AAAGTAAACACG	6			
mol01091	chrS1	1727	GTCAGCTTGCAG	2			
mol04015	chrS1	10422	CTGATATGTACG	4			
mol00415	chrS1	5761	TCGCGCTACGAA	3	P208	b	diverse
mol05601	chrS2	15766	TCTCCAGCGTCC	4			
mol02795	chrS1	16108	ACTCAAACCGTG	2			
mol00178	chrS1	10767	TAAAGCTCGAAC	3	P090	a	hamming1
mol05823	chrS2	6093	TCCTACTAGCAT	2			
mol03336	chrS1	6569	ATGCGGCGGGCC	1			
mol00269	chrS2	1797	CGGAATCAGTCC	4	P135	b	hamming1
mol02450	chrS2	13010	ACAAGAATGACT	1			
mol00837	chrS2	12741	TTAGGTGATCGG	4			
mol00088	chrS2	18454	GGCAAGTACCAC	3	P045	a	hamming1
mol03525	chrS1	12832	TGGCCTTATTTA	3			
mol05175	chrS2	16629	TCCTCAAGCCAA	1			
mol00121	chrS1	2150	TCAATCTGAATC	3	P061	b	hamming1
mol02017	chrS2	15166	GGTACTTGGCAG	1			
mol04037	chrS1	19092	AGGAGAGAGCCT	1			
mol02222	chrS2	10285	CTTCGTTTGGCT	3			
mol04405	chrS1	5788	ATCCGACCCCAA	2			
mol01335	chrS2	6530	ACCATCCTTGCG	1			
mol02139	chrS1	19577	CATGGTAGGTTA	1			
mol01922	chrS2	6241	GATAGCTTAGAC	1			
mol01264	chrS1	6723	CACGGCCAGGGA	1			
mol02459	chrS2	13691	GTGTACAGTTCT	3			
mol05261	chrS2	9655	CTGCGCCCTACG	3			
mol01138	chrS1	17901	CTTATTGAAGCG	5			
mol04770	chrS2	6664	GAGAGTTATGCT	2			
mol01795	chrS2	1802	GAATCATTTGCC	2			
mol01801	chrS2	15454	CCGCGAGACAGA	4			
mol01702	chrS2	2094	ACTACCGCCGCG	2			
mol04920	chrS1	14740	CCGTTGGATTCA	2			
mol02865	chrS2	13905	ACCAGAAGCAGT	1			
mol04303	chrS2	2731	AGGTCGTAGCGT	1			
mol04750	chrS1	9574	GTATAAAAGTAC	2			
mol05548	chrS2	13652	TAAGGCATCGCC	1			
mol05359	chrS1	14966	CTGCCACGGTTA	2			
mol03815	chrS2	3744	AAAGGTTATGTG	5			
mol03917	chrS1	17831	CTTGGGGCAGTA	1			
mol05413	chrS2	4865	TCAGCAATCTTC	2			
mol04622	chrS2	11048	AGTCGGCGTCTA	5			
mol01757	chrS2	10861	TAAGACCACAAA	3			
mol03590	chrS2	16522	GGGATATGAAGG	2			
mol05082	chrS2	10918	TAACGGAGTGAC	2			
mol02303	chrS1	3117	GCGTCGGCTTGA	2			
mol04762	chrS2	13395	TAACTCTCAACC	2			
mol03833	chrS2	2953	CTCTTGTAAAGT	1			
mol00423	chrS1	15948	GGGGAACCGTCA	3	P212	b	diverse
mol01695	chrS2	16220	TGACAAGGCTTT	2			
mol01915	chrS1	6754	TCGACTATGACC	1			
mol02620	chrS1	2620	GCTTGGAATACC	2			
mol00144	chrS2	5494	ACTTGCGGACCT	4	P073	a	hamming1
mol01606	chrS2	3480	GACATAAGCTTC	2			
mol02482	chrS1	11854	GTTGCGAGCGTA	1			
mol00651	chrS1	15974	TAATTCCAAATG	3			
mol01580	chrS1	16214	CCACATGATAAC	1			
mol05400	chrS2	18096	CAACCCAACACC	1			
mol03650	chrS2	6569	CGTACGAATTTA	5			
mol00899	chrS2	8101	CATTGGTGGTGT	3			
mol01661	chrS1	7719	GCTGTTAGCCCG	4			
mol00688	chrS1	17733	CAGCGAAACCTT	2			
mol02364	chrS1	13287	TGATATATCAAA	1			
mol02276	chrS1	1269	AGTCTTTGATGA	4			
mol04425	chrS2	10835	CGCCCGATGCGG	3			
mol04287	chrS1	1177	AAGAGCGGTCGC	8			
mol05105	chrS1	9715	CGAGTTCGCCAC	2			
mol05799	chrS2	392	AATCACCTCTGC	1			
mol03263	chrS1	265	TGATTGAGACCG	2			
mol05857	chrS2	3545	CACTAATCTAGT	5			
mol01400	chrS2	12121	GATAAATGGTGC	3			
mol02924	chrS2	12660	AAGAACACACGG	1			
mol04538	chrS1	12273	CCGACGAGGGAG	3			
mol05854	chrS1	3287	ACGCAGCCGTGG	1			
mol05610	chrS1	16770	AGTCCAATATGT	4			
mol00936	chrS1	14272	AATCGTGTCTCA	5			
mol03838	chrS1	7407	GATAAACGTCGC	1			
mol02302	chrS1	14481	CTCTCGAGAGCG	4			
mol00268	chrS2	1797	AGGAATCAGTCC	3	P135	a	hamming1
mol00909	chrS2	4725	ACCGAGCTATGA	1			
mol02735	chrS2	10444	GTGCTCCAATTC	2			
mol05150	chrS2	4549	TTCACTACATCC	8			
mol05648	chrS2	3334	TAAGCGGGTTAT	3			
mol00383	chrS2	658	CACAGAGACGAT	4	P192	b	diverse
mol03664	chrS1	16072	TATAAAATAGTT	1			
mol02319	chrS2	274	ATAATGCACTGG	1			
mol01869	chrS2	13620	ACGCTTTGCAAT	2			
mol00884	chrS1	17889	TCGCACTCGCGA	1			
mol00502	chrS2	1017	ATACCCCGACCC	3	P252	a	diverse
mol02117	chrS1	2424	GCAAAAAGGTGA	1			
mol03802	chrS2	2470	AAGCGCGAATAC	1			
mol03171	chrS2	10396	TCTGCACAATAG	1			
mol01373	chrS1	11508	TCGTAAGCCCAC	1			
mol01626	chrS2	12140	AGGATACCGTTG	3			
mol03442	chrS1	5336	CTCGATGTTGTC	8			
mol02549	chrS1	18342	GCGGGAGCGCCA	2			
mol01603	chrS1	10271	CAAGACGAATAG	2			
mol02290	chrS1	10757	GATCCTGTTCAC	2			
mol05383	chrS1	6469	GACAGAGGTCGT	3			
mol00964	chrS1	16377	CTGATTCGGAAG	2			
mol04663	chrS2	13729	CTCTAACTGATA	3			
mol03683	chrS1	4350	ATGGACCCATCC	3			
mol04718	chrS1	16708	ATTACTACGTCT	2			
mol04922	chrS1	8377	ATGGATATTAGT	3			
mol02125	chrS2	9722	CTTCTTTGAGAC	3			
mol02727	chrS1	14195	GGGCTGGCACTC	1			
mol03354	chrS2	17027	GTTCGCTTGTGG	1			
mol05195	chrS1	18679	ACTCATCCTGTT	2			
mol02408	chrS2	18690	TAACAACTCGTA	3			
mol02609	chrS2	15934	GAATACGATAGA	3			
mol04299	chrS1	15033	CGGGTTGAGCCG	3			
mol00052	chrS1	7217	AGATTCAGGAGA	4	P027	a	hamming1
mol00761	chrS1	262	GTGACATATCAC	3			
mol05499	chrS2	13024	CGTGCCATGCAC	2			
mol01728	chrS1	9262	TCCCGATCAAAC	8			
mol00332	chrS2	5432	TGCATGTTTAAA	3	P167	a	diverse
mol00851	chrS1	14646	ATTCTATTTGAA	2			
mol02768	chrS2	4285	CGAGGATCTTAC	3			
mol00647	chrS1	18638	CCTCTCATGGAG	1			
mol00579	chrS1	3502	GAGTACACAGGG	4	P290	b	diverse
mol02325	chrS1	18090	AGAGTGGCTCTC	3			
mol02178	chrS1	8072	TGTCAGGGCCCT	1			
mol05181	chrS2	18912	ATGCGATTCTTT	4			
mol00699	chrS1	19183	TAACCTCAACTT	2			
mol00982	chrS1	16676	TGAAGTCGCCCA	2			
mol04925	chrS2	13506	CACCGGTTTTGC	4			
mol05916	chrS2	19752	ATGCGTTGCCGC	2			
mol05837	chrS1	11144	CGAGCCAACTCA	2			
mol03016	chrS1	3343	GTTAGCATCCGA	1			
mol01864	chrS2	16174	CCTGTAGTATTG	2			
mol04476	chrS1	12585	AAACTACACTAG	1			
mol05843	chrS1	16378	GGCAGGTTGAGT	3			
mol02913	chrS2	3563	TATCGTTAAATA	5			
mol01625	chrS1	16893	TGGTAGTAATGT	2			
mol01094	chrS2	8648	TCTGCGCACGTC	1			
mol00919	chrS1	8915	GGAACATATGTG	2			
mol04973	chrS1	4882	CCAACGCCCTTT	3			
mol00875	chrS1	12232	TGGATTGCCATT	1			
mol04793	chrS1	14634	AGGCTACTGGGT	1			
mol02589	chrS1	1898	GGATCCTTGCAA	6			
mol01285	chrS1	19430	CTAACAGGGGCC	2			
mol00547	chrS2	18677	AACAGCAGGTCC	4	P274	b	diverse
mol00932	chrS2	11470	GTCGTACCTGTA	4			
mol04308	chrS1	9529	CGTCCTCCGATG	3			
mol00280	chrS2	6504	AACCCTACGACG	4	P141	a	hamming1
mol03097	chrS2	2158	GTTACTCTTAAT	4			
mol03487	chrS2	9371	GTAAGCAGCTTA	2			
mol05798	chrS1	3752	ACGATCGGAGCA	2			
mol02844	chrS1	9771	ACGATTACCTCC	6			
mol05235	chrS1	7623	CATATAGTCGTT	3			
mol03781	chrS2	8131	TCCCCTGGATCG	3			
mol05900	chrS2	841	GTCACAGGCTTT	3			
mol04697	chrS2	11471	TTCATGCTCAAC	1			
mol00116	chrS1	12604	ACTTGAACACCG	3	P059	a	hamming1
mol03022	chrS1	7195	ACGCTAGAGCTA	1			
mol03086	chrS1	19472	AGTGTAAGTTTC	5			
mol00461	chrS2	17343	GAGAGCACTCAA	4	P231	b	diverse
mol02043	chrS2	8346	CAGCAACTGGGA	2			
mol02328	chrS2	19168	CAGTTCGCGTTG	1			
mol02089	chrS1	12797	CAATAGAAGGCG	6			
mol02794	chrS2	10677	CAAAACTACTTT	1			
mol01505	chrS1	9871	TGAGTTCTTAGT	2			
mol01780	chrS2	10536	ACTTAGGCAGTA	1			
mol05312	chrS1	18014	GAATTCTCTGCA	4			
mol03699	chrS2	12724	GAAAACCATGCC	3			
mol00412	chrS1	17682	GGGGAAGGTGTT	4	P207	a	diverse
mol02187	chrS1	4071	GGGAATACTGAG	5			
mol03714	chrS2	2927	TCAACGAGTTGT	3			
mol05771	chrS2	13723	CCAGTTACGCGA	8			
mol05161	chrS2	11837	CGAAACGTACGG	1			
mol05641	chrS2	19128	TTGCCGACCTCT	4			
mol04659	chrS2	12546	GAAGAAGATTAC	1			
mol00824	chrS1	18333	TACAGTAAGCCC	3			
mol01355	chrS2	12357	CCCGACGCGTGC	1			
mol01832	chrS2	3611	CATGAGTGACCT	1			
mol00490	chrS1	19047	TCACAGGCAGAG	3	P246	a	diverse
mol00317	chrS1	10478	CGTCTGTTTCTA	4	P159	b	diverse
mol00148	chrS2	18679	CTATGTTTTTAC	3	P075	a	hamming1
mol05361	chrS2	4253	AACTGAAACTTG	1			
mol00944	chrS1	15373	GATCGCCCCCGG	1			
mol04507	chrS1	3575	TAACGAGAGCTA	5			
mol00582	chrS2	17295	TCGGAATAATCG	3	P292	a	diverse
mol02758	chrS1	5945	GTTGTGGTTTGG	4			
mol00717	chrS2	17574	GCTGATGATCCG	5			
mol04712	chrS2	13498	TCGCCGCCATGA	3			
mol01019	chrS2	5615	ACTAACATGCAG	4			
mol05591	chrS1	6012	TTAGGCCCGCGA	2			
mol03810	chrS2	920	AGCTGGGATCAT	1			
mol05989	chrS2	1655	TAGAATGACTAC	3			
mol02242	chrS2	9778	TAAAAAAGATGA	6			
mol05686	chrS1	10358	CACCCCCTTACC	2			
mol02489	chrS1	9814	ACCATAATAGTC	3			
mol05488	chrS2	14697	CCTAAAGGTTCT	2			
mol03744	chrS2	15849	GTCGCTTTCAGC	1			
mol05523	chrS1	13486	ATGACATGCTCC	2			
mol05253	chrS2	16806	CCAAGAAGCTTA	1			
mol04131	chrS1	16609	CTGTCCGATCAC	2			
mol04107	chrS2	17605	GCAGTCAACTAT	2			
mol04314	chrS1	11639	CATGGCAGTAAT	1			
mol02905	chrS1	12287	TCCGCGAGCCGC	3			
mol03104	chrS2	7204	TAAGTGCTCGAT	1			
mol05537	chrS1	14372	CCCCGGGCTCCC	3			
mol03876	chrS2	3171	GCTACTCGAAAT	2			
mol05310	chrS1	18646	CAGCAAAGCTTC	2			
mol02466	chrS2	3485	TTATGTACATGC	1			
mol03854	chrS1	6586	GCACATCCCTGT	1			
mol05838	chrS2	18025	TGCGGTGAATTC	1			
mol03512	chrS1	211	GGACTCTAGAGA	1			
mol00704	chrS2	12560	TGAAAGAGGGGC	1			
mol02246	chrS1	15392	ATCTCACTACCG	2			
mol03649	chrS2	15456	GTGGAAAACATG	2			
mol05861	chrS2	1387	ATGCACTTTAGG	1			
mol03424	chrS2	4017	ATGTCTGACTTG	3			
mol03926	chrS2	1204	GTGCGATGGTGT	4			
mol04947	chrS1	14462	TGTTTGCAGCGC	3			
mol02552	chrS2	19537	CGCAGAAGCCCA	1			
mol02337	chrS1	11327	GCCGCGGATCGA	1			
mol02158	chrS1	275	GCAGTACCAGGG	5			
mol05980	chrS1	18089	CCAGCGCTGAAC	6			
mol05860	chrS2	12899	CCCAAAGATGTT	6			
mol02952	chrS2	12460	CTAAAGAGGGCG	4			
mol02626	chrS1	10153	AGGGAGACATTC	3			
mol05606	chrS1	11909	TCCTGACCGGCG	1			
mol00164	chrS1	862	GTACCATGGTAC	3	P083	a	hamming1
mol02728	chrS2	4841	CGGGGGTTGATG	1			
mol04307	chrS2	14956	GTCCCGGACGGT	1			
mol00442	chrS2	3998	AAATTTTGATCG	4	P222	a	diverse
mol02471	chrS2	2203	GGGGCCACCATG	1			
mol05285	chrS1	14873	GGGCCCGGACTT	1			
mol00748	chrS1	10804	CAGAGTGGTGCC	3			
mol03980	chrS2	6824	TATGGACGAGAT	1			
mol02954	chrS2	1639	TTATTGTTTCTT	1			
mol03466	chrS2	10644	ATTATCGACCAC	2			
mol03369	chrS1	12310	GGAGCCCATAGC	1			
mol02049	chrS1	9736	ATTCGTAACCAC	1			
mol04637	chrS2	8506	ATGTAGTTGCAG	5			
mol05438	chrS1	4960	AAAAGCCTCCAA	1			
mol01393	chrS2	8760	TTATCTGGACCA	4			
mol04117	chrS2	14669	CGATGCAATTAT	1			
mol00255	chrS2	2466	CAGTGTCTGCAT	4	P128	b	hamming1
mol04802	chrS2	8902	GTAGTGTAGCGG	5			
mol03351	chrS1	15379	ATGCAGCTAAGG	8			
mol03128	chrS2	5833	TCGGGTGTGAGC	8			
mol04006	chrS2	7579	TCCCATATGATG	2			
mol00660	chrS2	6651	GTGTGTAAGTAG	2			
mol01292	chrS2	15178	CGAAGTAAGACG	2			
mol05237	chrS2	1098	CGTTTTCGCCCC	1			
mol01318	chrS2	4165	TGTGATGTGACT	3			
mol04473	chrS1	5545	GGTTACCTAGCC	2			
mol02673	chrS1	17659	GAAATTTTGTAA	3			
mol02003	chrS2	12978	CATATGATCACT	6			
mol03865	chrS2	6212	CCCTATGAAGAC	2			
mol00391	chrS1	7046	ACCTTAGTCTTC	4	P196	b	diverse
mol00895	chrS1	563	CTACAGGAATCC	8			
mol02554	chrS1	12302	GATGTTAAACTC	1			
mol00568	chrS1	12663	CTCGTGAATTGT	3	P285	a	diverse
mol01762	chrS2	11763	TTAGACGTGATA	2			
mol02410	chrS1	3618	ACCTGCGTGCTA	1			
mol04561	chrS2	936	TGGCTGAAGAAG	4			
mol03370	chrS2	2309	TGCATTGACTTA	4			
mol03235	chrS2	2126	CATTATGCGGAC	3			
mol00137	chrS1	7863	TTCTCAAGCCTG	4	P069	b	hamming1
mol02143	chrS2	4689	CTTACGGGGGTG	3			
mol02320	chrS2	14232	GGTGTACGGTTT	1			
mol04409	chrS2	5219	ACTGGGGTTAGA	3			
mol03972	chrS1	1007	CAACCTCCCTGA	3			
mol02401	chrS1	14205	AGGCACGTACCG	1			
mol03858	chrS2	5245	GATGGATCGTTC	1			
mol02201	chrS2	13430	TCATACCAGTGT	2			
mol02519	chrS2	444	GCCGAGCTGCGT	2			
mol02308	chrS2	12877	GCGGGGTTAAAC	4			
mol01003	chrS1	16697	TTACATAGATGT	1			
mol03647	chrS2	9703	TAGACGTTGATG	1			
mol01911	chrS1	4952	AGACCATACTAA	2			
mol01965	chrS1	17692	AAGTGGAGTTCG	1			
mol03126	chrS2	1152	TCTAGGAGATTC	2			
mol02490	chrS1	6233	AACCACCTTTCA	1			
mol04359	chrS1	13554	GCATACGGCCCT	6			
mol02721	chrS1	18614	GGCACAGATCGT	3			
mol00472	chrS2	6079	TATACGACTCTA	4	P237	a	diverse
mol01737	chrS1	829	GCGCCCTTGTTG	2			
mol03992	chrS1	8322	GGATGGAAACGT	1			
mol05443	chrS2	17500	AAAGGACCTCGC	3			
mol00850	chrS1	5858	AAAGAGGCTAGA	2			
mol01345	chrS2	14269	TTCAAGTAGGTT	1			
mol04096	chrS2	11609	CACCCATGGAGG	1			
mol01517	chrS1	16749	CACCTCTTGACG	1			
mol04777	chrS1	6857	GTGAGTCACGTG	1			
mol00193	chrS2	1637	GGCTCAAGCCGC	3	P097	b	hamming1
mol04416	chrS2	16446	GCAGGTAGCTGG	1			
mol01850	chrS1	14491	GGTGAAGTTCGC	1			
mol04469	chrS1	5429	GATTACGCTTAC	4			
mol03728	chrS2	18175	ATTCCAACTTTG	5			
mol05969	chrS2	13424	GTTCACGCTTCC	4			
mol03551	chrS2	10433	CAGACAAAACAC	8			
mol05081	chrS1	18592	TCGGGAATAGGA	1			
mol00656	chrS2	9158	TTCAAACGCGGC	2			
mol04056	chrS1	7859	GATCAGGTGTCA	8			
mol05009	chrS2	17717	CGACCTTCATGG	3			
mol03627	chrS1	5502	ATGTGGTGTTCT	5			
mol04657	chrS1	13915	TACTCGTGTCTC	5			
mol04016	chrS2	4854	CCGGGGCATCGG	2			
mol04615	chrS1	4984	CTAGACCTGCGT	4			
mol01124	chrS2	2076	AAGATGACACGT	2			
mol03391	chrS2	8252	TATGTGCGTGTC	5			
mol01477	chrS1	3539	CTAACCAGATTT	3			
mol01689	chrS1	11008	TCAACGGTACCG	5			
mol01588	chrS1	18803	GTACTCAGGTCT	2			
mol04649	chrS1	5479	GATAGACTCCTC	2			
mol05661	chrS2	18433	AGCTCTAAGGTG	1			
mol05084	chrS2	3731	TTTATGAATCTC	2			
mol04053	chrS1	5932	CGGACTCAGACT	1			
mol03669	chrS2	7182	GGGGCTTGTAAT	1			
mol01770	chrS1	8130	TCATTTTCTGCG	2			
mol03639	chrS1	8066	GCCCCTGAATAC	1			
mol02616	chrS2	6976	AGCTGGGTTAGA	1			
mol04625	chrS2	2317	AGCAGGTTTCAT	6			
mol04087	chrS1	13671	ATAATTCTAGAT	1			
mol03740	chrS1	1969	CTATGGATGTCT	2			
mol04130	chrS2	4636	TTTCAAGAGTCA	3			
mol05092	chrS1	5142	AAAAAGCGCATA	6			
mol02137	chrS2	2720	CAACCCGACCCT	1			
mol05933	chrS2	13441	ACTTCCCGCTTA	4			
mol02656	chrS2	13356	GACAGTGGTTTT	2			
mol03472	chrS1	11803	ATGATCAACTGC	1			
mol02679	chrS1	5584	TGTGGGTCCCCG	1			
mol03176	chrS2	16527	TCGAGACGCGTC	1			
mol05945	chrS1	1954	ACAAACTCGTCA	2			
mol02701	chrS1	1108	TTTACTTAACCA	1			
mol03989	chrS2	18008	TAGGCAATGGAG	2			
mol00019	chrS1	13702	ACCGGACAGTTA	4	P010	b	hamming1
mol04266	chrS2	16112	GAAGGTTAAGTG	2			
mol00532	chrS2	6960	AAACCCTGATCC	3	P267	a	diverse
mol03840	chrS2	2916	GTGTCAGTTTCT	1			
mol02937	chrS2	6389	TAGACCCAGAAC	2			
mol02783	chrS2	18355	GGGGGGCTACGT	4			
mol00545	chrS1	19374	ACAGGTAGCTCT	4	P273	b	diverse
mol04578	chrS2	2787	GGTATGTGGTTA	3			
mol05549	chrS1	7036	CGGTATCAGGAC	2			
mol01182	chrS2	17449	TCCTAAGCTGAA	3			
mol01986	chrS2	3045	TCGCGCATAACA	2			
mol03450	chrS1	6336	ACGAGATCGAGT	1			
mol04672	chrS2	18238	TATAAACCCTTG	3			
mol02984	chrS2	2945	GATTACGATAGG	3			
mol04972	chrS2	11840	AACCCGGAAATT	2			
mol05543	chrS2	10207	CAATTAAACGGG	1			
mol05113	chrS2	5928	CATGAGGACCAT	3			
mol00873	chrS1	9053	TGCAATATGACG	5			
mol00438	chrS2	8401	CCAAGGTATCTA	4	P220	a	diverse
mol01546	chrS1	11558	CCACAGATACCC	2			
mol00806	chrS2	13774	CCGTGTACTCGA	2			
mol05725	chrS1	10024	AGTGGCGGCAGT	1			
mol04566	chrS1	4974	ATGCTGGGGTGA	5			
mol04348	chrS2	14309	TGATCAAACGAT	2			
mol00604	chrS2	916	GACTGGCGCTAC	3			
mol01995	chrS1	6943	TGCCGCCCTCCC	3			
mol05631	chrS2	5742	TTAATCATCTGG	8			
mol01835	chrS2	11501	CACTAGTAGCCA	1			
mol02840	chrS1	17043	GGCTTCACTAAC	4			
mol00519	chrS2	18296	GATGTGTCGTTA	3	P260	b	diverse
mol00639	chrS1	4208	TGTGGGCACGAT	1			
mol04761	chrS1	7679	AACGGCGCTTTT	2			
mol03382	chrS1	7553	CCATGTATTAGG	2			
mol02084	chrS1	18301	AGGCCGAGGTCC	1			
mol05005	chrS2	11553	ATGGAGTTGGAT	2			
mol05935	chrS2	5706	AGCTCTCCGGGA	5			
mol02598	chrS1	14455	AGCCCTTAAAGG	3			
mol02474	chrS2	14983	CATCACTCGGAG	4			
mol00218	chrS1	9179	CGTATGATGATC	4	P110	a	hamming1
mol02082	chrS2	4113	CCATAACAGGAG	2			
mol03507	chrS1	17715	CTCGGAGGTTAA	1			
mol05119	chrS1	1943	ATTTGGTCCACA	8			
mol05455	chrS1	449	AAGGACGGCCCA	6			
mol04809	chrS1	13745	TCTGTTTGTTGA	4			
mol05679	chrS2	7472	ATCGTTCGCATC	2			
mol05430	chrS1	7507	CAGGGGCGTGAA	2			
mol04451	chrS2	401	GTTTCATCCCAG	1			
mol05028	chrS1	15090	CTTGAACATAAC	1			
mol02233	chrS2	5580	CCTTTACTCTTC	5			
mol00947	chrS2	2768	TGCGTACTGCTT	8			
mol01501	chrS2	6642	GTATCAAGGAAC	6			
mol02281	chrS2	19090	TCCACAACTTGA	3			
mol03628	chrS1	11382	ACCTATCAACGA	1			
mol04640	chrS2	2489	GCCTAGCCTACT	1			
mol01212	chrS2	19103	ACATGATGACCA	2			
mol03752	chrS2	12091	ACCTTTATTAGT	2			
mol00521	chrS2	8554	GTGTATAGACGC	3	P261	b	diverse
mol00744	chrS1	4360	CTACCTAGCAGC	5			
mol05650	chrS2	13666	AGTATCGCTATT	8			
mol02660	chrS1	14265	GGAGTACGCTGG	3			
mol01952	chrS1	5482	GGGTTACATTCT	2			
mol05869	chrS1	6249	TAAGAATCAATT	2			
mol04457	chrS2	10746	CTATATAAGGGC	2			
mol05768	chrS1	6799	CATTACTGATTC	3			
mol04295	chrS1	10727	ATATAGCTACCA	3			
mol05783	chrS2	9645	AAGTGTGTATCA	1			
mol00361	chrS1	14804	TTCCATTTAGTC	3	P181	b	diverse
mol01240	chrS1	17978	CAACCGTGTGAT	5			
mol03400	chrS1	15833	AAAAGACCGATA	1			
mol02374	chrS2	18762	AGATATGGGCAT	5			
mol05062	chrS1	6711	GAACGTTTATAC	3			
mol05166	chrS2	11743	CGATAACAAAGC	2			
mol01841	chrS2	16879	ACCCATGGAAAA	5			
mol00242	chrS1	10161	GACTGTCGAGAC	4	P122	a	hamming1
mol02010	chrS1	9145	TCGAAATGAAGG	1			
mol03479	chrS1	1999	TCCTTGACACAG	1			
mol05628	chrS1	1357	GGGTAATCGCAC	1			
mol01928	chrS1	15774	GTTAGGAACTCG	2			
mol04171	chrS1	10173	CTCTCTATATGA	2			
mol00468	chrS1	19078	CAGTCCTAGCTC	3	P235	a	diverse
mol02147	chrS1	6061	CGGGGAGGAGGG	2			
mol03909	chrS1	10631	GCCAAGCACTTA	1			
mol04801	chrS1	3978	AGGATACTCGGA	5			
mol01195	chrS1	3717	TTGGGGAAAGCA	2			
mol04150	chrS2	10555	CACACAGCTAGA	3			
mol02273	chrS2	10037	TTCTCGACTTAT	2			
mol04944	chrS1	15805	ATATTCTTGGTA	3			
mol03897	chrS2	6575	GAATAGATGAGA	2			
mol01035	chrS1	15555	GTTCCTTCCGGC	2			
mol05634	chrS2	13440	CCTTGCATATTT	3			
mol02892	chrS1	12796	AACCAAGCTAGT	1			
mol01585	chrS2	17575	AGTGGTTCATCC	2			
mol03936	chrS1	18814	TTATTGGTATAA	2			
mol01284	chrS2	14952	AGTACGCGTTTG	4			
mol01860	chrS2	356	AACTACCGCGTT	1			
mol03072	chrS2	11204	ATCGTAGCGTGG	1			
mol05183	chrS1	3836	GGTTCGAACCAC	3			
mol00411	chrS1	16576	ATTAAACCAGAT	4	P206	b	diverse
mol01507	chrS1	17795	GAGGCGTCGAAA	6			
mol03189	chrS2	15248	GGTACACCCAGT	2			
mol05315	chrS1	19247	ATCATAATGTGT	3			
mol02075	chrS2	15686	ACTCTTACTACC	2			
mol00293	chrS2	15639	AACCGTCGATTA	3	P147	b	hamming1
mol05583	chrS1	3753	TGAAAGGCAAAT	5			
mol03783	chrS1	9738	GCTTAATTCAGG	1			
mol01336	chrS1	7880	CGCCTTTTTGAC	4			
mol05678	chrS1	10792	AAATGTGTTCGT	4			
mol05636	chrS1	3492	GCGACACTGGCA	1			
mol01129	chrS2	15511	TTTTGATTCCCC	1			
mol05681	chrS2	775	CGGAGACGCACG	3			
mol03866	chrS2	19306	GGATGAATTCCT	5			
mol01095	chrS1	17975	TCGTGGTGGCGG	2			
mol03289	chrS1	14837	TAATCTCGCTTT	3			
mol03862	chrS1	4793	AAAGGTCGAGCG	6			
mol05146	chrS2	4038	CGCGCCAGTTTG	5			
mol00476	chrS2	16232	GGGACAAATCAA	4	P239	a	diverse
mol04806	chrS1	13654	GTTGGATATCGT	8			
mol00469	chrS1	19078	ACTATTTCGTTT	4	P235	b	diverse
mol05942	chrS1	11798	CTATTTTTCGGG	1			
mol02064	chrS2	19661	GCGATTATTTGC	2			
mol01238	chrS1	1464	CGGACTTGGGCT	1			
mol00313	chrS1	3847	TTAATGATAGGT	4	P157	b	diverse
mol03166	chrS2	11008	AACTTAATTATA	1			
mol01475	chrS2	7329	GTAGGCGATTGT	6			
mol04048	chrS2	6157	GAAATCTCTAAA	8			
mol02430	chrS1	2655	CGCTACCTTCTA	6			
mol02694	chrS2	16945	CTACCCCGCAAC	5			
mol05849	chrS2	5475	AATTGCTGTAGG	2			
mol01845	chrS1	11485	AAATCTGTGCCC	2			
mol00107	chrS2	2123	AACTGCGCCGGC	4	P054	b	hamming1
mol03861	chrS2	9826	TACGAACCAACA	5			
mol03624	chrS1	134	CCCTTCAATCTA	2			
mol01667	chrS1	8704	AGGCTTGATTAA	2			
mol05263	chrS1	12087	GGTTTATTCGAC	5			
mol01574	chrS2	15342	GCTGAAGACCAG	2			
mol01049	chrS1	2175	GGGATGGAATGA	1			
mol05531	chrS2	8601	AACGTGTGGATT	4			
mol05777	chrS2	3166	AAAGGAACTGAG	2			
mol04500	chrS1	10025	GAATTTACTCCA	2			
mol00402	chrS2	2940	AATGCTGCGGTT	3	P202	a	diverse
mol03577	chrS1	10976	AATCGATAGAGT	2			
mol05058	chrS1	1398	ATTGATTCATCT	2			
mol02690	chrS1	273	GACGAAGCGTAG	6			
mol00366	chrS2	7129	GATGCTCCAAGC	3	P184	a	diverse
mol01268	chrS1	13730	GATTGGACAGCG	5			
mol02991	chrS1	9395	CTGTCTCTCGCG	2			
mol01027	chrS2	14428	AGCCAACTCGCA	4			
mol02469	chrS2	7397	CGCCGGTCTCCC	3			
mol01690	chrS1	15645	ACCGGCAGAAAC	3			
mol05204	chrS2	7390	GTAGAGATCTCC	6			
mol02884	chrS2	3453	TAATCTTGGAGA	5			
mol02749	chrS2	9667	TGTACTCAGCGC	5			
mol04312	chrS1	8202	TGGCAACCTTAC	1			
mol02801	chrS1	16026	GACAGTTGGTGC	3			
mol05917	chrS2	4562	GTAGTAAAGACA	2			
mol02190	chrS2	6799	GTTCACGGACGA	2			
mol02722	chrS2	16770	TATTATTTTTAA	1			
mol04520	chrS1	2097	CCCTATCGACAG	2			
mol00054	chrS2	15061	TCGCACGTAGGC	3	P028	a	hamming1
mol00013	chrS2	13966	CAATATTCAAAC	3	P007	b	hamming1
mol03420	chrS1	281	TTATATGAATCG	1			
mol02627	chrS2	17995	CGCTTCCGATCC	2			
mol02685	chrS2	18684	AGGTTATAGGAC	3			
mol04486	chrS2	1936	GTATCCGACCAG	3			
mol02146	chrS1	10460	TAGGAGCTTAGC	2			
mol02198	chrS2	14208	TTTTTAGACTCC	2			
mol02344	chrS2	4223	AGCGACCCCATG	3			
mol01693	chrS2	7398	GCAGTGACAATG	1			
mol01234	chrS2	19732	CTTCGGCGCTCG	4			
mol01721	chrS1	10333	CTAAACTAAGCG	2			
mol03851	chrS2	12201	ATTGTCGGTATT	2			
mol01103	chrS2	4791	CAACTAAATGTC	3			
mol00792	chrS1	10065	CTGCAGTGCTTG	1			
mol02171	chrS1	15670	CAATCGAAAAGT	2			
mol04656	chrS1	19152	ACCGAGTCGCAT	1			
mol01183	chrS2	10907	AGGGATTTGGAG	5			
mol00890	chrS1	16794	CCCACCAATTAT	1			
mol01943	chrS2	12922	GGGCGGTAGTCT	5			
mol05282	chrS1	9190	ATTCTCAATGCA	3			
mol02366	chrS1	14331	TTCGCGTTAACG	3			
mol01354	chrS1	12637	ACTCGGGGCCCC	3			
mol03538	chrS1	7663	ATTAAACTGGGA	5			
mol05049	chrS2	13196	GGATGCTCTCTC	3			
mol03541	chrS2	5582	TCACGAAATTAG	1			
mol04989	chrS2	17892	TTGAAAGCTTAG	2			
mol02572	chrS1	4572	GCGGCGGCCTGC	1			
mol01843	chrS2	5326	ATACATGCATAG	2			
mol05755	chrS1	18653	ATGAGCGGAATC	8			
mol02897	chrS2	10462	TCGTGGGCGGAT	1			
mol01203	chrS1	16212	ATCGGATGCACT	2			
mol04407	chrS2	4377	GACAAATTCCTG	4			
mol02369	chrS1	15338	CAATGGGATTGT	1			
mol05709	chrS1	18107	TTTAACACAGCT	1			
mol00370	chrS1	12032	AGACGGGTAACT	4	P186	a	diverse
mol05452	chrS2	12492	CGTTTTGCATAG	1			
mol04058	chrS2	13855	AATCACCACCAA	5			
mol00902	chrS1	7133	TTCTATGAGACA	2			
mol04785	chrS2	10110	AAAGGTTCCTGG	1			
mol03379	chrS1	801	CCACCAGCCATG	3			
mol00992	chrS1	1487	GAGATTAATGGG	1			
mol02587	chrS2	5958	ACTAGTGAAGAT	4			
mol05637	chrS1	13563	GCGACAATGCCT	2			
mol01903	chrS2	10682	AGCTCTACTAGG	3			
mol02323	chrS1	13479	TCGTATGTGTTG	2			
mol04930	chrS1	7947	AGCATGTATAAT	2			
mol01092	chrS1	7541	TCACTTGGAGCA	3			
mol03206	chrS2	16457	AGACTGAAGATG	3			
mol03062	chrS2	8298	TGCAATTCTGGT	1			
mol03787	chrS1	17149	CGCATAGATGAG	6			
mol04945	chrS2	4634	GAACTTTACATG	5			
mol01597	chrS2	15460	GGCGATCGTAAA	4			
mol04652	chrS2	13360	TGGCTGCTAGCC	2			
mol04187	chrS1	16412	TTGGCGATGTAG	1			
mol02753	chrS2	6328	AGACCCTGTCTC	3			
mol05573	chrS1	7537	CTTGCTGATCAT	1			
mol05326	chrS2	2868	AATTACTACCTG	1			
mol01893	chrS1	6194	GTCAGATACTGG	1			
mol00326	chrS1	18642	GTCTAAGAAACT	4	P164	a	diverse
mol04011	chrS1	4048	AACTGCACGTTA	2			
mol00680	chrS1	15415	CTGCCTCGTTAG	1			
mol01615	chrS2	12836	GTATGGGGGCGC	2			
mol00956	chrS2	3776	TAGCCGTTTGTT	2			
mol02453	chrS1	4490	TAGGTTACATAT	3			
mol04240	chrS2	7000	CCGCGCGCAACA	1			
mol00796	chrS1	12705	GCGTCGGAGAGC	2			
mol05057	chrS2	6631	TTGGACGGTACA	5			
mol03228	chrS2	18868	CCGAAGGCCTCT	1			
mol00377	chrS2	4705	CAGGGCCAATGA	4	P189	b	diverse
mol04023	chrS2	9277	CTACCCATGAGT	5			
mol03116	chrS1	2309	GTTAGGTCCGCG	3			
mol03659	chrS1	16254	CGAATTCAAATC	1			
mol04042	chrS2	18776	TTAAGACTCGAG	1			
mol00409	chrS1	10904	ATTTGCCCTAGT	3	P205	b	diverse
mol02757	chrS1	10168	CGTGATGAATGT	1			
mol04907	chrS1	427	GACAACCAAATT	2			
mol03883	chrS1	1288	TCGTGGTGTGCA	1			
mol01310	chrS2	8475	TTGTCCCGACGA	2			
mol00613	chrS1	15169	GCCTTTAACGGG	1			
mol00739	chrS2	11679	TGGCACGTCGTT	2			
mol01483	chrS1	5438	CGGGAACGGACA	5			
mol04362	chrS1	8576	TTCCGACAACGA	4			
mol05972	chrS2	14531	GCCTAATTCGAC	1			
mol00306	chrS1	15419	TTTGACGGCTAC	3	P154	a	diverse
mol00509	chrS1	9251	AAACGTACTATG	4	P255	b	diverse
mol04235	chrS2	129	CAGTGTACGAGT	3			
mol05351	chrS1	11836	TTCTCTTAGTCG	2			
mol00513	chrS2	841	GCGAAAAAACTA	3	P257	b	diverse
mol03105	chrS1	19697	CAGACTGGATAG	1			
mol04751	chrS1	3885	CATAAACTGGCA	6			
mol00753	chrS2	11916	GCAACCGTGTTC	3			
mol05754	chrS2	14705	GCATCGTGTCGC	4			
mol04230	chrS2	12479	CAATTGCGAAGG	2			
mol04350	chrS2	4578	CCCGGAGGATGC	6			
mol02419	chrS2	8340	CTGCGCGGACGG	6			
mol04910	chrS2	7643	TACGTATGCTAT	6			
mol02031	chrS1	16001	CGCGCAGATTGA	4			
mol00793	chrS1	3092	AGGTAGTTCACC	2			
mol00894	chrS2	19098	AATTTTAGTGGG	3			
mol02248	chrS1	8462	GTCAACTACAAT	3			
mol01830	chrS1	12720	CCGCAACCGGCG	1			
mol03566	chrS2	12873	GCCATCCCCTTT	5			
mol01218	chrS1	350	CACTACGCTGAT	1			
mol03115	chrS1	4043	TCCTTTTTCAAA	2			
mol05331	chrS2	57	ATGGCGGGGAGG	4			
mol01287	chrS2	8609	CAAGGCTCACTT	3			
mol03528	chrS2	16956	TGATTGGGCCTA	3			
mol00333	chrS2	5432	TCTAAGTGGATG	3	P167	b	diverse
mol00059	chrS1	8820	GATGCCCTCACG	3	P030	b	hamming1
mol05889	chrS2	17456	CGCCGCAAGCTC	3			
mol02764	chrS2	5256	AGCGTCGCCTCC	1			
mol00633	chrS2	11509	TGTAGCATCGAT	1			
mol03814	chrS2	15080	CTAGGCGGAACG	3			
mol03179	chrS2	9566	TTGTGTTGCGCA	4			
mol04160	chrS1	7724	TAAGCTACATCA	3			
mol02376	chrS1	16709	GCCAGGTGCTCA	3			
mol03488	chrS2	9509	GATCCACGATTG	1			
mol05388	chrS1	5804	TCTTTAGCTATT	2			
mol03226	chrS1	7699	GTCGTTAGAGGA	3			
mol03453	chrS1	15798	AGGACGTAAAAG	3			
mol01669	chrS2	5180	GCATGCCGACTC	1			
mol00288	chrS1	3840	GTTGGCTACTCT	4	P145	a	hamming1
mol05878	chrS1	7709	TGCGCGGTAAAT	6			
mol00881	chrS1	15070	TTAAACTGGTGT	8			
mol03991	chrS2	7588	TACTGGACCTTG	3			
mol02853	chrS2	15616	GGTGTTGCGTCA	3			
mol05366	chrS1	11732	CCATAGGCCGTT	1			
mol02817	chrS2	8734	CGGATGTAGAAT	1			
mol00558	chrS1	2153	CCTACGGTGCCC	3	P280	a	diverse
mol03516	chrS2	4420	AGTGAGTGACGG	2			
mol04311	chrS1	2398	TTAATACCCCGT	3			
mol00394	chrS2	14543	GATTAGCAAGAA	4	P198	a	diverse
mol01537	chrS2	17706	GGAAGTGGTTGA	1			
mol03779	chrS2	13757	CAAGCGAGCATA	6			
mol01805	chrS1	2210	GTTAAGCCCAGT	5			
mol05102	chrS1	4548	CGCCACAACGGA	1			
mol01935	chrS2	15916	AGCATCATAACA	1			
mol04628	chrS1	3737	TCGGGTTGTTAC	2			
mol04470	chrS2	14883	GAAACTGGCAAC	3			
mol05855	chrS1	10457	CCCCTCTTCGGG	3			
mol05982	chrS1	9811	TGAAGTGATAGC	4			
mol01381	chrS1	5759	TTGCAGGCCTTT	5			
mol05723	chrS2	3954	AGGTGCGACGGA	1			
mol01998	chrS2	7280	CAGAGGAGATAC	8			
mol00012	chrS2	13966	CAATATTCCAAC	3	P007	a	hamming1
mol00049	chrS2	3989	GTCTCTCTCTAC	4	P025	b	hamming1
mol04979	chrS1	18335	GTATCGGACGGT	1			
mol05580	chrS2	4425	CAGACAAGGCAC	1			
mol02439	chrS1	1340	GGCTTGAGGGTA	1			
mol04967	chrS1	15941	CGAACGGGGGAG	4			
mol01822	chrS1	1714	AACATCCATACG	5			
mol04755	chrS1	1287	ACTAAAAACGCG	2			
mol04294	chrS2	5059	ATATACCGCGCA	2			
mol04885	chrS2	3286	ATTCCTCGTATC	4			
mol04737	chrS2	10232	GCGGTGCGGTCG	1			
mol01566	chrS2	1988	ACGTCACACATA	4			
mol03140	chrS2	3463	GCAGTAAATACC	1			
mol04174	chrS2	366	TGCTACGTAATA	1			
mol02080	chrS1	17383	TGAAAAAATTCT	2			
mol01121	chrS2	18943	GATTTAGATAAG	2			
mol00349	chrS1	9588	GATACACCGACC	3	P175	b	diverse
mol05654	chrS1	3265	GTTTGGGGCGAC	1			
mol05622	chrS2	17914	AAAGCCTGGGAA	8			
mol03702	chrS1	10664	ACGCTCCTGTGT	1			
mol02641	chrS1	7730	GAAATCATCCCT	1			
mol02238	chrS2	2101	GCAGCATTGGCT	1			
mol05482	chrS2	6606	AACGACCGCCAC	3			
mol03830	chrS1	9193	CAGTAGGTGGGC	3			
mol02699	chrS2	10599	CGGTTTGGTTCC	2			
mol04870	chrS1	1193	CATACTTGGCCG	1			
mol00247	chrS2	8649	AAATCATTGGAG	3	P124	b	hamming1
mol05106	chrS2	12741	CCATTACCGGGA	2			
mol00062	chrS2	18812	CTAGTGCACCGA	4	P032	a	hamming1
mol00174	chrS2	1965	GGCCTTCTTGCC	3	P088	a	hamming1
mol02755	chrS2	18000	ACTTATTGTTTG	1			
mol01349	chrS2	1215	CACAACCCAGGG	1			
mol00840	chrS2	7927	CTGCACCGCTAT	4			
mol01321	chrS1	16748	AAAACTGGTTTA	6			
mol05492	chrS1	5415	CTTCAGGATGTT	3			
mol05840	chrS2	4186	GGTCCCGAGAAG	2			
mol00212	chrS2	1643	TCGACGAGTGTG	3	P107	a	hamming1
mol05836	chrS2	8094	ACTACACTTTGA	4			
mol00165	chrS1	862	GTACCATGGTAT	3	P083	b	hamming1
mol04224	chrS2	2163	CTCCACACGACG	3			
mol05052	chrS2	1533	CTAATGACTAAG	2			
mol04318	chrS1	19655	TTCGATCCCCGC	1			
mol01691	chrS1	993	GTAGGAGCTCAA	1			
mol05667	chrS2	5518	TCGTCTAAAGTT	5			
mol01545	chrS2	4856	GGAAAACTCTAG	1			
mol02806	chrS2	10296	CTTCCCGCAGTC	1			
mol04408	chrS2	6348	GTAAATATGTAA	2			
mol02130	chrS2	16064	AGGCTGAAGATC	3			
mol05979	chrS2	10960	CCCTCGAATGAA	2			
mol02507	chrS2	18459	TTTCTCTGTGGT	4			
mol00230	chrS1	1924	AACGGCCCGTAA	4	P116	a	hamming1
mol00368	chrS2	637	AGGCTCCGTGTT	3	P185	a	diverse
mol03764	chrS1	12438	CTGTCTGTGCGT	4			
mol03712	chrS2	11614	ACCGGGGCTAGT	5			
mol00277	chrS1	7693	ATCTTTTTCTCC	4	P139	b	hamming1
mol00138	chrS2	2612	CTCCACCCTACG	3	P070	a	hamming1
mol00846	chrS1	411	TATGCGAAATCT	2			
mol04897	chrS1	11003	GGAGCTATCCGT	1			
mol01829	chrS1	1363	GAAGGTACCTGA	2			
mol02516	chrS1	3372	CTTACGCGTAGC	5			
mol04872	chrS1	19819	TTACTCCGGGAG	3			
mol03233	chrS2	10005	CTTCAGCGGCCT	2			
mol03358	chrS1	1181	TCTGTCGGTCCT	1			
mol05460	chrS1	12856	CTTCCGAGAGGT	1			
mol03517	chrS2	18898	GTACATCAATGT	1			
mol03015	chrS2	16169	TATACCTTAGGG	1			
mol00031	chrS1	17798	CCCATGCAACAC	3	P016	b	hamming1
mol04089	chrS2	10914	ATTGAAGCGAGC	3			
mol01955	chrS1	3371	CTTTCAGGGTAC	1			
mol04975	chrS2	14047	AGCGCCCTAAGT	4			
mol03367	chrS2	8898	ATCTTAGTCCCG	1			
mol01642	chrS1	1285	ACATTTGTCCAT	3			
mol03743	chrS1	3764	CCTATAAGAATA	4			
mol03208	chrS2	3858	AGATGCCGGAGT	2			
mol02251	chrS1	943	TCGGTGCCGAGC	3			
mol03111	chrS2	6374	TGTGCCGGTGAG	1			
mol02263	chrS2	8232	GGGAATACATGC	1			
mol03900	chrS2	9122	AGACTTTCACCA	5			
mol05794	chrS2	6147	CACTCGAGGGTT	4			
mol00004	chrS1	14195	ATTCCTACTCTA	4	P003	a	hamming1
mol03700	chrS2	2250	CCGACTTCTTCA	2			
mol05839	chrS1	117	CCCTAGGCTTAG	1			
mol02936	chrS2	6869	GCCCGGTTAAGA	3			
mol01306	chrS2	5830	TGATCATGGAAA	4			
mol01346	chrS2	1729	CAAGTGTAGAGC	3			
mol02931	chrS2	11074	GGTACAGACCGA	8			
mol02314	chrS2	5842	GACGATTCCTTG	1			
mol03402	chrS2	14706	GCGTGGGACCGT	1			
mol01587	chrS2	3138	GGATGTATTGTC	2			
mol02777	chrS2	15744	CAGTACCCTTAA	2			
mol00933	chrS2	919	GGACGCGAGCTC	1			
mol03710	chrS2	1530	TCCCTGGAGCTA	1			
mol05716	chrS2	3008	AACGCTCTATGG	3			
mol02269	chrS1	14771	TCACGCGAACCA	6			
mol00706	chrS1	12214	CCGACAATGTCA	3			
mol03688	chrS1	16377	AGCATGCGCAAT	1			
mol00304	chrS1	5147	CGGTCCGGGAAT	3	P153	a	diverse
mol03672	chrS2	19138	TGCCACGGCCGA	1			
mol05220	chrS1	10588	CAGAAAAAAGCC	2			
mol04531	chrS1	11698	TGTAGTTACATC	2			
mol04823	chrS2	6993	TAGTTATTCTCT	5			
mol05389	chrS2	4811	CGCAAGGCGCAG	2			
mol02682	chrS2	8343	CCGCGAGTCTGA	1			
mol00042	chrS2	1840	ATGGTCGGTTGT	3	P022	a	hamming1
mol05391	chrS1	4598	AAATCAACATAA	3			
mol01570	chrS2	6131	GGACGCCGTACG	1			
mol05647	chrS2	18320	CCCGAAACGTCC	5			
mol02182	chrS2	11394	TAAAGTAATACA	4			
mol01157	chrS2	7109	AAACCTCCCACA	6			
mol05436	chrS1	13718	CTCTAGCTCCGG	2			
mol01210	chrS1	8379	TGGGGAATTACG	1			
mol04598	chrS1	4833	CGCTAGTTCTTA	3			
mol00710	chrS2	598	GACTCATTAGAA	1			
mol02512	chrS2	6894	TCCCAGATCCAT	2			
mol01392	chrS1	17306	CTCCGCGGCATA	2			
mol04559	chrS1	2744	TAATCTTCAACG	1			
mol02577	chrS2	15317	TCTGGAAATGCC	1			
mol01221	chrS2	993	CTGATGCCAACA	3			
mol01016	chrS2	10217	ATGCTGAATACG	2			
mol03393	chrS1	18603	CTTAGATCATCT	4			
mol00531	chrS2	16245	GACTCCTAAAAT	3	P266	b	diverse
mol00188	chrS1	14221	ACTACGCCGGAA	3	P095	a	hamming1
mol00783	chrS1	2472	GGGAAGTTTCTA	1			
mol05456	chrS1	6829	ACTCGTCGGAAT	4			
mol02249	chrS2	10947	GAGGCAATGGCA	2			
mol02933	chrS1	2240	CGGGATTTCTCC	2			
mol02696	chrS2	12621	AGAGTCAAAAAA	3			
mol00800	chrS1	11331	GCGTATCTTGAT	1			
mol01213	chrS2	14281	AGAAAAGCAACC	1			
mol01886	chrS1	15210	AAAACGAGAGAC	1			
mol02500	chrS1	8759	CTCTAATGAGAC	3			
mol04193	chrS2	9182	TACCAGCAATCC	3			
mol05657	chrS2	1961	ACAGTGTAGCAA	4			
mol01534	chrS1	9085	CCCCGTTCCGGC	3			
mol01324	chrS1	5686	TATTTCTGGCCT	5			
mol00200	chrS2	13980	ATGATACAAATA	3	P101	a	hamming1
mol04453	chrS1	5119	CGACAGATAAAA	1			
mol01317	chrS1	9099	CCTTTCCCCCAA	1			
mol00067	chrS2	6643	TGCTTAGAGAGA	4	P034	b	hamming1
mol00243	chrS1	10161	GACTGACGAGAC	4	P122	b	hamming1
mol03028	chrS2	3598	CTACGATCACAC	4			
mol00251	chrS2	16582	CCGAGGCTGAGG	3	P126	b	hamming1
mol01750	chrS1	12315	TGTATAACCCAC	6			
mol02350	chrS1	8724	AGGGATAAGTCC	1			
mol04728	chrS2	3075	TACGATGGCAGT	2			
mol05731	chrS2	18262	TAGCCTCGTTCC	3			
mol03760	chrS2	19818	GACGCGCCTTCC	2			
mol01634	chrS2	7482	TGGCTGAAGCTA	8			
mol02706	chrS1	15416	GTGCGTGGAACA	4			
mol03253	chrS2	2972	GTTGAATCCCCT	1			
mol04951	chrS1	10455	ACGGGCTTCCAA	4			
mol02796	chrS1	5512	CTCTCTCGGTCC	1			
mol00599	chrS1	13582	TAGGCCGTGCAT	3	P300	b	diverse
mol05567	chrS1	12564	GATGCCTGATGC	3			
mol00669	chrS2	7427	TAGTTGGCTGTG	2			
mol00697	chrS2	14316	GAGACCAGGGAC	5			
mol05571	chrS1	15588	CACACTTAAGTG	4			
mol05893	chrS1	1045	GATTGCCCTACA	5			
mol01485	chrS2	7383	ACAGAGGGAAGT	6			
mol04740	chrS1	15386	GCATAGGGGAGA	2			
mol01262	chrS2	13988	CGTGGCTAATGT	1			
mol05470	chrS1	3578	TAGTGCTCGTCG	2			
mol04946	chrS1	9691	ATCTTCTACGGC	3			
mol05620	chrS2	15020	TTCGAGGAGTTG	2			
mol00581	chrS1	2364	CGAATGGTATTC	3	P291	b	diverse
mol00529	chrS1	14140	TGAGCCGATGGT	3	P265	b	diverse
mol02779	chrS1	17219	ATCTTGCTATGG	1			
mol00382	chrS2	658	AGGGGCACCTAC	4	P192	a	diverse
mol04168	chrS1	19496	GCCCGATCGCTC	2			
mol03346	chrS1	7815	CGGCTTATTATG	3			
mol04799	chrS1	18110	GTTTCGCCTTTG	1			
mol00491	chrS1	19047	ACACGCTCCAGC	3	P246	b	diverse
mol01200	chrS2	4623	GGCGATTGGAAC	5			
mol04213	chrS2	8167	TTCATACCACTG	1			
mol01810	chrS2	8958	ATTAGAGCCATG	5			
mol00906	chrS2	5830	CGACAAATCAGC	5			
mol02022	chrS1	14140	GGTCCAGTTGCT	2			
mol02352	chrS2	16805	GGGGTAAGAGCG	5			
mol02857	chrS1	6440	AACTTCTCTGGA	1			
mol03564	chrS2	14148	GTGTAGTACTTG	3			
mol03300	chrS2	17077	TCTAGTCGCGAC	1			
mol00367	chrS2	7129	GTTTGTTGCCAG	3	P184	b	diverse
mol03123	chrS1	10349	GGCTCTGGTCCG	1			
mol03248	chrS2	18692	CAGTGCCCTATG	3			
mol00081	chrS1	4901	CCGATGGACACG	3	P041	b	hamming1
mol04338	chrS2	2936	TCCCGTCACAAA	4			
mol03063	chrS2	8165	GGACACCCTCCC	6			
mol05963	chrS2	13663	GCTGGTGGTCGA	2			
mol02221	chrS1	11405	ATATCGTTTCTC	1			
mol00229	chrS1	1097	CTAGTACGGCTC	4	P115	b	hamming1
mol01164	chrS2	13721	AAATGTGAGTGC	2			
mol01076	chrS2	4256	GCCGACCTAGGA	2			
mol03294	chrS2	12692	CCGAGTGTCTTG	3			
mol04108	chrS1	11454	GACCTCCCGTGC	1			
mol05124	chrS1	12529	GCCCCCTTCTGA	5			
mol04912	chrS2	613	AACGCGTATTTA	4			
mol04062	chrS2	3603	CTCCCAGTAACG	4			
mol04746	chrS1	16281	AGCCTCTTCCAG	8			
mol01088	chrS1	12423	GCTCTGCGAGGT	6			
mol02473	chrS1	5083	CCGAGGGTCTCT	2			
mol04573	chrS2	3310	CGCTCTCAGGTG	4			
mol04208	chrS1	5750	ACGCGCAATGTA	3			
mol02126	chrS2	8781	AAATCGTTCATG	4			
mol02889	chrS2	17783	CTGGTGGACGTA	2			
mol05485	chrS1	7337	CCTAGAGGGGGC	1			
mol02435	chrS1	11387	CACAAGTCACAT	3			
mol00294	chrS2	19727	CGCATTGTTGGT	4	P148	a	hamming1
mol02528	chrS1	19524	CACACAAATTGG	3			
mol01112	chrS2	11371	GAGGGAAAACGC	2			
mol01724	chrS1	5188	CCCGATCGACCG	1			
mol05701	chrS1	161	GTGTGGTTGCAA	4			
mol01769	chrS1	11673	CCCATGAGCCGG	2			
mol04650	chrS1	8212	ACTGATAAGAAT	1			
mol02395	chrS2	19170	GGAACAAGGAGC	2			
mol02477	chrS2	6448	GTTGAGGGACCG	4			
mol00763	chrS2	5900	TAAAGCAAATCC	5			
mol04540	chrS1	16342	GGTGTATTCTGT	3			
mol02167	chrS1	9514	CGGTTTCCACAA	1			
mol03165	chrS2	11964	AAGAGTAACTGC	1			
mol02259	chrS1	10922	ACAGCATGAATA	3			
mol04228	chrS1	5795	ACACCGGCATAG	2			
mol02615	chrS2	15407	CATTGAAGATCC	1			
mol02398	chrS2	14384	TATGTGCTTACT	5			
mol01488	chrS1	573	GCCTATATTTGC	5			
mol00091	chrS1	8387	CGGCTCTTGCCG	3	P046	b	hamming1
mol00432	chrS1	5538	CGATTTAGCAAT	4	P217	a	diverse
mol05595	chrS2	15971	CATGTATAGAAG	3			
mol02112	chrS1	7989	AGATTGACGTGG	2			
mol00404	chrS1	14404	CCTACCGGTAGA	4	P203	a	diverse
mol05309	chrS2	17149	AGTCGGAACTAT	1			
mol02472	chrS1	17177	CGACCTACGTTT	1			
mol03741	chrS2	15485	CGCTTCCATGCG	1			
mol01313	chrS2	17827	CCAGCCATATCT	3			
mol00611	chrS2	19499	CCTGTAGTGTTT	1			
mol04232	chrS1	15243	GCAACAGCACTA	3			
mol01455	chrS1	3604	GGGGACAAGCCG	2			
mol01395	chrS1	19481	CATGCGTCATTA	2			
mol03259	chrS2	15455	TGTAATGAGTGA	2			
mol00385	chrS1	2764	CAACTTGTCCTT	3	P193	b	diverse
mol00379	chrS1	2709	CCCCATAGCTGT	3	P190	b	diverse
mol02912	chrS2	8831	TTGTGGACTCTA	3			
mol00804	chrS2	17547	AGACTGGTTTAT	1			
mol04221	chrS1	12782	TCATGTTTGCAC	4			
mol00641	chrS2	8186	AGGGTAGCCAGA	2			
mol04726	chrS1	19235	TGGTCATTATGC	2			
mol04025	chrS2	3377	CGTAGCGGGGCT	3			
mol04879	chrS1	8087	ACTTATAAAGAG	2			
mol01144	chrS1	4678	GAAGTTAAACCC	3			
mol03836	chrS2	15918	CACGATTACCTG	3			
mol02123	chrS1	19447	TTACCAGTCTTT	2			
mol02675	chrS1	12197	ATCGCCAACCGT	1			
mol04826	chrS1	16045	ACGAAGCCGAAA	2			
mol04549	chrS1	7936	GACACGCTTAAA	2			
mol00642	chrS1	16893	TAGGGTCTACCC	3			
mol00302	chrS2	12072	AGAGTGTAGCAC	4	P152	a	diverse
mol04999	chrS2	4383	CAAAGCCACGAC	1			
mol00215	chrS1	11216	AGCCCGAAGGGC	3	P108	b	hamming1
mol04197	chrS2	10339	TTAACGACCGAC	2			
mol03621	chrS1	13350	GATCCCACAAGG	3			
mol04297	chrS2	14251	AGGACCTGAAGT	3			
mol05582	chrS2	17035	TGTTCTACCTCA	2			
mol04387	chrS1	3239	TCCACTCTATAT	3			
mol00084	chrS2	17729	GAATACATTAGT	4	P043	a	hamming1
mol00435	chrS1	394	ACCGTGGAATGG	3	P218	b	diverse
mol04660	chrS2	12292	AAATAAAACAGA	3			
mol03129	chrS2	11866	CGAAAAGCATAC	6			
mol02739	chrS2	9845	TCAATTCTAAGG	2			
mol05382	chrS2	7882	TGGAGACATTGG	4			
mol03357	chrS2	14679	AGACACATTCAA	3			
mol04083	chrS1	10567	TTCGCGATTCAG	6			
mol04335	chrS2	8678	GACGTCGAAAGG	1			
mol01706	chrS1	17577	AGTACATTGGAC	2			
mol03794	chrS2	16241	AAATGCGTACGA	8			
mol03270	chrS1	17889	TATGGACCACTG	3			
mol03696	chrS2	6741	CCTACAGTTGTT	4			
mol05995	chrS1	8382	CTACATCCAAAT	4			
mol03024	chrS2	624	ACGGCCGAACAT	3			
mol01173	chrS2	14673	CTAACGCAGTCG	5			
mol04050	chrS2	15204	CCGCTGCTCAGT	2			
mol01011	chrS2	12912	TCTCTACGCGTT	3			
mol05252	chrS1	5321	CGCTTTACGAGA	1			
mol04364	chrS2	642	AAGCCCTATCAT	3			
mol03966	chrS1	16651	GAGGAAGGGTAC	1			
mol05126	chrS1	13563	GTACTCTAAAAC	1			
mol00801	chrS2	10408	CCTGACCCACTA	1			
mol02012	chrS1	12838	ACACCCAGTCCC	1			
mol02668	chrS2	1076	TATACCATGCCA	2			
mol03715	chrS1	9291	ATGCTATCGCGA	2			
mol01856	chrS1	15538	GAGATAAACCAT	3			
mol03457	chrS1	4075	CGTATTTGACGG	3			
mol03040	chrS1	1992	AAAAGTAAACCA	4			
mol00045	chrS2	3655	TTTTCACATGAA	3	P023	b	hamming1
mol01636	chrS2	6262	TGATTGTTTTAA	3			
mol03978	chrS1	1858	AGTATACAGTGC	1			
mol03254	chrS2	13844	CCTATCTTATAA	5			
mol05560	chrS2	14773	CTTCCGGTGTGA	2			
mol01340	chrS1	4675	ATTCTTAAGTGC	2			
mol05367	chrS2	15842	GTTTCTCAGTAA	2			
mol05659	chrS1	14840	CAAGTTCATAAG	2			
mol02893	chrS2	6938	TGCTCCATGCAG	1			
mol00260	chrS2	7615	GTGGACCGTGGA	4	P131	a	hamming1
mol05946	chrS2	9375	CTACCACTAGCG	3			
mol03443	chrS1	6041	GTCGGAAAGTTG	6			
mol01751	chrS2	9727	AATCAGGCCATG	2			
mol03698	chrS1	9762	TAACCCCTCTTT	6			
mol05434	chrS1	15946	GGATATTCGCGG	1			
mol02579	chrS2	3151	ATTTGCGATTAG	1			
mol00311	chrS1	16219	GCGTGGAAACAC	3	P156	b	diverse
mol01853	chrS2	2580	ATACATGGAAGT	2			
mol04835	chrS1	5790	GATTATCGACGA	3			
mol00503	chrS2	1017	GACAGAGGATAA	3	P252	b	diverse
mol01939	chrS1	18657	TACGAAGTGCGC	1			
mol01205	chrS1	10170	AACTAGCAATGC	2			
mol00266	chrS2	15935	GGGCTTTTCAGC	3	P134	a	hamming1
mol05818	chrS2	9777	CATCGGGTACGT	1			
mol02175	chrS2	16023	CTCCGCTGGGGC	1			
mol03623	chrS1	18197	GAACAGAGATTT	2			
mol03657	chrS1	8237	AGCATTCACTGG	5			
mol04913	chrS1	14791	TCGCCGACGCAT	1			
mol04865	chrS2	12325	CCGGTTACTAGG	1			
mol01420	chrS2	703	CGGGGCGAAGGG	1			
mol01799	chrS2	4414	CGAATCATCTGA	4			
mol03392	chrS1	16466	GGTAGATAATCC	6			
mol04450	chrS2	18058	TAATGATCTAAT	1			
mol02150	chrS2	6069	ACGGCAACACAG	1			
mol05055	chrS2	3365	CACCCGCGGCGA	5			
mol02622	chrS1	1987	AGTAGAATGTGC	3			
mol01641	chrS2	4081	CTATTATGGAGA	4			
mol03894	chrS1	17625	GCACGTAGTCGC	4			
mol01920	chrS2	16243	GACGCCGCCTTC	4			
mol01764	chrS2	1309	CATTCGTGGTGT	1			
mol02529	chrS1	12222	ATCTCATGTACG	2			
mol00622	chrS1	3704	ATCCTACCTACA	5			
mol03465	chrS1	7940	GTCAGGAGGATT	4			
mol02904	chrS2	6788	ATTCAGGGCTGT	2			
mol04251	chrS2	4919	TAGCGGATGTCA	3			
mol03232	chrS1	2613	GAGGCTACCGTC	1			
mol00470	chrS2	482	GTCAGACTGAAC	4	P236	a	diverse
mol02828	chrS2	15012	AGCCGGACGCAC	3			
mol01520	chrS1	5361	AAATCCCATGCT	1			
mol00386	chrS2	6486	GTCCACCGCACG	4	P194	a	diverse
mol02327	chrS2	7487	GGGCATTTAAGC	2			
mol02122	chrS1	7167	TATAGAGACCTC	2			
mol05380	chrS1	15838	TGCCATTTAGAG	3			
mol04367	chrS2	7731	AGAAGAGACGGG	2			
mol04713	chrS2	13811	AAGGTAGGGTAC	1			
mol03014	chrS1	8511	TTTCGGGTTGGT	2			
mol01443	chrS1	8950	AACTTTCCGTAT	5			
mol03599	chrS2	3938	TGAAACTAGCAA	1			
mol04180	chrS2	3005	TCATGTGCCCAG	3			
mol03796	chrS2	2776	GCGTATAACCAC	3			
mol01282	chrS2	1680	GCATACGTTCGC	1			
mol03440	chrS2	7538	AGAGATGGCTGC	3			
mol03475	chrS2	16023	ATATAGTTATAA	1			
mol03339	chrS1	18168	TTTACCTGGACT	3			
mol03352	chrS2	10749	TGCGGTGATACA	2			
mol00903	chrS1	17087	TTGCGCCGCCCA	2			
mol04915	chrS1	5929	GCTCTATGCCGT	1			
mol03848	chrS1	11914	GACTACGCGTAC	3			
mol00805	chrS2	17700	CATGAGAGGAGC	1			
mol02740	chrS1	16364	CGGACCCTACCA	3			
mol03903	chrS1	19585	GTCCTAGCCATC	2			
mol05095	chrS1	7184	CGTGGGGCAAGA	4			
mol00589	chrS1	8011	TTGCAAGCCGTA	3	P295	b	diverse
mol04088	chrS1	8494	ACACGCAACAAC	1			
mol03326	chrS2	10096	TTACCTTAGTAA	2			
mol01276	chrS1	2406	AGGAGGGGTAAC	2			
mol02717	chrS1	7020	GGTCCGGGTTAC	2			
mol04493	chrS2	19767	TCGTGAATTTCC	2			
mol02624	chrS1	7639	AAGGTAGTGTTT	1			
mol01459	chrS2	8847	AAGTTCAGCTTG	2			
mol02908	chrS1	1583	GGACCTAAATGC	1			
mol01211	chrS1	11717	CTACTACGGGAA	5			
mol03114	chrS1	3373	AGTTACATCCTT	4			
mol04052	chrS1	18820	TCTAAGGATCTT	1			
mol03302	chrS1	10703	GCACCTATAATA	1			
mol05297	chrS2	17987	CAAGAGAATTGG	1			
mol00350	chrS1	15592	CGTCAGACGTAG	3	P176	a	diverse
mol01837	chrS2	15812	ACGAGTGTGGTC	1			
mol00430	chrS2	12564	CGCTGCCAAGTT	3	P216	a	diverse
mol02476	chrS2	12795	GTGTCTCGTCCT	3			
mol02823	chrS2	7145	TGTGTTTTCCGC	2			
mol00206	chrS2	4984	ACAGAATTGGCC	3	P104	a	hamming1
mol02776	chrS1	3682	AGGGTGGGCGGA	1			
mol01633	chrS1	13002	GGTGGCATAGCC	6			
mol04534	chrS2	16462	AAACACTGATAC	5			
mol03496	chrS1	8979	AAGGAAATGCTA	3			
mol03533	chrS2	2080	AACACTAAAGTC	3			
mol03582	chrS1	19535	GTAGTTGAAGTT	3			
mol00065	chrS2	14518	GACGCGTCTACA	3	P033	b	hamming1
mol03264	chrS1	17778	ATAGTCTTGCTA	4			
mol04797	chrS2	10786	ACTTCATACAAA	4			
mol00024	chrS2	7200	CGACTACATTCG	4	P013	a	hamming1
mol04775	chrS1	19166	AGGTATCCCCTA	5			
mol01307	chrS1	5321	ATGCGTCTCGCC	2			
mol03178	chrS1	12178	GCGGATCATCTA	5			
mol05719	chrS1	6687	CCATCACCCCTC	4			
mol00106	chrS2	2123	AACAGCGCCGGC	4	P054	a	hamming1
mol03790	chrS1	19404	TAGATTGAGTAC	2			
mol02140	chrS1	11874	GTGCTCTTAGAA	4			
mol00844	chrS1	9834	CGCGTCGCATCT	8			
mol00960	chrS2	12952	TGACTTTGTAAG	1			
mol00907	chrS1	9232	GGAAAGTTACCA	1			
mol01050	chrS2	11953	CGATGCCGGACT	1			
mol00738	chrS2	6614	GCCCCAGAAAAT	3			
mol03085	chrS2	4414	ACGCTAGGACTG	3			
mol02934	chrS2	18122	GCATACTCCTAT	1			
mol05767	chrS2	16264	TGGCGGTTAAGG	2			
mol03204	chrS2	9131	ATATCGAGCCAA	2			
mol03413	chrS1	12205	GCATTTCCAATG	2			
mol02504	chrS1	11193	CCATTTTTCGGA	1			
mol01711	chrS1	13778	CTTGCACTCTCA	1			
mol05594	chrS1	14863	TCAACGCTCAGC	2			
mol03685	chrS1	15804	TTGTAACCTCCC	2			
mol04584	chrS2	557	GTGTTAGGACCC	3			
mol02923	chrS2	18373	GATGGGAGCCGG	1			
mol05828	chrS1	19493	CACTACGTTGAG	3			
mol02980	chrS1	12442	GGATACCGGGCT	1			
mol02557	chrS2	6334	CTTAATATCACG	1			
mol04831	chrS1	18304	AGTAGCCTTTGG	4			
mol01924	chrS1	13631	TTGCAGGTCATG	3			
mol03365	chrS2	16669	CTCCAATTAACT	1			
mol02769	chrS1	13310	TCACGGATGTGC	3			
mol03274	chrS2	10188	CTCCAACCGATC	1			
mol03089	chrS1	19522	GTCTGATGTGCT	1			
mol03958	chrS2	4071	ACACCTTGATTA	5			
mol00057	chrS1	10867	ACGAATACTCCC	3	P029	b	hamming1
mol05481	chrS1	18830	TCTATTTCGACC	3			
mol03421	chrS2	17064	TGCGCACCCCGT	6			
mol02811	chrS1	9040	TGCGCCTGTCAT	1			
mol01494	chrS1	8671	TTTTCTAGGTCA	4			
mol01258	chrS1	14127	GCATCTAACAAA	1			
mol03888	chrS2	17154	AACTCGTGCGCC	1			
mol03167	chrS2	2712	GAAACATCTGGA	3			
mol01742	chrS1	4065	TTGTTTAGCTCT	2			
mol03530	chrS1	236	ATCGCTAGATCC	1			
mol00935	chrS1	3400	TTCGATCGAACA	2			
mol01745	chrS2	4391	GCAACAGTAATC	2			
mol01718	chrS1	4424	GACCTAGGACGG	1			
mol01945	chrS2	5064	TTCAGTAATTGT	4			
mol02770	chrS1	19768	TCTTTGGTACGT	3			
mol04504	chrS1	2776	ATGAATTCGATT	3			
mol00169	chrS1	9957	CCTGAAAAGCAG	4	P085	b	hamming1
mol05226	chrS2	19338	CCTCATGATGGC	1			
mol05158	chrS1	11255	AGCCACTTATTT	3			
mol03175	chrS2	7125	ACAAAGCTGGGC	3			
mol01116	chrS2	2858	TGGGGAGGCTTT	3			
mol03055	chrS2	17980	ACCTGTCCTGTC	2			
mol01090	chrS1	11417	AGCCAGAGCTAG	1			
mol04602	chrS2	14180	TCAAGAGCATGC	4			
mol01973	chrS1	16627	TGAGCACCTAAA	1			
mol03768	chrS2	17810	TGCTAAGGTAAT	3			
mol01659	chrS1	2321	GCCGCCGCTAGG	1			
mol03034	chrS1	1361	GCCAAGTCGCGA	2			
mol05306	chrS1	7918	CGTCGCGCGCAA	2			
mol01613	chrS2	8902	CGGGATCAAAGT	6			
mol02644	chrS1	12816	ATGTCCGGTTTT	1			
mol00550	chrS2	16797	TTAGTGCGTTGC	4	P276	a	diverse
mol02131	chrS1	14477	TTTGCGTTGTCA	3			
mol03229	chrS2	4578	GGGACGGTAAAA	1			
mol04047	chrS2	10794	CAGACGAAAGAC	1			
mol04389	chrS2	5938	TTATTGACGCGG	1			
mol02270	chrS2	18765	GGTAGGCAGGTA	1			
mol00390	chrS1	7046	TCGAGGCATGGT	4	P196	a	diverse
mol00950	chrS2	11350	AATCCGATTAGA	3			
mol02960	chrS2	9022	AATAGGCGAGGT	6			
mol00887	chrS1	1476	CAGGTTAAAGGA	1			
mol00410	chrS1	16576	TAGTATGGTGAG	4	P206	a	diverse
mol00691	chrS1	12764	CGCGGTTAACCT	8			
mol02535	chrS1	10467	CTACAATAGTGC	5			
mol01433	chrS1	7754	TTGTCCATTCTG	1			
mol01996	chrS2	10947	GCATAGTGCGAG	1			
mol05264	chrS2	19797	ACGTCCGTACCT	4			
mol01231	chrS2	12185	GCGGGAGGTTGA	2			
mol04106	chrS1	8876	GGTGATGACCGT	5			
mol03414	chrS2	14042	GGCGCCGGAAAT	2			
mol00996	chrS2	15826	TTCGTTGTCTAC	1			
mol00023	chrS2	7218	CTTGTCTCTCTG	3	P012	b	hamming1
mol01530	chrS1	12145	GTGCACCAGGAG	2			
mol03560	chrS2	9776	CTGAATTTAAGA	2			
mol05976	chrS2	344	GATAGAGACCGG	5			
mol04111	chrS1	5891	TAGTTCGGTGAC	1			
mol01351	chrS1	6280	GAGAAGGACCTG	3			
mol01260	chrS2	8123	TGGGAATAGAGC	1			
mol02862	chrS2	2583	ATCCCAATTTGG	5			
mol00609	chrS2	2122	ATCCATTCTGGC	3			
mol02814	chrS2	7439	CAATATACAGGG	3			
mol01490	chrS2	7194	ACTTCGTCCGCC	5			
mol02114	chrS1	13492	CACAGCTCAGGC	1			
mol01793	chrS1	5528	TTGAATCGTAGG	3			
mol01007	chrS2	8401	CCAGAACATACC	1			
mol01949	chrS1	7800	CTTGCAACGGGT	3			
mol00553	chrS2	5786	TCGTGCTACCAC	3	P277	b	diverse
mol01060	chrS2	646	AGCTGGCCGACT	2			
mol05169	chrS2	13737	TAACAATTCCCG	2			
mol01701	chrS2	3198	GTACCAAGTTCG	1			
mol05868	chrS2	19316	AACTGCTGACAC	6			
mol03078	chrS2	10600	CTCTGGAATCGG	1			
mol05316	chrS2	15108	GCACTCATAACG	1			
mol05907	chrS1	15679	ATACGACATGGT	2			
mol05435	chrS2	14984	AGTTCAAGGGTC	3			
mol02845	chrS1	3748	ATTGAGGATTCG	1			
mol00769	chrS2	2894	ATTGACACCATC	2			
mol01161	chrS1	3943	GGGTTGTCCGAC	1			
mol01851	chrS2	6134	GGATGGATGGGT	1			
mol04092	chrS1	12208	ATTCGCGAGATA	1			
mol04844	chrS1	8173	TCAAGTGAGTGA	1			
mol00543	chrS2	7886	GGTCCTTGGCAG	3	P272	b	diverse
mol00369	chrS2	637	CGATACCTCCCA	4	P185	b	diverse
mol03157	chrS1	14699	CTCTCGTGACCG	3			
mol02868	chrS2	1193	GCAAGGGAGACG	2			
mol00536	chrS1	16524	GCAACCTCGTCC	4	P269	a	diverse
mol05728	chrS2	14052	CCACAATTCTCC	1			
mol01881	chrS1	4095	ATGGTAGCCGAT	1			
mol00876	chrS2	3889	GGGAGATTTCCG	2			
mol03661	chrS2	16830	CTCACTTAGGCT	2			
mol04869	chrS2	5690	AGCGCTTTACAG	4			
mol00315	chrS2	10473	GAAAGGGGCAAG	3	P158	b	diverse
mol04004	chrS1	3861	CATGAGGACCGA	3			
mol01685	chrS1	1644	TCTAAACCGTTC	1			
mol04881	chrS2	14318	GTACCCGTATTC	8			
mol03652	chrS2	19651	AAATGAGACAGT	4			
mol04548	chrS2	8598	TAAGCTGTGCCC	4			
mol04821	chrS1	1434	TGTTTGTGAATA	4			
mol01414	chrS2	248	AGATCAGCAACT	8			
mol01425	chrS2	2563	AACAGCCTATCT	1			
mol02245	chrS1	10706	TATTTTCACTTG	5			
mol03043	chrS1	1110	TACTCAGTAAAT	2			
mol03867	chrS2	16327	TGTGTACGTTGG	1			
mol05668	chrS2	8617	TACCATGTCCCA	8			
mol00926	chrS1	14111	CGACAAGCATCA	4			
mol05992	chrS2	15990	GCCTGGGGGTTA	3			
mol02927	chrS2	9617	GATTCACTTCCT	1			
mol00940	chrS1	7616	AACGATATGTCG	4			
mol01394	chrS2	10957	ATGTTGGAAGAT	5			
mol00714	chrS2	7052	GCTTAACAGGTC	2			
mol04993	chrS2	12667	ATAGCTCGGCAA	4			
mol00551	chrS2	16797	TCGGGTTCTACG	3	P276	b	diverse
mol04099	chrS2	3485	TTCGAAGTTCGC	2			
mol02670	chrS2	15815	AATCTGGGGGCT	2			
mol04290	chrS1	15777	ATGATTTCTGTC	2			
mol00726	chrS2	3133	CTAGCATACTGA	3			
mol01557	chrS1	6991	GTATGATGGTCA	1			
mol04184	chrS2	348	TTTGAAGCACTA	4			
mol00000	chrS2	2739	ATACTACGGACA	3	P001	a	hamming1
mol00626	chrS1	18140	AGATTTTCAGAA	3			
mol04051	chrS2	98	AACTCGCATCAG	1			
mol03720	chrS2	10783	CCTCGAGTTTTA	5			
mol02404	chrS2	1690	GAGATTTTGGGA	2			
mol00842	chrS2	9097	TGGGAATGTATC	2			
mol00862	chrS1	7398	ACCCACTTCATG	1			
mol01547	chrS2	16232	AATCAATTTTTC	8			
mol05249	chrS2	16743	GGTTTCACTTAC	5			
mol01823	chrS1	19784	ACGCAGCTGAAC	2			
mol00395	chrS2	14543	GACTGCCGCGGG	4	P198	b	diverse
mol03766	chrS2	14307	ATCATGAGTGAT	1			
mol05575	chrS1	5586	CAGCCACCCGTT	3			
mol03584	chrS2	6008	CGAGCGAAATGT	8			
mol00283	chrS2	8390	AGGCAGCTCCTG	4	P142	b	hamming1
mol05746	chrS1	2131	CGGTTAAGAAAA	1			
mol00051	chrS2	19788	AGATTCTCCGTG	4	P026	b	hamming1
mol03049	chrS1	5381	ACCTTGTATTGC	3			
mol04428	chrS2	11386	AATAAGCACGTC	1			
mol02771	chrS1	2865	GAGGGGGGTGTC	4			
mol02119	chrS1	14543	GTCGAGGGTACT	1			
mol02791	chrS1	17679	ATGTTCTTGCTT	4			
mol00050	chrS2	19788	AGATTCTCCCTG	3	P026	a	hamming1
mol03331	chrS2	5561	CGGACATTCCCG	6			
mol05450	chrS1	13450	CCCTGGATGTTC	3			
mol05236	chrS2	6718	TCTGCCGACGGA	2			
mol05570	chrS1	13926	GCCTTCTTGGTC	3			
mol04257	chrS1	3408	CGCGCCATGCTT	3			
mol02836	chrS1	19336	TATGCAACAAAC	1			
mol00868	chrS1	11086	TGAATCAGGCCT	1			
mol04000	chrS2	17880	CGAATCTCAAAT	2			
mol03934	chrS1	11080	CGCGACCCCGAA	3			
mol04190	chrS2	14141	ATCAACGGGACA	3			
mol00348	chrS1	9588	ATCGCCCAACTA	3	P175	a	diverse
mol04668	chrS1	6093	GCTGCCTCGGCC	1			
mol05234	chrS2	12941	GCGGCTGCATGT	2			
mol05909	chrS1	7011	AGTCTTCGGCGC	1			
mol02714	chrS1	4597	GTGGGATGCGTC	2			
mol02532	chrS2	5368	ATGTTTCATCAC	1			
mol03850	chrS2	13836	CTTGCGAGTATC	3			
mol05473	chrS1	383	AAGCGATCAGAA	4			
mol03113	chrS2	15489	ATTCGGGAATTA	1			
mol03174	chrS2	8231	AAGGAGACAAGG	8			
mol04779	chrS1	19754	GCTGGAGCGGAC	3			
mol02397	chrS2	18215	GGAACAACAAGC	1			
mol02592	chrS2	13726	AGGATCGTGCAA	5			
mol04430	chrS1	4684	GAGACCATTATT	4			
mol02746	chrS2	11328	CAATACTTTTAA	1			
mol02499	chrS2	11208	CAAGAATCGGCG	6			
mol01941	chrS2	7414	CCCACGTGTGAG	1			
mol01862	chrS2	5054	AACCCCCCGGCT	3			
mol01196	chrS2	10470	GCTAGCGTGTTT	4			
mol01360	chrS2	5742	TATGGGAATATT	2			
mol04055	chrS1	13962	GCGCAGAGTTAG	3			
mol00849	chrS1	11321	CACAAAATGAAA	2			
mol05205	chrS1	5199	GTTATAGATACC	1			
mol04274	chrS1	14439	TCCTGAGACATC	8			
mol03773	chrS1	4518	AGTGTCAACCAG	1			
mol02260	chrS2	10635	TCACAGTGTGTT	2			
mol01600	chrS1	17230	TTTTTTCGCACG	5			
mol02096	chrS2	18605	CCAATGCCCAGT	2			
mol00375	chrS1	4452	TAGTTCTAATTA	4	P188	b	diverse
mol01119	chrS2	8764	AGGCTCCCAGCT	2			
mol03262	chrS2	5614	TCTGCCGAGTTT	4			
mol03849	chrS1	10088	ATATCGTATAGC	1			
mol02060	chrS1	17161	CGTAATACTCAT	3			
mol02367	chrS1	14865	ATGCCCAGATGC	2			
mol04357	chrS2	10842	CAACAAGCGGTC	1			
mol00880	chrS1	5757	CGCCAATTCTAG	2			
mol01842	chrS1	19519	CACCTCTCAGGT	1			
mol04256	chrS1	4568	AGCCCGAGCGTC	2			
mol03227	chrS2	3082	ACGGCGGCGGCG	3			
mol02820	chrS1	2209	TGTGTTCTGAGA	1			
mol03755	chrS2	10744	CCTCTAACGGAA	3			
mol05509	chrS1	6898	AATGCGCGATAC	5			
mol01436	chrS1	16765	ATTGCGGATAGA	3			
mol01387	chrS1	6088	GGTGCACTAAGG	1			
mol01791	chrS1	5436	ATACAAGGATCA	3			
mol03730	chrS2	19027	GATTGTTTCGAA	2			
mol04420	chrS2	9655	GTGATTTACCGG	1			
mol03211	chrS1	15264	CCCTATCTACCC	6			
mol05806	chrS2	8197	AACCTGCGTCAA	3			
mol04756	chrS2	10846	CGAAAATATGCG	1			
mol03096	chrS2	8397	CATCCAAGATGA	5			
mol04612	chrS1	1065	TAGTCGGGGCAG	4			
mol04783	chrS2	5731	CAGGCCGAAATA	1			
mol00110	chrS2	10910	GCAGTGGGTGAA	3	P056	a	hamming1
mol05760	chrS2	2320	GCATGCCGAGGG	4			
mol05250	chrS2	3380	TCTTATCTTCTA	2			
mol04397	chrS2	18343	GTATCTAGTAAT	3			
mol00353	chrS1	17019	TGAAAGGGTCCT	4	P177	b	diverse
mol04390	chrS1	14826	TAAACCGAGACG	3			
mol03411	chrS2	11980	TGAGCGTATTAG	1			
mol01257	chrS2	14105	GTGTTATTGAAT	2			
mol00659	chrS1	13795	TGTTATCGCCAT	5			
mol00192	chrS2	1637	GGCTCAAGCCGG	4	P097	a	hamming1
mol03307	chrS2	634	ATACCGATGCCT	4			
mol04137	chrS2	6627	CTCCATCAATCG	6			
mol04269	chrS1	29	GCTTGTTTGAAC	1			
mol03439	chrS1	9317	AGCTCTTTCAAC	6			
mol03237	chrS1	19183	ACTTTTTCGGCT	1			
mol04376	chrS1	19204	ATATGCAGAAAC	6			
mol04526	chrS2	9452	CTTCGCAGAAAT	2			
mol01263	chrS2	10104	TATCGCGCGTCC	1			
mol00038	chrS1	2045	TGTAGGTTATTG	4	P020	a	hamming1
mol03675	chrS1	12105	CCAAATTGGCAG	2			
mol01148	chrS2	5806	ATAGTTCCCTAT	1			
mol03196	chrS1	7884	GTATGCACCTTG	3			
mol04310	chrS1	19068	GTAAAATTAGCT	3			
mol05302	chrS1	10174	GGGAGGTGCGCG	1			
mol01959	chrS1	19682	AACTCACGTCAG	2			
mol04281	chrS2	4628	CACGCCCTGCAA	1			
mol03921	chrS1	6977	TTGTAAGTATAC	4			
mol05742	chrS1	19084	TTATTTGATGAT	5			
mol03461	chrS1	4349	TCCCGTTGCGCA	1			
mol05814	chrS1	7224	TAGCGTGAATGG	6			
mol04327	chrS1	15079	GTCTGAGAGCTT	2			
mol04962	chrS2	18947	CCATCCGCCTGA	2			
mol00863	chrS2	11840	AACGGACAGGTA	3			
mol05477	chrS2	12727	CTTCCTTTTGAT	2			
mol04676	chrS1	2820	CGAGGGATGGTC	5			
mol02915	chrS2	15865	GCACTTTCACTG	3			
mol00338	chrS2	622	CGATCTAACGCT	4	P170	a	diverse
mol05894	chrS1	3786	CCGACTGGTCCA	4			
mol01224	chrS1	11038	TGAACCAAGCTT	1			
mol04132	chrS1	5024	ATAGCAAGAGAT	3			
mol03251	chrS2	15879	CCTGACTGAATA	1			
mol03633	chrS1	2707	ACCATTGATCCA	2			
mol03709	chrS2	19791	CGACAAGGGTGA	5			
mol03345	chrS1	19534	TTAGCGAATATG	4			
mol00542	chrS2	7886	TGATCTTAGGGG	4	P272	a	diverse
mol00736	chrS1	5480	ACCCTAGCGCTG	1			
mol00271	chrS2	18915	AGGGTCCCGCTG	4	P136	b	hamming1
mol00323	chrS1	8228	CCAGGAGTGCCT	3	P162	b	diverse
mol04158	chrS2	10325	GCGATCACAACG	1			
mol05903	chrS1	3253	CGACGGGTTAAC	2			
mol03927	chrS1	1492	TATGTAGACGCT	5			
mol00492	chrS2	9833	GTGTTTCTACCA	3	P247	a	diverse
mol04479	chrS1	3735	TATACCACGTTT	4			
mol04192	chrS1	8011	GGTTAATCACTA	8			
mol03384	chrS2	6607	ATACGCTAATGC	1			
mol05403	chrS1	16709	GTAGGGAATGTC	8			
mol05919	chrS1	2427	GGAAAGGATTGG	2			
mol02872	chrS2	7967	AATCCGCTGTCA	5			
mol00856	chrS2	16730	CGACGATATTGG	1			
mol04349	chrS1	16275	ACCTGTAAACGA	3			
mol02751	chrS2	6875	GGAGCTTGACTG	1			
mol04600	chrS2	4638	CACCTACCTACT	1			
mol02743	chrS1	11438	GGACGAGAGGTA	2			
mol05258	chrS2	16771	AAAGACTGCCAG	5			
mol03073	chrS1	15026	GGAGGGACCCCA	2			
mol01495	chrS2	8586	GGATCTCCCCCC	1			
mol01275	chrS2	8728	TCCGGGAAGCAT	6			
mol01059	chrS1	3962	GATAATGAGTAC	3			
mol01908	chrS1	12855	CCGCTAATATTT	2			
mol01204	chrS2	6235	TACAAGCCTAAG	6			
mol00498	chrS1	17927	CTTTTACGTCAG	4	P250	a	diverse
mol02847	chrS2	2022	GCCAAATCCCAT	1			
mol04906	chrS2	4260	GACGTACCGGTT	5			
mol05417	chrS1	14449	TTATATTGCCAA	2			
mol02008	chrS2	19815	AGATTTTAGTCC	1			
mol03119	chrS2	8943	CGGGTTACAAAA	1			
mol01877	chrS2	16239	GAGAGGCGTCGA	2			
mol03376	chrS1	3623	TAGGACGTTTTG	1			
mol00456	chrS2	11136	CGAACGTTACCA	3	P229	a	diverse
mol05609	chrS2	12682	TAAAGCACCGAA	3			
mol03256	chrS2	583	GTCGGTCGTCCC	2			
mol04553	chrS1	7446	CATCAGTGGCTG	3			
mol01686	chrS1	14016	AACGTTTGACAT	1			
mol02042	chrS1	2313	GATGTATGGCAC	1			
mol02498	chrS2	6491	TAGCGCCCGATG	6			
mol02503	chrS2	9284	GGACCGCGAAAC	1			
mol05112	chrS2	4556	GATGTACTGACG	1			
mol01362	chrS1	3577	GTAGGACGCTCT	3			
mol00035	chrS1	13692	TCAAAATGAGAT	4	P018	b	hamming1
mol04346	chrS1	7560	GAAACCACATCG	1			
mol02192	chrS2	13764	AGCCCTCGGACT	1			
mol00151	chrS2	7727	GAGTCAACTAGG	4	P076	b	hamming1
mol00276	chrS1	7693	ATTTTTTTCTCC	4	P139	a	hamming1
mol05844	chrS1	15706	CTTACTCGAGAC	2			
mol02092	chrS1	19641	GCGGGTCCACTT	2			
mol05797	chrS2	12448	AAGCGGACTGTG	2			
mol01111	chrS2	18442	TGCATAATTGTA	2			
mol00693	chrS1	16650	GGGTAGTTCTTG	4			
mol01857	chrS2	5459	CCTATGTTAGAG	1			
mol01043	chrS1	11615	AAATATCCTTAC	6			
mol05975	chrS2	15222	CAAACGCTGCTC	1			
mol02994	chrS2	7594	AGGGGTGGTGAC	3			
mol02188	chrS1	14686	GGCTAAAAGCCT	1			
mol01266	chrS1	11098	CTTCTTGGTGCA	2			
mol00559	chrS1	2153	ATTTGCGAGTAC	4	P280	b	diverse
mol02816	chrS1	8119	CCGTCAGCACCA	1			
mol04704	chrS1	19080	ATGAGTGCACCA	2			
mol00993	chrS2	11296	GTCACGTTTTGT	4			
mol02680	chrS2	19227	GCCACCACACTC	1			
mol00033	chrS1	16080	AGCGAAGCACGA	4	P017	b	hamming1
mol04022	chrS2	19804	GTGGCCCAGGGG	1			
mol00199	chrS2	2645	CATGTTACGCAT	3	P100	b	hamming1
mol03611	chrS2	15121	ATACATGTCTAC	2			
mol00450	chrS2	1453	CGCGCGCATGGG	4	P226	a	diverse
mol02556	chrS2	13905	TAACGCGAGAGA	1			
mol02216	chrS1	7972	TGCTAAGTTTGT	3			
mol01583	chrS1	17869	CCATCCCTCATA	5			
mol01929	chrS1	10863	GTTGACCAGGGG	5			
mol05696	chrS2	10387	CTCCTTGCGGAT	2			
mol01326	chrS2	13037	GGGTGGTCGGAA	5			
mol00506	chrS1	15086	ACGACATCAGGC	3	P254	a	diverse
mol02256	chrS2	11558	GGCGAGTACGAC	4			
mol03750	chrS2	7415	CATTGGCCGTAC	2			
mol01967	chrS2	6032	AACGAAGTCAAA	3			
mol04262	chrS1	18776	TCTAATCGAGTG	4			
mol01680	chrS1	566	CATGTCTAGCGT	4			
mol03986	chrS1	3885	GTCTAGTTCTCG	1			
mol05545	chrS2	6106	TCCACAGTTTGT	1			
mol02223	chrS1	6515	CTTTAATCGGAA	3			
mol01374	chrS1	11049	CTATTCGTACAG	2			
mol01246	chrS2	12993	AGTAGCTCGCAC	4			
mol02253	chrS2	3717	TTAGGCCGAATA	2			
mol01741	chrS2	5832	GAGGTGACCATA	2			
mol01108	chrS1	12876	GCGGCCGCTACC	1			
mol00236	chrS2	3026	CTAGGAGCTTGG	3	P119	a	hamming1
mol04833	chrS1	19466	CCGTAAGGTGCT	2			
mol04980	chrS1	8250	CCTTGAAATGAT	6			
mol00855	chrS2	13491	GTCGCATTTATT	1			
mol03231	chrS1	15181	CTTCTTTCGCTC	2			
mol02855	chrS2	12307	CTTTATCAACGA	2			
mol02322	chrS1	16048	CACAAGTATTCC	1			
mol00780	chrS1	8056	CGGAGCTTCACC	2			
mol01974	chrS2	3195	TTAATGCTTTCT	3			
mol05738	chrS2	2691	TATCCGGTGTGA	3			
mol04680	chrS1	3388	GAGTTATGCCTG	3			
mol03789	chrS1	12654	CTTCTAGACGGG	1			
mol01818	chrS2	213	CGTAAAGAAAAT	1			
mol01940	chrS1	13429	CATGAGGTCACC	3			
mol04958	chrS1	872	GGTGTTGTGTAA	1			
mol05054	chrS1	6608	TTCTTTAACTGC	1			
mol02079	chrS2	15886	ACGCTGGCGCTA	2			
mol01648	chrS1	193	ACCGAGTATTTC	2			
mol01241	chrS1	604	TTCGTGCACGAG	1			
mol04183	chrS1	6388	TTGGGACTTGGC	3			
mol00904	chrS2	1101	CCTAGGCTGTCC	3			
mol04921	chrS2	15282	AGTACAGCACCT	4			
mol05675	chrS2	18957	AACGCAATACAA	1			
mol05748	chrS1	6452	GACAGCTTAGAC	3			
mol05929	chrS2	3215	CAAACCCACGCG	3			
mol05469	chrS1	6553	GCGAAAACGAGC	3			
mol05281	chrS1	10563	CTATTTGTCCTA	2			
mol02586	chrS2	1134	ATACAGTCCCTT	3			
mol04982	chrS1	5990	ATTAGGGATTGT	1			
mol01350	chrS1	2425	CTAAGTTTGTGT	1			
mol05961	chrS2	8180	GGGTGCTTTCCA	2			
mol00111	chrS2	10910	GCAGTGGGTGCA	4	P056	b	hamming1
mol01250	chrS1	321	CTATCACCATCC	5			
mol00949	chrS1	2549	ATAGCATATCCC	2			
mol03653	chrS2	17913	AGAAATGGGGCG	3			
mol01756	chrS1	4479	CATAAAATTCAA	5			
mol05819	chrS2	4165	CCCACTCGAATT	2			
mol05642	chrS2	3373	GAGACTAATGCA	4			
mol02134	chrS2	10872	CGAGCAGGGGCC	3			
mol03207	chrS2	10997	TACAGAGGCCTC	2			
mol05116	chrS2	10388	TATGCAAAGGTA	5			
mol04464	chrS1	1056	GGATACGGACAA	3			
mol03643	chrS1	1791	CCAAGTGGATGA	3			
mol02596	chrS1	12093	GAAAAGGGGATC	1			
mol02752	chrS2	12115	CCACAAGATCTA	3			
mol05749	chrS2	1121	CAAATCACTGGT	2			
mol04485	chrS2	11921	GGAAGAGGATGA	1			
mol03095	chrS2	4931	TCATACTCCATT	2			
mol03076	chrS2	13878	GGTTCGGGTTAA	2			
mol03074	chrS2	11310	TGGAACCCCAGC	2			
mol02487	chrS2	12754	CGACAGAGGCTT	2			
mol04733	chrS2	13496	ATAGGAATGCAT	2			
mol03832	chrS1	721	CTGGGTTGCGCC	1			
mol00772	chrS2	15688	GCGTCGGATGAA	3			
mol03186	chrS1	1194	AGAGGTAACTGC	1			
mol02555	chrS2	8280	GAACACCCCTAA	2			
mol00321	chrS1	9134	GAGTATCGAGAA	4	P161	b	diverse
mol04997	chrS2	8351	CCATCGACCTGA	1			
mol05114	chrS1	8865	CTCACAGTTAAA	1			
mol00428	chrS1	5194	TCTATACCTTCA	3	P215	a	diverse
mol02606	chrS2	1831	CCTACGTTTGCG	1			
mol01981	chrS1	8705	ACCCACTGACAA	3			
mol01536	chrS2	368	TAGGCGATTACG	4			
mol00789	chrS2	3957	TGGTTACAAGAC	4			
mol00758	chrS2	7183	GGACGGACCGAC	3			
mol00822	chrS1	6102	CTCCCTGTGTCC	3			
mol01914	chrS2	9296	TGACGTCGCGCA	6			
mol04638	chrS2	5260	AATCCTCGTTAC	1			
mol05811	chrS2	18651	GACGCCGGTCAG	2			
mol02353	chrS2	8989	ATATTCAAAAGG	1			
mol05431	chrS2	8706	GCCAATATCTGT	5			
mol01081	chrS1	10207	TCGGTGTAACTT	2			
mol03316	chrS2	3897	TCTCAGGTTAAC	4			
mol03405	chrS1	6180	AGCCACCTTTAT	2			
mol02723	chrS1	7229	AATTCCCATGCG	5			
mol05328	chrS1	974	CGTCTTTTTGCC	4			
mol01632	chrS2	6309	TATGAATCTGAA	2			
mol04488	chrS1	8427	CGGCGTTGGCTT	1			
mol01469	chrS1	7566	ATGATTCTACCG	2			
mol05859	chrS2	6988	GACCACTCTACG	1			
mol05103	chrS2	16515	TACCCGCAAGGA	1			
mol03976	chrS1	7219	TACCCCGTGGTG	4			
mol03731	chrS2	3354	GCCTTTCGATGC	1			
mol02202	chrS1	10459	GACTGAAGCCAA	1			
mol04639	chrS2	162	TTTGAGTGATTA	1			
mol01480	chrS1	4664	CTTCCAACGATA	3			
mol03984	chrS2	6076	TCACGACGGTAA	2			
mol05251	chrS2	16917	AATCGGTGCCTA	1			
mol03907	chrS1	630	TTTTGAAGCTAT	1			
mol04030	chrS2	18711	GACTGGCGGCAT	2			
mol05277	chrS2	16205	TTTGGGGCAAAC	1			
mol01193	chrS2	13736	TCCTAGATCTCC	4			
mol01589	chrS1	2650	AATTTGGATCGC	3			
mol04163	chrS2	4781	TCGTAGTTAGCG	4			
mol02605	chrS2	4993	AATGCTCTAGCC	2			
mol00098	chrS2	5798	AAGTTGCCAGTA	3	P050	a	hamming1
mol02107	chrS1	15328	TCTCTGACTAAC	1			
mol04427	chrS2	10360	TTAAGACTCGTC	4			
mol05319	chrS1	8957	GAAGGTGTGGAA	3			
mol02229	chrS2	19283	AGACAGCTTGCG	1			
mol01379	chrS1	3911	GTTATTCGGTAG	2			
mol01852	chrS2	4290	GTGCAATTAATT	3			
mol05875	chrS1	7827	CTGGGACATGGT	1			
mol00414	chrS1	5761	TAGATATATCTG	4	P208	a	diverse
mol00918	chrS2	4867	ATACTTACTTGC	1			
mol05912	chrS2	10276	GACCTGAAGAAG	8			
mol05884	chrS1	2422	TGGAAAGCCGGT	4			
mol03284	chrS1	16819	ATACTATTTTTC	1			
mol02488	chrS1	9593	CGGCCTTCCTCG	1			
mol05491	chrS1	11396	GACTCAAGTACG	1			
mol02621	chrS2	5732	ACTGACGAATGC	1			
mol05100	chrS2	17296	TACTCGTGCCCG	3			
mol04579	chrS1	17137	GATCCGTCAAGC	2			
mol01039	chrS1	5264	ACGGGATAAGGC	1			
mol00969	chrS2	12038	ATTGAATGTGTG	4			
mol03594	chrS2	1355	CGGTGAACAGCA	1			
mol03645	chrS2	10583	CGTGGCATTTAC	2			
mol04315	chrS2	18042	AAGGCACAAATA	5			
mol02697	chrS2	19740	AGCCTTGCTGCT	2			
mol04444	chrS2	3548	CCTTCACTTTCT	1			
mol01983	chrS2	4792	TACTGCTATAAG	2			
mol05247	chrS1	5991	CTGTGCCTATTA	5			
mol00003	chrS1	11061	TTTACGAGAACA	4	P002	b	hamming1
mol00937	chrS1	11735	ACATTACCATAT	1			
mol02257	chrS1	6663	TGGACCATGACG	1			
mol02989	chrS2	13252	TCTCGTAAAATC	2			
mol05120	chrS2	16708	GGGGGCGCCAAA	2			
mol01303	chrS2	16366	TGTGTGGTTGCC	2			
mol02815	chrS2	4765	TTTAGACTTTTC	3			
mol03500	chrS1	5336	GCGTATCCCCAC	2			
mol03035	chrS1	16285	CTAGCGTCAATC	2			
mol00745	chrS2	18037	GATAACGACCAA	3			
mol02101	chrS1	1150	TAGGGGCACGCT	1			
mol01666	chrS2	10916	CCTGCCGTGTAC	1			
mol01347	chrS1	1545	CACTTACACTCG	4			
mol01619	chrS2	11377	TTATACAGACAA	6			
mol05026	chrS2	18125	CTCCTACAGGCC	3			
mol04582	chrS2	14084	CCCTACTGGGGA	1			
mol04725	chrS1	13646	CGCCAATGTAAT	1			
mol01888	chrS2	12335	TGTCACAGGAAT	1			
mol01736	chrS2	4957	CTCTGAATAGCC	2			
mol00684	chrS2	3709	GGAGCCATTGTG	1			
mol01273	chrS1	16278	TCTTCTTTGGCC	1			
mol00462	chrS1	16996	ATACAACGTTTG	3	P232	a	diverse
mol01415	chrS2	5894	GGCGGCCGTGCC	2			
mol05630	chrS2	10107	CGACGTACAGCC	1			
mol00984	chrS2	4886	ATAATGTGCGAT	4			
mol00886	chrS1	8080	AATCCATACCAT	3			
mol05352	chrS2	3668	ACTTGCACGGCA	1			
mol01438	chrS2	688	ATTGGCTGGGCA	2			
mol00233	chrS1	2736	CCGGAGAACGTA	3	P117	b	hamming1
mol00090	chrS1	8387	CGGCTCTTGCCC	4	P046	a	hamming1
mol02986	chrS1	6018	AAGGTGTGTATC	5			
mol03747	chrS2	11131	ACCCTATAACGG	1			
mol05458	chrS2	18157	CATTACCGGCTC	2			
mol02782	chrS2	13972	TCGATCGGGGGG	4			
mol05000	chrS1	2405	TTACGAATCAAG	2			
mol00585	chrS1	14672	TATTTACTTTAG	4	P293	b	diverse
mol04841	chrS2	6671	CTGCCGAAGAGT	4			
mol01097	chrS2	5527	CCACACTTGCTT	3			
mol00364	chrS1	11835	TCGCCCTAAGGG	3	P183	a	diverse
mol05764	chrS2	9047	ATTCGTGGAGAA	5			
mol02351	chrS1	12492	AAAAAGTATGAC	5			
mol05986	chrS1	19747	ATTGGTGCTAGT	2			
mol03064	chrS1	1847	GGCGCCGCAGCG	2			
mol00483	chrS1	408	GTAACTCGCAAC	4	P242	b	diverse
mol04370	chrS2	15145	AAGTACTTTCAA	1			
mol00309	chrS2	456	TTTAGGAGAGAC	3	P155	b	diverse
mol03202	chrS2	11601	AACAGCGCTGGA	4			
mol02874	chrS2	7468	GGACGACTCTGA	3			
mol01117	chrS1	7731	AGGGTCGTAGAT	1			
mol02854	chrS1	18073	CTGTGTTGCTTG	4			
mol05031	chrS2	4469	GGATTTATCTGG	1			
mol04533	chrS2	11805	GCATGATCGATG	2			
mol01992	chrS2	16668	ATTACTCGGGAT	2			
mol04114	chrS1	11804	ACTGCTGACGCT	2			
mol03431	chrS1	18459	GCTCCGGTCCGA	1			
mol00417	chrS1	7307	GTGTGGTATTCC	4	P209	b	diverse
mol04998	chrS1	4676	ACCCGACGTCAT	1			
mol02227	chrS1	1384	GTTAACGTAGTA	2			
mol01513	chrS1	9668	CGCCAAGAACGA	1			
mol01037	chrS1	15492	CTTCTCCTGGGT	1			
mol00812	chrS2	818	ATAGGATTATAA	4			
mol05803	chrS2	10998	ACCAAAGTTCGT	1			
mol00046	chrS1	14150	ACCTGGTGGGCT	4	P024	a	hamming1
mol02955	chrS1	18353	CCGTACTCGAGC	1			
mol05035	chrS1	4721	ATACCTAGGCTG	5			
mol01544	chrS1	18733	TACGCTGGTATA	1			
mol02199	chrS1	12983	AGAGAACATGGT	2			
mol01160	chrS2	14895	TTGTTTGAAAAC	1			
mol00681	chrS2	9432	ATAAATCCACCA	4			
mol02692	chrS1	4818	GCCGCCATCCCC	1			
mol02091	chrS2	4833	CCGACACGGCAA	1			
mol04745	chrS2	19197	TAGGAGTTGCCT	3			
mol00343	chrS2	10672	GCCAACCAGCTG	3	P172	b	diverse
mol04084	chrS2	6758	AGCAACTAGGAT	3			
mol05399	chrS1	9900	CTGGACGAGCTT	1			
mol00983	chrS2	1990	TCTGTGCCGTAT	1			
mol04445	chrS1	14087	GCTGCGGGTGAA	3			
mol04781	chrS2	11026	TGTGTGGGGAAG	1			
mol01773	chrS1	4433	TAGACTGACGGG	1			
mol01174	chrS2	15350	ATACTGTGCGTT	1			
mol00224	chrS2	15865	GTATAGGGGCGA	4	P113	a	hamming1
mol03774	chrS2	15276	CGCTCTCACATC	4			
mol03221	chrS1	17052	CAATTAACATCG	1			
mol00759	chrS1	12039	GTGTTCGTATTC	5			
mol00167	chrS2	14421	GACACCGGCGCA	4	P084	b	hamming1
mol02271	chrS1	2464	TGCATCGGTCGC	3			
mol04952	chrS2	13460	ATATCTCGAGGG	1			
mol05913	chrS1	3949	CGGAAGGGTTCG	1			
mol04535	chrS2	12617	TCCACCTAGGTT	3			
mol05618	chrS1	19444	TACTCAACGGTT	2			
mol00371	chrS1	12032	AATTATCGTTCA	4	P186	b	diverse
mol05347	chrS1	7659	CTAGTCTTAAGA	1			
mol00133	chrS1	9626	CTCAAGGGGACT	4	P067	b	hamming1
mol03548	chrS1	5183	TGGGCCCTTGCA	2			
mol00561	chrS2	9151	CATACGGCTAAA	3	P281	b	diverse
mol05107	chrS1	8903	CCTTGACCAGCT	3			
mol04763	chrS1	11359	GAGGGCGTTATT	3			
mol03066	chrS1	6010	TGATTTTAGAAC	5			
mol02497	chrS2	2951	GTGTCCATATCC	1			
mol05440	chrS2	9248	CGTTGAAATCAC	1			
mol05852	chrS2	6195	TACAACGTTCAA	1			
mol01126	chrS2	19230	GGAGACTTCTTT	3			
mol04824	chrS1	4470	ACGATTGAAAGA	1			
mol03738	chrS2	13780	AAACCAATTCGA	1			
mol05407	chrS2	16976	CATTGGAGAAAA	2			
mol04715	chrS2	3436	GTATCAAGGTGC	5			
mol02533	chrS1	2598	GTGTCGCTGGAA	3			
mol04544	chrS2	1127	GTACGCTAAATT	1			
mol05934	chrS1	164	GGTGAGCCGCAT	4			
mol05153	chrS1	2955	CAGTCCACTCGT	1			
mol03856	chrS2	1075	GAGCTCAACTCA	5			
mol02438	chrS2	16693	ACGGCCTTTATG	3			
mol03510	chrS2	8483	AGTGTGTCTGGC	3			
mol00446	chrS1	14665	TGCTGTGGTCTC	4	P224	a	diverse
mol05406	chrS1	3572	AACCTCGAGTGA	2			
mol02625	chrS2	6708	GCTTAGTAATAT	3			
mol03059	chrS2	676	CGACTCGCAGAT	2			
mol03596	chrS2	3628	GCAGTGTAATGG	4			
mol04225	chrS2	3425	TCTCATCAAGTC	1			
mol02736	chrS2	51	AACCGCACTGAC	1			
mol01150	chrS1	10675	GTCGGAAGTTAG	3			
mol03205	chrS2	9355	GTACCCAGGCCT	1			
mol00667	chrS1	18668	CGTGTTGAGCCC	2			
mol05324	chrS2	17615	GCGTTCATCTAA	1			
mol01987	chrS1	17958	TGGAATGAGAGG	5			
mol01982	chrS2	12515	TTGCCACCTCGA	3			
mol03968	chrS1	6318	GTACGGGACGAG	1			
mol04356	chrS1	5993	GATCTTTCATGC	2			
mol05471	chrS2	16185	TAGGTTGTTCTA	2			
mol03818	chrS2	2321	CCTCGCGTCATG	4			
mol00444	chrS1	16967	GTCCCATTGTTA	3	P223	a	diverse
mol00825	chrS2	9327	GCCCTTGGATAA	2			
mol03772	chrS1	99	TATATGGCTACG	1			
mol02492	chrS2	13628	TCTCTCTGCGAG	5			
mol03288	chrS2	14606	ATACTTTATATA	1			
mol00673	chrS1	16220	ATGAGTTTTGCG	1			
mol05412	chrS1	2654	GGTTGTAACCCT	4			
mol03724	chrS1	9304	GTAGAGTATAAT	5			
mol03328	chrS1	2071	TGTCGTATCGCT	3			
mol05588	chrS2	1233	GGGGGCGATGCC	2			
mol01198	chrS1	12963	ATGTGCCCGAGG	1			
mol01786	chrS2	16789	TGATAGCCATAT	4			
mol05418	chrS1	5141	TGAGGGCTACAG	2			
mol05079	chrS1	15798	AAACTGCAATTC	1			
mol05691	chrS2	3930	ATTCGAGACCAA	1			
mol01181	chrS1	18087	GATACGCGACCT	1			
mol02345	chrS1	3844	GTTCCGAAAACC	1			
mol03347	chrS1	15868	CACTGTACCCCG	2			
mol00240	chrS2	5835	TGTACCGTAGGA	3	P121	a	hamming1
mol02906	chrS2	713	TTGTAAGGTTAT	4			
mol00552	chrS2	5786	CAGACAAATGAG	4	P277	a	diverse
mol05776	chrS1	11729	GCCGAGGGACAT	4			
mol00378	chrS1	2709	ACCTATAACGGT	4	P190	a	diverse
mol00790	chrS2	16691	AGACAAAACTCT	2			
mol00363	chrS1	14017	TAAATTCGGGCG	3	P182	b	diverse
mol04591	chrS2	7833	CCTGCTCTGGCA	1			
mol03214	chrS1	11375	GTATCAAACAAC	1			
mol05503	chrS1	19749	CCGGTAATTCGG	6			
mol02945	chrS2	526	GGACACTGACGT	2			
mol04996	chrS1	19539	TTGAACCTAACG	2			
mol00677	chrS2	370	AACTTGCAGTTA	6			
mol03965	chrS1	13388	GGGTGTGCAGTT	2			
mol05201	chrS2	10002	CTGTCCTAGAAA	3			
mol00413	chrS1	17682	GGGACAGCGATT	3	P207	b	diverse
mol04064	chrS2	7314	TAATTTCGTGGT	1			
mol01323	chrS2	11002	GTTAGCAAAATC	2			
mol03619	chrS1	7864	TGCGCATAGTTC	3			
mol02409	chrS1	3474	CATAGAATCAGG	1			
mol03979	chrS2	2533	CTACACAGCCAT	2			
mol03595	chrS1	382	GAATTGGTTTTA	1			
mol05680	chrS2	17670	TGCCAAGCCCAA	4			
mol02385	chrS2	6132	ATCGACCCCCTT	3			
mol05561	chrS1	3359	CAATGAGCACAT	4			
mol04245	chrS2	19022	TAAGTACCGTCT	1			
mol01932	chrS1	6915	CTAGTCGGCGGA	3			
mol00179	chrS1	10767	TAAAGCTCTAAC	3	P090	b	hamming1
mol03701	chrS1	8252	CCCGCGTACGCC	6			
mol00768	chrS2	19532	TCCCAGCAGAGC	6			
mol01388	chrS1	115	GCGTCTTCCATG	1			
mol01761	chrS1	2034	ACTGTGAGCGAA	1			
mol04772	chrS1	12841	AGTGTCGTTCAT	2			
mol03455	chrS2	18788	CTGAACCGAGAC	6			
mol01879	chrS2	18639	CGGCGTCGTGGG	3			
mol03782	chrS1	16146	CGATAGAGGATA	1			
mol04985	chrS2	12512	AACTCTACGCAC	3			
mol04328	chrS1	9616	TTCGTTACAATT	1			
mol01045	chrS2	15104	TTCAATTCAGAG	5			
mol03983	chrS1	11130	TGGTCCTCAGCT	1			
mol01549	chrS2	13220	GGGCTAGTTGAG	4			
mol00204	chrS1	15627	CGGAGATGCCCA	3	P103	a	hamming1
mol05206	chrS2	8413	TCTCTTGGCAAC	8			
mol05283	chrS2	3424	GAGCAAAGGCTC	3			
mol05339	chrS2	2936	TCACGTGCGTGC	8			
mol03020	chrS2	788	GCGCGACTCGCT	2			
mol01089	chrS2	12164	GTCAATCGGCGA	2			
mol02881	chrS1	4732	GGTACCGGGGGG	2			
mol05978	chrS2	6430	GTCAGCGTCGGC	3			
mol00014	chrS1	3843	TCCGCAGCAACA	4	P008	a	hamming1
mol00815	chrS1	2059	TTATCTCCCTGA	5			
mol02047	chrS1	18208	ACCCTTTTTACT	1			
mol05881	chrS1	11312	GACCGGGCTCAG	3			
mol05915	chrS1	10884	TACACCAGTCTT	5			
mol00901	chrS1	13113	AACACGGGTGGT	1			
mol04893	chrS1	2486	AAATGAAATGCT	1			
mol04354	chrS1	15024	CATCGGGCAGCT	5			
mol00943	chrS2	11017	CTTAATCAGATA	1			
mol02525	chrS2	4975	GACGAGGCAAGT	5			
mol00970	chrS2	12718	GGACGTTGGCCA	2			
mol04990	chrS2	4811	TTTTTTAAATCC	1			
mol00635	chrS2	18452	GAACCACGATAT	5			
mol03117	chrS2	3334	ATTCTCGCTTAT	2			
mol02434	chrS2	11350	CGGCAAAAATTA	3			
mol05333	chrS1	15259	TGATGTCCCAAC	5			
mol04519	chrS1	8583	CGCTCACCGCTA	1			
mol01723	chrS1	6684	GTGAAACCGGAT	3			
mol03381	chrS1	13648	ATATTGCCGTAT	2			
mol05536	chrS1	15024	CGAAGCAGCCGT	1			
mol02145	chrS2	2065	TGATAGGGAACG	1			
mol03890	chrS1	16318	TCAAATTTGCAC	1			
mol03733	chrS1	5810	TCAGATCTCGAA	2			
mol03962	chrS1	1132	ATTCTCTAAAGC	5			
mol03931	chrS1	13162	TGGTCGCTCGGG	3			
mol05155	chrS1	3397	GATTGTGATAAC	2			
mol02342	chrS1	10054	GCAATCGTGTAG	4			
mol00403	chrS2	2940	TCAGCCGGCAAT	4	P202	b	diverse
mol05134	chrS1	3408	TAATAGAGCGAT	5			
mol05810	chrS2	5055	TGTCATGCACAA	3			
mol05200	chrS1	3541	GTCGAAGAGCCT	4			
mol01086	chrS1	7204	GTCCCGGCATGT	1			
mol05029	chrS2	8485	ACCCTGTGAATA	1			
mol00143	chrS1	18608	CCCCCGGGAAAA	4	P072	b	hamming1
mol02518	chrS2	13314	CCCGGTACTAAC	1			
mol04029	chrS1	4658	CTGCTGAGCCCC	2			
mol00577	chrS1	4297	ATGTCACAGCAG	3	P289	b	diverse
mol03295	chrS2	2689	CGGCCTAGACAT	1			
mol04743	chrS1	15604	GCATGGTTTGAT	8			
mol01990	chrS2	18974	GTTCCCCCGTCG	2			
mol00127	chrS1	9077	GGTCATCCAAAC	4	P064	b	hamming1
mol02224	chrS2	5685	TACCCGGGATAC	1			
mol04188	chrS1	11157	CTAAAAATAACG	2			
mol01984	chrS2	5300	TCGATATCTATA	2			
mol01510	chrS1	10304	TCCTGGCGTTTA	4			
mol01803	chrS1	4949	GTGATTATGCGA	8			
mol05924	chrS1	19056	ATCCATGTGATC	2			
mol02036	chrS2	7627	AGTATCTTGGCA	3			
mol02976	chrS1	18571	ACATGAGCCCCA	2			
mol01042	chrS2	8415	CGGTCTTGTCAG	4			
mol05464	chrS2	2981	GAGAGCGAGGGG	3			
mol02683	chrS1	6740	GAGTTCGAGTAG	1			
mol01190	chrS2	1796	TGGGAGAAAATA	3			
mol02483	chrS2	11010	AAATAAGTAGTG	5			
mol02213	chrS2	12034	CACTACACATAA	1			
mol03427	chrS2	15925	GACACCAAGTCG	4			
mol04438	chrS2	15087	CCAAGTCCACTT	1			
mol04404	chrS1	8392	CTCTCCGATACT	1			
mol05649	chrS2	5696	TCCCGTAAAGTG	6			
mol00479	chrS1	1875	ACTGTGCGGGTG	3	P240	b	diverse
mol01304	chrS2	6551	TTCAGAGGCTGA	4			
mol02495	chrS1	2706	CATTACTCACGC	1			
mol03281	chrS1	3838	TTTATTTCATTC	4			
mol00624	chrS1	12332	AGTCCCGTTATA	3			
mol03033	chrS1	14600	ATTTGATTAACT	3			
mol00145	chrS2	5494	ACTTGCGGACAT	4	P073	b	hamming1
mol02149	chrS1	17698	AGACAACTTAGA	2			
mol00533	chrS2	6960	AACGGGGTTTCA	4	P267	b	diverse
mol00974	chrS2	16365	TCGTTGCGCTCT	3			
mol01265	chrS1	17146	GCCAGGTGCGCA	3			
mol01396	chrS1	18039	GATCAGATTCCG	3			
mol00819	chrS2	7806	ATGTCCTTAACG	1			
mol03910	chrS1	6184	AGTGCAATTGCA	2			
mol05385	chrS1	2675	TCTTACACTTCA	3			
mol02085	chrS2	1683	TCGTAGCCATCC	6			
mol03462	chrS2	561	GAGAGCTTCGGG	4			
mol00131	chrS1	17521	AGTTATGGGGAG	4	P066	b	hamming1
mol00307	chrS1	15419	GACGTTACTCGG	3	P154	b	diverse
mol00866	chrS2	10543	AACACTTGGTAG	1			
mol04220	chrS2	18546	CGAAGTCGAGGT	6			
mol05808	chrS1	3890	GTTTCTCGAATC	4			
mol01216	chrS1	5772	TGGTTATGCACG	3			
mol02391	chrS1	9560	CTCCGTGAGTCT	1			
mol02312	chrS2	3908	GTTGTGGTATGT	6			
mol01442	chrS2	12676	GGTACGGATCTC	3			
mol03585	chrS2	17180	TAGGTCCCTCAA	6			
mol05077	chrS1	9631	TCCTAACTAAGC	5			
mol05866	chrS2	15571	GCCCTTAGTATG	1			
mol03399	chrS2	13544	GGGCATGCTAGA	1			
mol00910	chrS1	5499	AGTACCTGGGCG	4			
mol00592	chrS2	17232	CTCTCGGCAATT	4	P297	a	diverse
mol03343	chrS2	7492	GGAGCACGGGAA	1			
mol05424	chrS2	4086	CCTCAGGTGGAA	2			
mol03446	chrS1	4212	GGGCTGCTATCC	3			
mol05018	chrS2	11719	GTCACGCTGAAG	2			
mol01716	chrS2	17247	GTGATTCTTACG	1			
mol02443	chrS1	19505	GGGTCCACCGAG	3			
mol04514	chrS1	16646	TCTTCGACAGCT	2			
mol02480	chrS1	13472	GTCCCATCTAGG	1			
mol00400	chrS2	6931	CTTCACGTGTAA	3	P201	a	diverse
mol04747	chrS2	2301	ATTCTTCCACAT	2			
mol02563	chrS2	4921	AGGTCGAATACA	2			
mol00767	chrS2	5530	ATAACACGGTGT	3			
mol01155	chrS2	11435	TGTACCTTCGAC	4			
mol00928	chrS1	8380	TTAATGGACTGG	2			
mol01177	chrS2	13153	AGATACTGACAA	4			
mol02655	chrS2	9586	CTAGCAGACACC	1			
mol02411	chrS1	2592	ATTTAGTTGCCC	3			
mol00870	chrS1	14836	TTCTCCTGATGT	1			
mol02950	chrS2	6064	TGTCAGTTACAG	2			
mol01082	chrS1	5962	CCGGAACTACAG	2			
mol04757	chrS2	350	GTACGTTCACGC	1			
mol02899	chrS2	1361	TGAGGTAGATCT	1			
mol00621	chrS1	4341	TGTTTTGCTAAT	1			
mol02830	chrS1	16765	AAGAATGGAGAA	2			
mol01731	chrS1	12499	GTCTAAGCACCC	1			
mol03199	chrS2	12946	GCCCGGCACTGC	3			
mol05296	chrS1	11365	ATGGAACTTTCC	2			
mol01668	chrS1	17501	AGAGCCTTACTC	1			
mol00527	chrS1	6501	AGGGGAATTGTT	4	P264	b	diverse
mol02750	chrS2	18189	CGCGCTGCTGTA	2			
mol02335	chrS1	11415	AGACAACCCTTT	1			
mol02014	chrS2	3280	CGGATAGTAAAT	3			
mol00162	chrS2	19012	GCATTCTAACGA	3	P082	a	hamming1
mol05089	chrS2	6432	GAGTTTAACCAC	3			
mol05586	chrS1	19690	TTACGCAAATAG	8			
mol03765	chrS2	7745	TGTTGCCTGATC	1			
mol02129	chrS1	11801	GCCACGTAGCCA	1			
mol01518	chrS1	491	TGCGCCATTGAC	3			
mol00953	chrS1	2497	CGCTGTGAAGGG	4			
mol00194	chrS2	17125	TAGGGTATCCGC	3	P098	a	hamming1
mol02090	chrS2	4378	ATAATGGCCAGT	3			
mol03502	chrS1	9651	GAAGCACAAAGG	1			
mol01539	chrS1	3061	GGGGGCTGCTCG	1			
mol04811	chrS2	16763	TAAACCACCTAA	3			
mol00742	chrS2	15408	ACTCAGGATTAT	3			
mol05423	chrS1	3750	CATGCAGCAGAT	3			
mol00026	chrS1	10550	ATCCAGAAGACG	3	P014	a	hamming1
mol03542	chrS2	1836	GGCTAAAAACGT	2			
mol04901	chrS2	17390	ATGGCAACCCTG	5			
mol00709	chrS2	18773	GAAGCAAGGGCA	3			
mol04068	chrS1	9807	CTAAAAAAAATT	3			
mol01245	chrS1	903	AAAGAGCAGCAC	2			
mol04773	chrS1	2247	CTTTATGAGCAT	2			
mol02141	chrS1	141	AATACCACTCTG	2			
mol04003	chrS1	14628	GTGTTCACACTT	2			
mol02244	chrS1	9197	CCAGTGGCACGA	1			
mol01389	chrS2	4137	ACCTCTGACCAA	2			
mol03483	chrS1	7926	ACGAAGCAAGAC	2			
mol05140	chrS1	14276	AGCTAGGGACAC	5			
mol04554	chrS2	10495	TGTTGATGTGTA	3			
mol04895	chrS2	19011	TATCCAGGCTTC	2			
mol02280	chrS2	11174	CGTTGTATAAAT	2			
mol04599	chrS2	11316	TGCTTTGGTGCA	1			
mol02316	chrS1	1951	TCTGAATATTAC	5			
mol00845	chrS2	6910	AACCCGTTGCCC	2			
mol00451	chrS2	1453	TTACCCTTCTGC	4	P226	b	diverse
mol02858	chrS1	4351	GTTGGATGTTAG	5			
mol02617	chrS1	552	TATCTTAGTACG	4			
mol01535	chrS2	16800	AAGTTTTGAAAA	2			
mol03422	chrS2	19756	ACTGCCACATAT	2			
mol04618	chrS2	312	CGAAATCATCCA	1			
mol03234	chrS1	15001	CTAAGCATTGAT	4			
mol04316	chrS1	16995	CTTTCTAATCGG	1			
mol02896	chrS1	10900	TGGAGCGACCTT	5			
mol01560	chrS2	11674	GGTATTTCCCCC	2			
mol04843	chrS1	5526	ATCTCGGGAGTA	2			
mol02576	chrS2	11708	GCACCGAGCTAT	4			
mol04914	chrS2	18119	CTTCTGTGTGCA	1			
mol03705	chrS2	7127	TCCCGTTACCAC	2			
mol02880	chrS1	145	AATTCGGCCCCA	1			
mol03663	chrS1	17743	TCGTCGTCCTTT	1			
mol03447	chrS1	15734	ATAACGACACCG	3			
mol00189	chrS1	14221	AATACGCCGGAA	4	P095	b	hamming1
mol02527	chrS1	18900	TTTGCGGTACAG	4			
mol05795	chrS2	12998	TGTGTCGCAACA	1			
mol01113	chrS2	230	GTAGCCGTAAAA	5			
mol01548	chrS1	16634	TTACGGGCTCTT	3			
mol02307	chrS1	18733	GACTCAACCTTA	1			
mol01787	chrS2	4189	ATGTACAAAATC	2			
mol01189	chrS2	1827	CTCCATAAGTTT	4			
mol05362	chrS2	12518	CAAGGGCAGCAA	4			
mol03529	chrS2	19218	GCGCTCGCGCAG	2			
mol01509	chrS1	117	CCGATATTTCGA	3			
mol00342	chrS2	10672	CAATTACGCTCA	4	P172	a	diverse
mol04494	chrS1	19756	GCGCCGGCGTAT	2			
mol01026	chrS1	15561	ACCTTTGAAGGC	4			
mol05293	chrS2	9176	ACCTGACCGGTG	2			
mol02440	chrS1	2475	CGGTCAGAATAA	4			
mol01023	chrS1	18239	CCGAGCGCAGAG	1			
mol04181	chrS1	12843	TCAGATATCTAT	2			
mol02044	chrS1	4550	TGGAAGTTAGCC	1			
mol05025	chrS2	19469	CACTCTTGACAA	1			
mol04076	chrS1	11427	ATTGTTATCTCG	2			
mol05534	chrS2	7667	CTCGTACGTGGT	3			
mol01917	chrS2	11680	TAAGCCGTAGTC	3			
mol00722	chrS2	6456	AGTGGCGCCTAC	3			
mol05712	chrS2	17761	CTCACTGGGGAT	3			
mol01816	chrS1	3177	GACCTGTGGGAA	3			
mol04304	chrS2	17880	GTTCCTTGGTAC	2			
mol05129	chrS2	5689	GTCAAACTCACG	4			
mol00475	chrS2	16608	CGCGGAGCAAAA	3	P238	b	diverse
mol00096	chrS2	17625	TGTCCTGATGTT	4	P049	a	hamming1
mol05034	chrS2	16066	TTTGACGCAAAA	1			
mol03356	chrS2	8986	ATATGTCCGGTT	1			
mol04201	chrS2	6498	CGTTCGTTACCA	6			
mol00494	chrS1	4593	CGGGTCTGAGCC	3	P248	a	diverse
mol00119	chrS2	4960	ATTACCCCCGGA	4	P060	b	hamming1
mol02734	chrS2	11749	ATTAGGTCAGAG	2			
mol00991	chrS2	17758	TAGATAGGCTCG	3			
mol00173	chrS2	19609	GGTGCTGCTGAC	3	P087	b	hamming1
mol02813	chrS2	15616	AAACTGGTCCCG	3			
mol05394	chrS2	7731	ACGGCTTTCACT	2			
mol00040	chrS2	3651	TGACAGGTAAGA	3	P021	a	hamming1
mol03885	chrS2	4203	GACACTGCAATA	1			
mol02781	chrS1	10088	CAGGGGGAATGA	5			
mol02585	chrS1	10484	ATGTGTAGTATA	1			
mol03718	chrS2	5083	GATAATTTGGGG	2			
mol01209	chrS1	7790	ACACGTGTGGCT	1			
mol00610	chrS2	4427	TTTGCCAATATT	1			
mol03546	chrS1	12771	GCATGGTCGGTC	2			
mol01353	chrS2	7277	GTTGCCTACTAA	3			
mol02241	chrS1	14137	GTGTGCCCTGCT	2			
mol05511	chrS2	4042	GGCAGAATTGAA	3			
mol00549	chrS2	10795	TTTTGCTTGAGG	3	P275	b	diverse
mol05953	chrS1	9431	TGTAAGCAATCC	2			
mol02849	chrS1	12713	TGCGTGATTGGT	3			
mol04738	chrS1	10272	GAGTGGCCCTGG	5			
mol02938	chrS2	5955	CGTACTTCCATT	3			
mol02034	chrS2	17900	CGAAATCGATCC	2			
mol03330	chrS2	2868	AGGGGTGTAACT	2			
mol04635	chrS1	8682	TTATTGTGTGGT	1			
mol01900	chrS2	662	TCAATGCATGCC	5			
mol00696	chrS2	2771	TCATACATGTCC	5			
mol04509	chrS2	4255	GATACCACCGGC	1			
mol02234	chrS1	2135	CTGGCAGTATTT	1			
mol03758	chrS1	9081	ACTGACCCGTGG	1			
mol04708	chrS2	2938	CTCATTAGCTTG	1			
mol01201	chrS1	11714	GGTTTGCAACAA	4			
mol04766	chrS1	19711	CTTCAGCTGCGG	2			
mol02321	chrS1	537	TTTTGTAGTGAG	2			
mol05640	chrS1	5841	TTTGGTTCAATG	2			
mol05845	chrS1	5176	CGAATGAGTTTC	1			
mol01220	chrS1	15843	GTCTACGTTTAA	2			
mol03340	chrS2	1507	ACACCCTGAGCT	3			
mol05927	chrS1	12431	GTATTTTTGTCA	5			
mol01665	chrS2	8791	GGGCCATCGTCA	6			
mol03997	chrS1	16771	AACATGTGGATC	2			
mol05021	chrS1	19183	GCCAAGCTTATG	1			
mol03056	chrS2	14827	TTAGATGAAAAT	1			
mol04983	chrS1	271	GCCCTGCCGGTC	2			
mol02428	chrS1	13038	GCTGGTACAGAT	3			
mol00141	chrS2	10684	CCATGTGTGTTA	3	P071	b	hamming1
mol00150	chrS2	7727	GAGTCAACTAGC	4	P076	a	hamming1
mol05030	chrS1	12912	TCCATCTCCCAG	1			
mol03561	chrS2	12606	CGCACACGCCCT	1			
mol02284	chrS2	5831	CCTCCTATGGGT	2			
mol05842	chrS1	2810	ACTTCTCCGTTT	1			
mol02166	chrS1	17294	AGCACACAAGCC	4			
mol03047	chrS2	15476	TTCAAGATCCAT	3			
mol02309	chrS1	3350	CATCATAATCGC	3			
mol02382	chrS1	3944	GGGTCATTTGTG	3			
mol02742	chrS2	16803	CCTAACCGATTT	2			
mol03676	chrS1	12947	GGTGTAGCCGTA	1			
mol02925	chrS2	8493	ACGTTTAGCGAG	1			
mol05373	chrS1	11622	TATCTCGATAAG	4			
mol01931	chrS1	15721	ATAATTACACGC	8			
mol01014	chrS2	1561	AACGAAGACTGT	1			
mol05421	chrS1	13165	CGCTCACACAAT	2			
mol01403	chrS2	19532	GATTACTATCCC	3			
mol04081	chrS1	3015	TCCCCCCTGGTC	5			
mol01772	chrS2	15618	AGCAAGGCCTAT	2			
mol05940	chrS2	14137	CTAAACCGTCAT	3			
mol00600	chrS2	13524	CGGGACATAAAT	6			
mol05944	chrS2	16068	ACACTTATCACG	2			
mol03418	chrS1	18786	GATCTCCCTCAC	5			
mol04309	chrS2	2491	CTTTTGTTCGTC	2			
mol01735	chrS1	4989	GCCAAAAAATTT	2			
mol03668	chrS1	7172	CGCTGAGTACAG	1			
mol03813	chrS2	18925	GAAAACCTGTAA	1			
mol05882	chrS2	7210	ATTCGGGGGCAC	1			
mol02148	chrS1	6054	GCGAACCCTACC	1			
mol03739	chrS2	12964	ATCTTGCGCGTA	5			
mol04365	chrS1	10127	TAGGCCAACCGT	1			
mol00418	chrS2	10816	CTACGACTTGCT	4	P210	a	diverse
mol00082	chrS1	602	CTGTTAAGCAGC	3	P042	a	hamming1
mol01254	chrS2	7188	AAACCCACGAGG	1			
mol03100	chrS1	8148	GTACGCCTGTTA	2			
mol05562	chrS2	11791	ACTAGGAGTCAC	1			
mol02485	chrS2	1274	TGAGTTTGGTGC	2			
mol03780	chrS2	17652	CGATGGCGAGTA	1			
mol03147	chrS2	8995	ACTAAGTGATTG	2			
mol01020	chrS1	16385	CGAATAAAATGG	3			
mol04611	chrS1	1233	CACTTGGGCACA	2			
mol05578	chrS1	11830	CCGTTTCAATTC	2			
mol05190	chrS2	12075	TACCGATATTAA	3			
mol00263	chrS1	8596	TCGCCTGAATGT	4	P132	b	hamming1
mol03306	chrS1	9062	TTAGACGGTTTT	5			
mol01030	chrS1	4154	GTGAATACAGTT	8			
mol01882	chrS1	10553	GTGTGGAATGCT	3			
mol04552	chrS2	2881	CACTCGCACAAA	2			
mol04243	chrS2	4463	CGAGACCGCACA	1			
mol02942	chrS2	18376	GTGTTTAAGTCC	2			
mol00484	chrS2	12340	TCAGCCTAGGAT	4	P243	a	diverse
mol01115	chrS1	14211	GGTAGAGACCGT	5			
mol02277	chrS2	15228	GACAGGAAGCAC	1			
mol00854	chrS2	2884	GTGCTGCCGCCG	3			
mol00998	chrS2	12445	TTATTAGTCGAG	5			
mol05130	chrS1	559	GTGCATCCCCTT	2			
mol01167	chrS1	18661	CTCGTGCTACAC	2			
mol00210	chrS1	13409	TATCCTAGTGGG	4	P106	a	hamming1
mol01295	chrS2	1067	CCATCAGTATCA	4			
mol04899	chrS1	5729	GCGTTCCCGAAG	3			
mol04086	chrS2	15085	ACACAATATTTA	1			
mol03244	chrS1	4988	GTGCGCAAGAGG	2			
mol00022	chrS2	7218	CTTGTCTATCTG	3	P012	a	hamming1
mol01956	chrS1	9721	GGAATCCCCTTA	5			
mol03321	chrS1	16556	TGCGCCCCCAAT	2			
mol01139	chrS1	17466	AAAACGAGGCGT	2			
mol04651	chrS1	8661	GGTCTGCTGTGA	4			
mol00929	chrS1	5761	AGATAGGCCAGC	5			
mol05390	chrS1	13502	CTGACCCTCGAC	4			
mol03988	chrS1	1550	CTATTCCCAAGG	1			
mol03886	chrS1	14943	TGCAGAATGTAG	3			
mol00087	chrS2	15371	GCACGGACATTC	3	P044	b	hamming1
mol05041	chrS1	19629	CGCTGCCAATTG	2			
mol02268	chrS1	6827	AAGGTCTGCTTA	2			
mol05139	chrS1	15583	CGTCTGCCCTCT	1			
mol03107	chrS1	272	GCAACTTGTCCC	3			
mol03506	chrS2	13309	CCATAATTTTGA	1			
mol00149	chrS2	18679	CAATGTTTTTAC	3	P075	b	hamming1
mol01808	chrS2	15115	CGGATGGTTAGC	3			
mol04360	chrS1	5166	CCCCACAGAACG	1			
mol02406	chrS1	1978	TGAGTCTGTGAA	1			
mol05629	chrS2	18243	CAACCCCCTACG	1			
mol05305	chrS2	18087	ACCATCACCCCG	1			
mol05386	chrS2	10589	CCAAGCACCTAT	1			
mol05012	chrS2	17380	GATGGAAATATG	2			
mol00285	chrS1	2995	GAGTCGCCAGCA	3	P143	b	hamming1
mol04810	chrS1	11613	CGGACGGAGAGG	1			
mol04175	chrS1	9109	GTCGGCGCGGAA	5			
mol03139	chrS2	8142	TTTATCTCCCCG	3			
mol05974	chrS1	10492	AATTGGCATAGG	8			
mol03486	chrS1	14343	ACGCCGCCTCGA	1			
mol03563	chrS2	15483	AAACGCCGCGTG	3			
mol05727	chrS2	7382	GCCGTTCGTGCC	2			
mol00646	chrS2	12204	CTACTCTGCACG	4			
mol02517	chrS1	9191	TAGAAAGCAGTA	8			
mol01025	chrS2	5393	ATCTGCAAGTTG	5			
mol04942	chrS1	11916	GGGAAAGTCGAG	3			
mol02087	chrS2	14818	CAGCGGATGAAA	5			
mol03809	chrS1	13053	GAGTGTTAACAG	6			
mol03527	chrS1	8111	TGTGTTACATTA	1			
mol02094	chrS2	369	CCTGGTAATCAC	2			
mol04760	chrS2	7104	GAATGGCCGCGC	6			
mol03417	chrS2	16159	CCGCCTTGGTTT	1			
mol03406	chrS1	13262	TCAGAGAAACTC	6			
mol03874	chrS2	8649	AATAACCTGCTT	6			
mol04588	chrS1	12584	AGCTCCTAATTT	2			
mol01640	chrS1	11964	AGGGAAGCTCGT	1			
mol02732	chrS2	9224	GATAAAAAGGAC	2			
mol03555	chrS2	66	GTATCCTTGGGG	2			
mol02790	chrS1	19407	GGTATCTGATAA	1			
mol00207	chrS2	4984	ACAGAATTGGCG	4	P104	b	hamming1
mol01844	chrS1	18035	CTCAATATTTTC	4			
mol01630	chrS2	14575	TTACTCCGGAAT	1			
mol01451	chrS1	15952	GGCAGGACTCAG	1			
mol03666	chrS1	18125	ACCTGAATTATG	3			
mol00689	chrS2	14520	GAGATTAGCTGT	5			
mol04529	chrS2	3062	CTAACCTTATTC	3			
mol01215	chrS2	9302	CCGTCGTATACC	2			
mol02458	chrS2	4009	TCCGTAACATTC	3			
mol04964	chrS1	5595	TTTTTCCAACCG	2			
mol01461	chrS2	12792	GGTGATGAGATT	2			
mol02460	chrS1	19606	AATGTTAGTCAT	3			
mol03276	chrS1	3692	CCCTCCACTACA	1			
mol04744	chrS2	11843	CTGTCATCCGGC	3			
mol00453	chrS2	18687	ACATACTGAAGC	3	P227	b	diverse
mol04289	chrS1	4223	TTTATTACTTCG	3			
mol04044	chrS1	18399	GATGTGGCCTAT	3			
mol02787	chrS1	10052	GACCTGAGTATT	1			
mol03335	chrS1	18818	TATAGCTACACC	3			
mol03280	chrS2	6382	AAGGCACACTGA	3			
mol03557	chrS1	19310	CTGGTCAAGCCC	3			
mol05193	chrS2	15805	TTATAGCAGCTA	3			
mol03038	chrS1	2522	AGGTCGTTATGA	2			
mol04288	chrS2	2949	CATGCTAATTGC	5			
mol00360	chrS1	14804	TGAGTCTTACCC	3	P181	a	diverse
mol03429	chrS2	18390	ACTCTATACTGA	8			
mol00396	chrS2	11058	TCTAACGGACCT	4	P199	a	diverse
mol03019	chrS1	17430	ACGAACCACCAT	2			
mol04702	chrS2	16223	ACCAGGTCGGAG	1			
mol01322	chrS1	6349	ACGCGCCATGAC	8			
mol00249	chrS1	8863	AATGTCATAGCT	4	P125	b	hamming1
mol04098	chrS1	7271	CTAGGCCGCCAC	5			
mol04805	chrS2	2456	TACTGGCCCCAC	2			
mol00612	chrS1	10857	GTGTATCTGAAT	1			
mol02900	chrS1	17025	ATGGCTTTGGGC	2			
mol04034	chrS2	14697	GGTCTAGCTACT	2			
mol05508	chrS2	13806	GTCGCCTAGGGA	2			
mol04199	chrS1	3768	CAATGCTGCTGA	1			
mol02630	chrS1	6196	TTCATCATCACG	6			
mol00649	chrS2	19789	ACATTCCCAGTC	2			
mol05159	chrS1	3909	TCCTTACGGTAA	3			
mol04440	chrS1	1389	AATAGTGGATTT	2			
mol05820	chrS2	1900	CCGATGTTACAG	3			
mol00858	chrS1	1386	GAACATGCGCGA	1			
mol03042	chrS2	2968	AAGAAAGATCAT	1			
mol05779	chrS2	4152	GGAGGGTCGGTG	1			
mol02298	chrS1	13449	TTCAGGCTTTGT	1			
mol05613	chrS1	18975	AACTTAATACGC	1			
mol02279	chrS2	461	ATACTCTAGAGT	1			
mol01123	chrS2	14012	GCATATCTCTGA	6			
mol01880	chrS2	14302	CACTTGCCTCCT	5			
mol01013	chrS1	2798	TACGGTATTACC	1			
mol04587	chrS1	12420	GACTTAAGGCGT	3			
mol04758	chrS1	2035	ACGACCTCGATC	1			
mol02737	chrS1	6601	CAAACGGTATCT	2			
mol05321	chrS1	17434	ACAACCAGCTGA	3			
mol00202	chrS2	3146	TAACACTATGTT	3	P102	a	hamming1
mol02033	chrS1	15539	AATATATTCGTA	2			
mol04855	chrS1	4111	GCCGGTATTCCA	3			
mol00480	chrS1	13812	GGAAACAACCTA	3	P241	a	diverse
mol03937	chrS1	3011	TTCAACTCAAGA	2			
mol01024	chrS2	17680	CGGTTGATACTG	3			
mol04690	chrS2	12023	TACCCTTGCCTG	3			
mol03338	chrS2	2407	TGCACAATTTTC	5			
mol04393	chrS2	12503	GACCACTGCGAA	1			
mol00877	chrS2	17807	TACGGCTTTGTT	3			
mol03562	chrS2	18925	GCGAAAGCCGCA	3			
mol01960	chrS1	7108	CCGAGCAGGCCG	4			
mol03452	chrS1	6865	CGCGGCGCCTAT	1			
mol04935	chrS1	4109	TACGGGTTGTTA	3			
mol04620	chrS1	16099	CATACAAGAGTA	3			
mol02676	chrS1	12303	ATCCTGTCGAAC	2			
mol05664	chrS1	13909	ACACGGGTCATA	2			
mol00248	chrS1	8863	AATGTCGTAGCT	3	P125	a	hamming1
mol01022	chrS2	11479	ACTGTCAGAGCG	5			
mol03238	chrS1	9637	GTTTGGTGGTCT	1			
mol04851	chrS2	16118	CGCTGAACCGAA	1			
mol05356	chrS1	14821	GTTGCTGATACT	2			
mol02479	chrS1	10428	CAATCGAGTGGA	2			
mol02824	chrS1	17991	CACGCATATCAC	3			
mol03290	chrS2	11951	ATAGCGTGCGCC	3			
mol03547	chrS1	18221	GCGCAACTAACT	2			
mol01277	chrS2	14661	TAACAGATAATT	4			
mol00080	chrS1	4901	CCGATGGATACG	3	P041	a	hamming1
mol05784	chrS2	11955	TATCAGGAGCCA	1			
mol00807	chrS2	1221	GTGGGATGGCAG	1			
mol03629	chrS2	1444	AATGTTCCGGAG	6			
mol05827	chrS1	18768	TACTACGAGCTC	3			
mol04716	chrS2	1627	TGCAGCCGCCAT	1			
mol01565	chrS1	3659	GAGTGTCTTCAG	3			
mol04041	chrS2	1829	TATCACGCGGGG	5			
mol00764	chrS2	8900	CCTATAAACACG	4			
mol01774	chrS1	16218	GCCTTAACGTTC	2			
mol04211	chrS1	3359	AGAGACCGGCAT	1			
mol01280	chrS1	13840	CTGTTAATTCGA	5			
mol01101	chrS2	1509	TCAGATGGTGCT	3			
mol04278	chrS1	2856	TACACCTTTGTG	1			
mol00075	chrS2	1595	AATCCGACTCGC	4	P038	b	hamming1
mol03415	chrS2	18913	GAGAACTCCCGA	2			
mol02623	chrS1	1935	ACTTCGGTGAAT	1			
mol01098	chrS1	15079	AAGCGAAGAAGG	1			
mol04700	chrS2	5941	CCACGTAAGAGA	2			
mol04759	chrS2	14099	ATGGTGTGATCG	5			
mol00094	chrS2	13214	CCCATCGATTAC	3	P048	a	hamming1
mol03388	chrS2	12248	CTAGGCGGGCTG	1			
mol03751	chrS1	15914	GGATAATAGCCG	2			
mol00108	chrS2	8432	CCTCTCATAAAT	4	P055	a	hamming1
mol03994	chrS1	16781	AGGGGGTATAGG	4			
mol02399	chrS1	2582	AGGGTTGCAAAT	1			
mol03153	chrS2	10034	TGAGGGCACCGA	6			
mol04466	chrS2	8674	GAAAAGATTTCA	2			
mol03471	chrS1	802	GTCCAAGATAGA	2			
mol05673	chrS1	15899	ACCTGGGACTTA	1			
mol02070	chrS1	17545	ATCACGCGGTAC	1			
mol01896	chrS2	16257	ATCTACGGGTAG	3			
mol05483	chrS2	4624	GCGTTGGATGGG	6			
mol01504	chrS1	6415	CTGTCCCCTCCG	1			
mol00124	chrS2	17101	CGCGTCTGCCGA	3	P063	a	hamming1
mol05737	chrS1	7131	TCTTAGGGCACC	2			
mol04550	chrS1	3258	TAATCGTATTAT	5			
mol03935	chrS2	4044	TGGATTCCAAAC	3			
mol00034	chrS1	13692	TCAAAATGCGAT	4	P018	a	hamming1
mol03070	chrS1	10447	GATAACTGTACC	2			
mol03245	chrS2	15735	GAGCGAAGATTA	2			
mol05745	chrS2	8143	AAACCATACATG	1			
mol01476	chrS1	10606	TGGCGGGTTTCA	3			
mol03713	chrS2	9961	TGTCTGCCTGTC	1			
mol00120	chrS1	2150	TCAACCTGAATC	3	P061	a	hamming1
mol00755	chrS2	10925	AACTTCCGTTTA	1			
mol01446	chrS1	7014	TCTGATGTATGT	2			
mol04035	chrS1	13179	AGTGGCTCTCGG	2			
mol02920	chrS1	3198	GGGATGTTAGCT	1			
mol01827	chrS2	2615	GGTCTACCGGCG	1			
mol02988	chrS1	214	ATGATAGCTCTG	4			
mol00782	chrS2	4627	ATGAAACTAACA	3			
mol00500	chrS1	17970	GTCGTCCTATAT	4	P251	a	diverse
mol02051	chrS1	14246	CGCGAAAGGTCT	3			
mol00153	chrS2	17651	GAGATGGCGTCA	3	P077	b	hamming1
mol03301	chrS2	17101	AGCCCCGGTTTT	1			
mol05225	chrS1	10633	ACTTCGAGAGAT	1			
mol00246	chrS2	8649	AAATCATTGGTG	3	P124	a	hamming1
mol03556	chrS2	5100	CTGACGGCCAAA	5			
mol01647	chrS1	15241	ATGCGGCGCATT	3			
mol05338	chrS1	14286	TTGTCAGATGCT	1			
mol02971	chrS2	8154	TAGTCTTGAGGC	3			
mol04074	chrS2	5444	GATGGAGCCCCC	2			
mol03519	chrS2	7205	CTATGCGGACTA	6			
mol00605	chrS1	14661	CACTAACGGCCA	3			
mol01958	chrS1	15213	GTAGCCCCTGAC	8			
mol03045	chrS1	18397	GCTTGAACCGTT	2			
mol00104	chrS1	1171	TCGGTCACTGTT	3	P053	a	hamming1
mol05472	chrS1	960	CGGGGACAAACA	1			
mol03911	chrS1	15102	ACGGAATGAAAG	3			
mol03212	chrS2	10163	GCATCTGGGTGG	1			
mol03053	chrS1	17452	CTCTATGCTGGC	1			
mol05960	chrS2	5948	TCGGACTCATGA	6			
mol03350	chrS1	10032	GAGGCCGTCGGA	4			
mol03003	chrS2	3468	GACTTGTTCGAT	5			
mol04856	chrS1	11882	AGGAGACGAGAC	1			
mol03080	chrS2	11363	TTGGATTAGAAA	2			
mol02068	chrS1	6045	TAGTAGTCATGT	3			
mol00687	chrS1	18997	GATCTCGTTATT	3			
mol00433	chrS1	5538	CAGCCTAATGTT	3	P217	b	diverse
mol02039	chrS1	14341	CTGGATCGATAC	4			
mol02511	chrS2	15945	ACAGACTATTGA	1			
mol00048	chrS2	3989	GTCTCTCTGTAC	4	P025	a	hamming1
mol00327	chrS1	18642	GGCTCCCGCGAG	4	P164	b	diverse
mol03493	chrS2	9217	GTATAGGAGATC	2			
mol04694	chrS1	2635	GTGGCGCTAGTA	4			
mol03298	chrS1	15599	GGACGTCCAACT	2			
mol01687	chrS1	9668	GCATCTGCGCCA	2			
mol03408	chrS2	17125	ATAGTCTTCACA	3			
mol01412	chrS1	3411	GGATTCTTAGTT	5			
mol02613	chrS1	3596	TGCGCAAAAGGG	4			
mol00095	chrS2	13214	CCCATCGATGAC	4	P048	b	hamming1
mol04411	chrS1	10453	AGCGTGGGACTA	3			
mol04683	chrS1	7204	CGACTTGTGTAG	1			
mol01407	chrS2	17214	GACCCCGTTATG	2			
mol00486	chrS2	13604	TTTCGCTCGTAT	4	P244	a	diverse
mol05461	chrS2	498	TGCGTCACGCAA	2			
mol04634	chrS2	3164	AATGATCCGACT	4			
mol03508	chrS1	9805	GGTGCATCTCCA	5			
mol02403	chrS1	8191	TCACTGTCTCTC	2			
mol04692	chrS1	14632	TGGGAGAGTTAC	5			
mol00043	chrS2	1840	GTGGTCGGTTGT	3	P022	b	hamming1
mol03999	chrS2	8971	AGGAATCCCCAG	1			
mol02383	chrS2	8254	AGCTATTACGTA	1			
mol05535	chrS2	1959	CACGAAACAGGG	1			
mol04954	chrS1	5189	ACCACATTTCTG	2			
mol02887	chrS1	18300	GAGATCCTGCCG	8			
mol03464	chrS1	14785	GATCATATTGGC	2			
mol03501	chrS1	5522	ACGTGATCGATC	5			
mol02646	chrS1	6060	TAGGTATGAAAG	2			
mol00597	chrS2	5464	AGTGGATCCACC	4	P299	b	diverse
mol04739	chrS1	18545	TCTGTAGGAAGC	4			
mol04063	chrS2	13196	TGTCGGGCGTTG	4			
mol04442	chrS2	2758	TTAGTACTCGAT	4			
mol02338	chrS1	12907	AACAATGATCAG	5			
mol03899	chrS2	10954	AACTTACTTTGC	3			
mol01169	chrS1	17826	GATGGTCGGGGG	1			
mol01765	chrS2	15457	CTCGCTGAGTAT	4			
mol00724	chrS2	8542	CATGCCATAGAT	4			
mol03518	chrS2	10387	CAATGCAAAGCT	3			
mol00262	chrS1	8596	TCGCCTGAATGC	3	P132	a	hamming1
mol02965	chrS2	8500	TCGTACTGGGCA	4			
mol00464	chrS1	4616	AAAGATAAATAA	4	P233	a	diverse
mol02747	chrS1	14283	CACTGTTGGTGC	3			
mol01018	chrS1	5792	GATTTATTTACA	1			
mol03141	chrS2	7419	ATAGGGGGTAAC	5			
mol04471	chrS1	15934	CCGGCCGATGGT	2			
mol03313	chrS2	19291	TGCGAGTGCGAC	2			
mol05420	chrS2	12878	GGAGTGCCAAAT	3			
mol01708	chrS1	15995	TTGCATTCGAGA	2			
mol01966	chrS2	17279	CTAACGGTTCAG	1			
mol02135	chrS1	8803	CAGGAAACAAAC	5			
mol04027	chrS1	17971	TGTTCTTCACTC	6			
mol03703	chrS2	14252	TCCACCGGTCTT	1			
mol00478	chrS1	1875	ATGAAGACGTAT	3	P240	a	diverse
mol05350	chrS2	12346	TAGTAGTGCCTA	3			
mol01352	chrS1	4188	CCTAGCTCGTGT	1			
mol04701	chrS2	9616	GTGATGAGTAGG	1			
mol02963	chrS1	4834	GTGGGTAACGGC	4			
mol01722	chrS1	11623	TAGACGCATGTT	2			
mol02243	chrS1	19768	ACGCAGAACATG	4			
mol03754	chrS1	13242	CAGCCGTCGAAT	1			
mol02559	chrS1	10821	ACTGTATTGGCG	2			
mol05213	chrS1	2580	GTGCAACGTTAA	1			
mol01655	chrS1	1338	AAGGCTAGGACG	1			
mol03489	chrS1	17652	ACAGTATGACAG	1			
mol01617	chrS2	1496	GCTGGCAATCCA	3			
mol01385	chrS1	18622	TGTTTCTGGCAC	3			
mol04854	chrS1	4539	GAAAGCTTGTTA	2			
mol01225	chrS1	17192	TAGGTTTGTTCA	4			
mol02006	chrS1	16050	ATTGCGCTCAGT	1			
mol02547	chrS2	8637	GAATATGCTCGC	3			
mol03143	chrS2	12171	GTGAGATGGGGC	3			
mol01502	chrS2	13722	CTATTACAGTTG	2			
mol02875	chrS2	1190	AACTTTTTGGGA	4			
mol02973	chrS2	16166	CTTTCTATCAAG	1			
mol04542	chrS1	18759	TAGATTTGACGA	4			
mol05867	chrS2	15319	GAAGATTCCAAA	5			
mol02832	chrS1	15530	CCGAAGTTCGGG	1			
mol00079	chrS2	2268	GAGCGATTGATA	4	P040	b	hamming1
mol01399	chrS1	11498	TCAGAACCGTAG	3			
mol05353	chrS1	3141	GTGAAACTAGAT	4			
mol00399	chrS2	17852	ACTTAATGAAAA	3	P200	b	diverse
mol04487	chrS2	11111	CATCATCAGTCG	2			
mol05280	chrS1	7129	AGAGTATTAGAA	5			
mol00427	chrS2	10884	GGCATGGAACCC	3	P214	b	diverse
mol01440	chrS2	18234	CACCCTGTGTGC	1			
mol02400	chrS1	12310	ACAACACATTGT	2			
mol05971	chrS1	11722	GTCATATTTACG	2			
mol04215	chrS1	18813	AACAGGTAAGAA	4			
mol05001	chrS1	11662	GAATCCTTGATC	2			
mol00331	chrS2	10678	CAATACTTTACC	3	P166	b	diverse
mol03448	chrS2	2545	ATCTGGGCAGAA	4			
mol01909	chrS2	13099	ACGTCGTCATAT	1			
mol01514	chrS2	7941	ATTGCGAGGCGG	1			
mol05964	chrS2	19339	TGTTACACGGGG	1			
mol02294	chrS2	10773	ACGGCGAATTAG	2			
mol00797	chrS1	16773	ACCATCCCCTCT	1			
mol05813	chrS2	1934	CAGTTACCAAGT	2			
mol03537	chrS2	9844	CGCATTATCTAG	2			
mol00346	chrS1	9988	TTCGTGGTGGCT	3	P174	a	diverse
mol04018	chrS2	7785	GAGAATCTCATA	4			
mol04123	chrS1	11234	TAAAGGCAAGTA	2			
mol02645	chrS1	9181	TGTGGCTGGGAC	4			
mol00355	chrS2	6133	CGAATAGGAGAA	4	P178	b	diverse
mol03149	chrS1	15559	TGAGGGGATTCG	2			
mol03872	chrS2	10267	AATTAACTGGAG	2			
mol00175	chrS2	1965	GGCCTACTTGCC	3	P088	b	hamming1
mol02819	chrS1	10049	CGCTCTCACGCT	2			
mol03942	chrS2	2384	CCTCACTGTCCG	4			
mol01855	chrS2	8898	ATTCCAAGGCCC	1			
mol00424	chrS2	8841	TAAAAGGATATG	4	P213	a	diverse
mol03183	chrS1	1648	TACTCCGAGACG	1			
mol03674	chrS2	4705	GTAGTGCAAAAC	3			
mol01057	chrS1	11052	ATAGCTGATTAT	2			
mol05715	chrS1	10671	GGGACCGATTTT	2			
mol05750	chrS1	560	GCTGAGCCCTCG	3			
mol05188	chrS2	5178	AACGTTACGTTG	1			
mol02780	chrS1	11759	GCAAGGCTAGGG	3			
mol04300	chrS1	17714	TTCACCTCAGTT	1			
mol03939	chrS1	12659	ACAAGATCCTAA	2			
mol00959	chrS1	10500	AAGGTCCCAAAC	2			
mol03915	chrS2	17561	TCCTCCTAACGA	1			
mol04679	chrS2	1231	GCTGGCTAGATT	1			
mol00948	chrS1	1820	CCGAGGTGATTT	1			
mol04565	chrS1	694	TTCACCCCTAGA	3			
mol04434	chrS1	11558	CACGCGTCTCTA	2			
mol02681	chrS2	12754	AGCTCTGGAATT	3			
mol04277	chrS2	10476	GCGGCCCAATTA	1			
mol05792	chrS1	16573	GGAGGTCTGGGT	4			
mol03451	chrS2	6032	TGAAGTCAATAT	4			
mol05275	chrS2	3383	GCTTTCCGATCT	5			
mol03009	chrS1	13536	CCCTGAGTCCAA	1			
mol02296	chrS2	2671	CGGTCCATCTGA	3			
mol04667	chrS2	7948	AAAGAGGACGAA	1			
mol05705	chrS1	10698	AACTTTTGAGTT	4			
mol05518	chrS2	14921	CCCTTCGTATAA	4			
mol05736	chrS2	479	ATAGCGCCTCAT	3			
mol01670	chrS1	13880	AGGTACAAGGAA	5			
mol05547	chrS2	7697	CACGGGCACCTT	6			
mol01957	chrS1	17567	ATCTTCGACGTC	1			
mol01339	chrS2	88	TTCAAGTCACAA	6			
mol00140	chrS2	10684	ACATGTGTGTTA	3	P071	a	hamming1
mol02566	chrS1	9254	AAAGAGAAACCG	1			
mol05671	chrS1	5504	CCGTGGACCCTT	2			
mol02571	chrS2	11411	ACATTGTGATTC	3			
mol04073	chrS1	8989	TTCCACAGGAAC	2			
mol03368	chrS1	17878	ACCTTAGAACTT	1			
mol00289	chrS1	3840	GTTTGCTACTCT	4	P145	b	hamming1
mol04149	chrS1	11710	CAGGAAAGTGCA	3			
mol04908	chrS2	11651	TTTCGGCGCCAT	2			
mol00773	chrS1	3100	TAGCTAGATCAG	1			
mol01871	chrS1	14935	AATTTCAAACAC	1			
mol03385	chrS2	15369	AGAATAGCTAAG	2			
mol05410	chrS2	7768	GCAGCCGGGCGT	6			
mol00882	chrS1	19281	GCTTCGAGGCGC	3			
mol04033	chrS2	13843	ATTCGGAAGTGC	5			
mol05497	chrS2	2148	ACAGAATACACG	5			
mol01506	chrS1	7244	GGCTTAAATGGC	3			
mol05294	chrS2	10570	ACCGATCGCTCA	2			
mol04596	chrS1	3535	GTACATCGCGGG	2			
mol04875	chrS2	16285	CTCTCTGATCAA	1			
mol02534	chrS1	8689	GTACGCTGAGTA	8			
mol04353	chrS1	14739	GTGCTGGTACTA	2			
mol03050	chrS2	12681	TCTATTCGGTGC	3			
mol00534	chrS1	2380	TATGTACCACTT	4	P268	a	diverse
mol02024	chrS2	10759	CCTAGTCTTCAT	3			
mol02255	chrS1	18525	AAGGCTTCAGCG	3			
mol03687	chrS1	17461	GCTAGTACCTAG	3			
mol04248	chrS1	9098	GGCGGTGAGGAC	2			
mol03575	chrS1	16955	CAACATGACGCC	5			
mol02128	chrS1	9614	GTGTACATGGCT	3			
mol04517	chrS2	9805	CAAAGTAATGCT	1			
mol05741	chrS2	4451	TGGTTTAAAGTC	3			
mol04837	chrS2	18647	GCGACGTCAGGG	4			
mol04317	chrS1	19446	CGCCGGTCAGCG	4			
mol04916	chrS2	10115	TGTAAGGCCAGC	2			
mol03194	chrS1	6362	ATCCCCCTAGCC	1			
mol04524	chrS1	16048	TGTCTGCATCCC	3			
mol01084	chrS1	6151	ATCACTTCAAAG	2			
mol03342	chrS1	15656	GGGCAAACCCAT	6			
mol05809	chrS1	10348	CGCGCAGATTAG	1			
mol04621	chrS1	4364	CTAACCCGATCT	3			
mol02210	chrS1	9048	CAGATGGAAGAG	3			
mol00481	chrS1	13812	CCCAAGGATACC	4	P241	b	diverse
mol05163	chrS1	681	ATGCCGCCATCC	3			
mol04687	chrS2	13698	ACGTGCATATTC	4			
mol05540	chrS2	11632	ACATAGTCAATC	2			
mol02540	chrS2	18712	GCGCACGTTCTC	6			
mol04477	chrS2	180	GGCAACGAAACA	5			
mol03037	chrS2	11735	CCGAAGTGTGTG	4			
mol02797	chrS1	5370	TGTGTTTGACTG	2			
mol02421	chrS2	7499	GGAGAACCGTCA	3			
mol00078	chrS2	2268	GAGCGATAGATA	3	P040	a	hamming1
mol05690	chrS2	15747	TGTATATTTGTT	2			
mol05142	chrS1	17903	CTATACTACAAC	1			
mol01865	chrS1	19784	TTAGCTTATCGG	2			
mol03083	chrS2	7455	CGCCCCACACCT	3			
mol04109	chrS1	11375	CTCATTGAAGGT	1			
mol01953	chrS2	12691	CACATTTAGGAC	6			
mol01656	chrS1	9428	CCTCACACTCCC	3			
mol03767	chrS1	480	CTAGACAAGAGT	1			
mol03200	chrS2	8036	GTTACCGTGTGT	5			
mol00205	chrS1	15627	CGGAGCTGCCCA	4	P103	b	hamming1
mol05652	chrS1	12548	CGAGCCGTTCAG	2			
mol00700	chrS1	6210	GTGGTCGAAGCG	3			
mol01344	chrS2	9131	TAGTGCACTGTT	6			
mol05462	chrS1	13024	TATCTAAGGGAA	3			
mol01779	chrS2	9343	CGTCCTTTTATG	4			
mol04422	chrS1	17086	TGCTCTACACTT	1			
mol00181	chrS1	19819	AAACTGAACTCA	4	P091	b	hamming1
mol00544	chrS1	19374	AAGAAGTCTACG	3	P273	a	diverse
mol04075	chrS2	15355	CATGTGCAGCAA	3			
mol05451	chrS2	16979	GGATACTTACTT	3			
mol03509	chrS2	12646	CGACTCCCTCAG	2			
mol00921	chrS1	14763	TATAAGTTACGA	4			
mol04633	chrS1	1654	CGTCGGAAATAT	3			
mol04511	chrS1	12128	GGACGCAGGCTG	4			
mol04685	chrS2	16157	CGTAGATCCTGA	2			
mol00997	chrS1	16345	TGAAGTGTTACG	3			
mol01099	chrS2	1196	TATAGCGGTGTC	5			
mol00580	chrS1	2364	CGTGTAATACTT	4	P291	a	diverse
mol04734	chrS1	14814	ACGTTCGGATCT	5			
mol04817	chrS1	15553	GACCTTGGACCG	2			
mol03775	chrS2	8319	TAGAGAGGAGCG	5			
mol01703	chrS1	64	GCATTTAGGTCT	3			
mol02638	chrS2	17725	GATGGCGCCGCT	3			
mol05493	chrS2	12184	AAGTTAAACCAT	1			
mol03964	chrS1	18535	GGTTGAGCGACT	4			
mol02390	chrS1	6237	CTACTAATGCCA	1			
mol01944	chrS2	12637	GTCCCCACTTGC	2			
mol03315	chrS2	12508	CTCATGCCTGTC	2			
mol05428	chrS1	6355	CCGCTCAACCGA	8			
mol02501	chrS1	10988	CCAAGTCTTATT	4			
mol03010	chrS2	19303	ATAATGAGCTCG	3			
mol02671	chrS2	1023	CAACGTTAAATT	4			
mol01366	chrS1	19813	AAGCACGTCTAT	1			
mol02231	chrS2	15421	AATATGTGGTGA	1			
mol00668	chrS2	17784	CAGGCCAGTCGC	1			
mol00990	chrS1	4898	ACACCTTTGGTG	1			
mol03719	chrS2	4337	CGCGTCGTTCTA	4			
mol02869	chrS1	9200	TGTTCTGCTCGC	5			
mol05553	chrS1	16126	CAGAGTGCTAGG	2			
mol03570	chrS2	7417	AGCATCATCCAT	3			
mol04229	chrS2	13282	AGCAGCTCTATG	1			
mol01743	chrS2	12639	AGGCCTTGACCG	2			
mol01699	chrS2	957	TAAGGTAATGAC	8			
mol04191	chrS1	18745	ATTAGTAACACG	4			
mol03269	chrS2	882	AAGTTGAGAGGG	1			
mol03090	chrS2	7342	TGCCGTATTGAT	1			
mol05886	chrS2	7062	CACAGCGTGCCT	2			
mol03005	chrS1	3461	CTTCCGTGGTGC	1			
mol03135	chrS2	18179	CAACAGACTAGG	8			
mol02713	chrS1	2787	AGCATATGCTCA	2			
mol05091	chrS2	1797	CCGGTATCTAAG	2			
mol00261	chrS2	7615	GTGGACCGTGAA	4	P131	b	hamming1
mol01525	chrS2	5366	GCGTGAACTATG	2			
mol04358	chrS1	5797	CGAGTTCAGGAC	2			
mol01417	chrS1	7518	AACACCATGCCC	1			
mol01056	chrS2	12803	ATTCAATCGATT	1			
mol01125	chrS1	10485	TTTGTCTTTCGC	1			
mol00530	chrS2	16245	ATAGAAGATAAT	4	P266	a	diverse
mol04891	chrS1	5212	GGTACCAAACGT	5			
mol04780	chrS1	18494	GTCAGTGATCCC	1			
mol03797	chrS1	18458	AAGTACGCGTAA	5			
mol01453	chrS1	12182	TAGAGCGCCGAT	2			
mol01558	chrS2	1623	CCTATGCCATTC	4			
mol03125	chrS1	10230	CGCTGTCATTGA	1			
mol05817	chrS1	8073	TTCGAAGGATTC	6			
mol00541	chrS1	16792	ATATGCTGCAGT	4	P271	b	diverse
mol03485	chrS2	16488	CGTTTTCCTTAG	2			
mol01887	chrS2	515	GCCCCATCTCCG	3			
mol00126	chrS1	9077	GGTCACCCAAAC	3	P064	a	hamming1
mol00511	chrS1	6695	CTTATTGCTCAG	4	P256	b	diverse
mol05550	chrS1	6486	ATGTACGCAGAG	1			
mol01237	chrS1	7034	ATCACACGCCGA	1			
mol05156	chrS2	9913	ACCAATGGTAAG	3			
mol03190	chrS1	11097	CTTTGCGCGTGG	2			
mol00734	chrS1	835	GGCCTGAGATCA	1			
mol04339	chrS2	5806	TCGAAAGATGCA	3			
mol00952	chrS2	6990	GTTGACTAGCGC	1			
mol02581	chrS1	13244	GTTCTTGCGAGC	3			
mol04986	chrS1	14606	ATTGACATCATT	2			
mol02392	chrS2	15188	CGGAAGGACGAT	3			
mol01740	chrS1	1860	CAGCTTTGATGG	2			
mol04791	chrS1	18863	AGGGAAGTGTTA	1			
mol04877	chrS1	17901	TTTGGTCCGCCC	5			
mol00487	chrS2	13604	CTGCGACTGGTG	3	P244	b	diverse
mol00827	chrS2	996	GTCTCAAATCGC	2			
mol01479	chrS1	14929	ATGAGGCCGGAT	2			
mol01473	chrS1	4166	AAGGTAGGAGCT	2			
mol01080	chrS1	635	GGACGCCTCAAC	5			
mol00227	chrS1	9334	AGAGATTTCCCC	4	P114	b	hamming1
mol03567	chrS1	16082	ATTACTTTAGCC	3			
mol05320	chrS1	7380	TACTGGGTCACA	1			
mol04001	chrS1	19472	AGATTACGCACG	3			
mol05292	chrS2	15326	AAACACGACTAC	2			
mol01184	chrS2	6654	AGTCAGTATTCG	6			
mol03032	chrS2	11936	CCCGCTAAGAAG	2			
mol04100	chrS2	2788	TGACGCCTCGCG	2			
mol04941	chrS1	13973	GCATACGGTTAA	2			
mol05805	chrS2	5300	AGACCACAACCG	3			
mol01824	chrS1	3718	AATCACATGGCT	2			
mol05998	chrS2	13524	GTAGACGACAGA	8			
mol05284	chrS1	1299	TAAGCGGAATGC	2			
mol05581	chrS1	6899	TTTTAGTATCGA	3			
mol03953	chrS1	8648	AGGGACGTGTTG	3			
mol05074	chrS2	9858	CGATCAGACAGT	1			
mol01873	chrS1	10848	ACATGTCCGCGA	2			
mol03121	chrS1	5314	GCTCGGAGGAGC	3			
mol00505	chrS1	3006	CTCGGCTGAGGC	4	P253	b	diverse
mol03804	chrS2	8622	CTTGGGTATCGC	5			
mol01319	chrS2	12589	AGTAACAGCACC	3			
mol04093	chrS2	3298	GGCCTCGTATTG	2			
mol05427	chrS2	1206	GTTTTTTGCTGG	3			
mol03079	chrS1	3286	GCTCTGTTTTCG	6			
mol02292	chrS1	8783	ATGTATAGCACG	3			
mol05608	chrS1	3389	CAACTAGGCGCC	1			
mol04774	chrS1	3581	CTCGTGAGAAGG	1			
mol00616	chrS2	19602	ATATCTCTCCTC	2			
mol03913	chrS2	13538	TAAACATAGCAG	4			
mol04301	chrS1	7258	GCTGCGCCCCTC	4			
mol01055	chrS1	18400	GGTTATGACACA	1			
mol02597	chrS1	9805	TGTCGACCACCC	1			
mol04839	chrS2	17485	GCTCCTCTCTAG	4			
mol03249	chrS1	4634	ACACTGGTGCTT	8			
mol02861	chrS2	13583	CACTCAACTTAA	4			
mol00463	chrS1	16996	GCCGCATTGCTC	3	P232	b	diverse
mol00336	chrS1	7297	ATTGACGTAGCG	3	P169	a	diverse
mol03395	chrS1	5742	TATTCGACACCG	1			
mol01859	chrS1	12653	TGAATCGAAACC	3			
mol00695	chrS2	7695	TTGCGCGGGCAA	2			
mol01300	chrS2	862	CACGACTTAGCT	2			
mol01005	chrS1	15760	GGAGTGGGAGGC	1			
mol05877	chrS1	14521	CTTCGAATCTCC	3			
mol02939	chrS1	16846	AGACGGCGCGAC	2			
mol02116	chrS1	2266	GCCCGCTGCCTC	2			
mol00508	chrS1	9251	GGCGAGGTCACG	4	P255	a	diverse
mol05268	chrS2	19791	CACTAATGTGTG	2			
mol05255	chrS1	1102	GCGGGGGCCGAT	3			
mol03612	chrS1	9176	GGAGTCAACCCA	2			
mol03341	chrS2	1523	AGAGAACTTACT	1			
mol04129	chrS1	4668	GGGTTCGGATCA	1			
mol04014	chrS2	14002	CTAGCCTACTAG	4			
mol05602	chrS1	14236	AGCTTTCTCTAG	8			
mol03286	chrS2	6846	GATCCGTTGCAC	1			
mol02567	chrS1	1618	CTCATGAGCGGT	1			
mol00776	chrS2	17295	GTGTAGATTAGT	3			
mol00092	chrS1	14918	GCCAATTGGCCT	4	P047	a	hamming1
mol04435	chrS1	7393	CCAGCGAACCGT	5			
mol00826	chrS1	16295	CGCACGTGCGCT	6			
mol02425	chrS1	15814	CGTGTGGTAAGC	3			
mol04820	chrS2	10227	ATACAAGCCTAG	2			
mol02183	chrS1	19738	CCCAAGCCGGCT	1			
mol00765	chrS2	5173	AGACTATGTGGC	3			
mol03881	chrS2	1147	TATTCTTCATAA	2			
mol05901	chrS1	454	GACTTCCACTAT	3			
mol02684	chrS1	9919	TACGCGCTTGTG	3			
mol04320	chrS1	19374	TCTAAGCTAGGA	4			
mol04917	chrS1	16938	CTCTTGACCACA	2			
mol05076	chrS1	14068	GTGAAATGCCCT	3			
mol02741	chrS1	4485	ACTGGTCTAATG	3			
mol04959	chrS1	15476	ACAGACAGATAG	5			
mol02919	chrS1	1234	CCCCGTGCTATC	5			
mol01833	chrS2	14865	TGCATTTTGGCT	1			
mol05051	chrS1	12500	AGAGTCTGAAGC	3			
mol03092	chrS2	4725	GATGTCAAGGCG	2			
mol01390	chrS1	16925	CGAGCACTCTCT	1			
mol05666	chrS1	11950	TCTGATATACCT	1			
mol00401	chrS2	6931	TTCAACCCTTTA	3	P201	b	diverse
mol05993	chrS2	8125	ATCCCGGACGTC	1			
mol01474	chrS1	9277	TCCAACTGCAGA	4			
mol05789	chrS2	19522	GGCTGTGTTATC	3			
mol04065	chrS1	15651	GAATAATATATA	2			
mol00114	chrS1	6370	GGCTAATCTCTG	3	P058	a	hamming1
mol03930	chrS1	2311	AAATCTGGGGAG	3			
mol03514	chrS1	4069	TGTGCGTTTCGA	1			
mol05465	chrS2	9546	TAAGCATCCACT	1			
mol02133	chrS1	5475	ATGGAACAGTAC	3			
mol00897	chrS1	871	CTTAATGACCGC	2			
mol05528	chrS2	4861	GTTATCGAATCC	2			
mol02956	chrS1	628	GGTTATCGGGCG	1			
mol00223	chrS2	15876	CAGGTGCCGACA	3	P112	b	hamming1
mol05215	chrS2	5397	CGGGTTCCACAT	2			
mol05770	chrS1	3285	GCAACTGAGCTA	2			
mol01671	chrS2	2193	CACCCCTTTGAA	3			
mol00785	chrS1	12378	GTTTCAGTTATG	1			
mol03004	chrS1	9601	TAACATAAGCAA	3			
mol01329	chrS1	2162	TCTTACAGGCAG	1			
mol00406	chrS2	258	GGCGAATCGTTA	3	P204	a	diverse
mol04778	chrS2	10585	CGTCCACCCCTA	2			
mol04375	chrS1	4993	AAAAGACAGCCA	1			
mol01895	chrS1	12580	CAATTCTCATTG	5			
mol03087	chrS2	8535	CCGGTGACTTTT	2			
mol03026	chrS2	5958	TTTTGGGGCTAA	3			
mol05172	chrS2	11418	AGAATTATATCG	8			
mol01861	chrS2	15048	TAAGCCTACAAC	2			
mol03426	chrS1	7295	TGATATTAGAGC	2			
mol00733	chrS2	6855	TGTTTAGCGCAA	2			
mol00883	chrS1	19700	TAAGGCCTCATC	5			
mol04880	chrS1	14785	AGCGAGATAAAA	1			
mol01892	chrS2	527	GTACCCAAAGAG	2			
mol05589	chrS1	13713	TGAGCGCATCGT	1			
mol00986	chrS1	4535	GCTAGCACTGCT	1			
mol00441	chrS2	4309	GGAGGTCTGCCG	3	P221	b	diverse
mol02373	chrS2	2888	CGCCTCGCGGCA	4			
mol04462	chrS2	461	GCCTTTGCCATC	1			
mol02575	chrS1	8073	TAAAGAGGGCAC	2			
mol04577	chrS2	19054	CAGGGACCTACG	1			
mol03197	chrS1	5610	GACCGTCCCGCG	1			
mol00253	chrS1	5935	GCCTAGGCGTTG	4	P127	b	hamming1
mol00703	chrS2	17021	GTTCGTATACCA	2			
mol04072	chrS2	18599	CCGATTGGGGCC	4			
mol03434	chrS1	2035	CTATACGCAAGC	2			
mol03403	chrS2	10044	CCCATTCCTGTC	2			
mol04412	chrS2	16132	AGAGAAATGGAT	2			
mol05930	chrS1	5417	ATTAAGAGTTAT	2			
mol02903	chrS1	15051	GGATTGTGGGAC	2			
mol04258	chrS2	17689	ACGGGAGAAACA	1			
mol02467	chrS1	16544	ATGTCTCCCTTC	3			
mol01333	chrS1	5706	ATTGGAAACCTA	1			
mol04210	chrS2	6043	CTCGCGTCCGAG	3			
mol02946	chrS2	12042	CAGCCATTCTGA	1			
mol02343	chrS1	6375	ACACGGTACTTG	1			
mol01910	chrS2	10139	GATCACAGTTTA	5			
mol02447	chrS1	8615	GAACATAGCCGC	3			
mol04710	chrS2	1040	CAGACTAGAAGC	2			
mol02775	chrS2	10038	CCTACCGTCCTG	3			
mol04176	chrS2	8458	TCGCCCCGTCTA	2			
mol03287	chrS2	8925	AATAAAGTCGAA	4			
mol01188	chrS2	13058	TCACGGACCTAC	2			
mol02712	chrS1	17260	GGGTCAACGACC	2			
mol05432	chrS1	19510	CCTATATCGTTT	2			
mol00146	chrS1	3467	TGTGAAACTGTA	4	P074	a	hamming1
mol00663	chrS2	11649	CGACGCTTCGGT	3			
mol01363	chrS1	15392	GTGCCTGTATCT	3			
mol01571	chrS1	215	ATAAACACCATA	4			
mol03736	chrS1	12593	TGAGGGGGGGTA	2			
mol03120	chrS1	197	GGGAAATCCGTA	4			
mol01012	chrS2	3075	CCTTGGTCATCT	3			
mol05370	chrS1	1285	ATAGTCGCGGCG	6			
mol05796	chrS1	7603	GGCGAGGACTGA	4			
mol00712	chrS1	3202	TCACTTACTGAC	3			
mol02177	chrS1	8346	CAGACTAAGCTG	3			
mol02155	chrS2	538	TCGGCAAATCTG	1			
mol01876	chrS2	6314	TTTATAGTTCCC	1			
mol03410	chrS2	361	GCAACTTCGTTC	1			
mol05505	chrS1	15407	GGAGGAGTATTC	2			
mol04017	chrS1	5331	ATTAACGCCTCC	2			
mol04803	chrS1	6105	CGGGTTGACCCC	4			
mol04532	chrS2	10511	ATAATTGGACCC	2			
mol04447	chrS2	15131	GTTAGAAGTAGC	2			
mol00006	chrS2	688	AGTAGTGTCAAA	3	P004	a	hamming1
mol05984	chrS1	3853	TGGTGGGTCGCT	3			
mol02578	chrS2	18525	GCGTATCGATAA	1			
mol00284	chrS1	2995	GAGTCGCCAGAA	4	P143	a	hamming1
mol03222	chrS2	15167	TATCGATGCATC	2			
mol02154	chrS1	11360	TGTTACACGATC	3			
mol01705	chrS2	6320	AAACGCCCCTCT	1			
mol00774	chrS2	11622	CACAACTTAACT	4			
mol00954	chrS2	14879	TGCCCGTTGCCG	1			
mol04850	chrS1	10005	TAATGTATTCCA	3			
mol02730	chrS2	16463	GCCTCGCCAGGA	2			
mol04272	chrS2	7979	GAGCCCTATCAT	6			
mol04380	chrS2	7063	GCACTCATGGGA	2			
mol00279	chrS2	12148	TTCGCCTAGGCT	3	P140	b	hamming1
mol05426	chrS1	5140	AATGGAATCAAA	3			
mol05314	chrS1	765	TCTATCCTAGAT	2			
mol02635	chrS2	13421	ACCCTTTCCTCA	3			
mol02647	chrS2	11467	TTTAGACGCACC	1			
mol00330	chrS2	10678	TAGCTGTTTTGG	3	P166	a	diverse
mol03138	chrS1	6012	GTCTCTTCTCGT	4			
mol01283	chrS2	12631	TTCACCATCATA	3			
mol00117	chrS1	12604	ACTCGAACACCG	4	P059	b	hamming1
mol05699	chrS1	10758	TACTGTCGCTTC	1			
mol04484	chrS2	13971	AGTGGTGGCCAA	6			
mol02108	chrS1	9861	TTTTCCTTCGTA	2			
mol03279	chrS1	756	GGTTCAACGACA	5			
mol02808	chrS1	797	TGCATATATTTG	3			
mol03622	chrS1	18840	TCTGTAGTTAGC	3			
mol00523	chrS2	6862	CTGGATGATGAG	3	P262	b	diverse
mol03906	chrS2	7467	TATCTGGGTATG	2			
mol03871	chrS1	18695	CTCGCTATGTAC	3			
mol04002	chrS2	15461	AGCTTTCAAGCG	4			
mol00445	chrS1	16967	CTAGTCCCTCAC	4	P223	b	diverse
mol04296	chrS2	3735	TCGCAAGTCGAC	2			
mol05318	chrS1	7554	TCGCTTCCAGTT	2			
mol04593	chrS2	5081	TGAGAGCGTCGC	1			
mol03620	chrS2	2718	TGCTTATAGTAA	1			
mol01134	chrS1	319	GAAGTTGGGCCA	1			
mol05475	chrS1	7518	GAGGAAACGGCG	5			
mol01118	chrS1	235	CAGATTTCTCAA	3			
mol04896	chrS1	5270	CGAGGGATCACC	3			
mol02686	chrS2	6560	GCCGCCTAGTGT	1			
mol00823	chrS2	14326	TGGCCTCTGCCA	2			
mol00068	chrS1	19478	TAGGGATTGAGA	3	P035	a	hamming1
mol01359	chrS1	16316	CTGATACTCACC	1			
mol03616	chrS1	11922	CGTAGTTGACGC	1			
mol02550	chrS1	1098	TCGGTGGCAGCG	2			
mol02159	chrS1	15331	CACGCATTTGGT	4			
mol00407	chrS2	258	TCCATGAGCTAG	4	P204	b	diverse
mol01122	chrS1	1834	TTCGCAGTCCGG	2			
mol05287	chrS1	200	CTTCCCAGGCGT	2			
mol02851	chrS1	5442	CCCAACACACCG	3			
mol04515	chrS1	6597	TAAGGTCAAATC	2			
mol03195	chrS2	5969	ATGCCAGCGCGG	2			
mol00267	chrS2	15935	GGGCTTTTCTGC	3	P134	b	hamming1
mol01650	chrS2	12485	TTTCATAGCACC	1			
mol00105	chrS1	1171	TCGGTCTCTGTT	4	P053	b	hamming1
mol04619	chrS2	4616	GTGGTCCTATTA	1			
mol04164	chrS2	9583	TATCAGCCTGCG	1			
mol02502	chrS2	16857	GTCATGACATAG	6			
mol03314	chrS2	11803	TTCGTTTCCGAA	2			
mol01679	chrS2	15831	TGCGTCGGGGGG	1			
mol05344	chrS2	17938	CAGAGTTGTAGT	1			
mol00352	chrS1	17019	GGCTCTGTTCAA	3	P177	a	diverse
mol02078	chrS1	5981	AATTGGATACTG	2			
mol03013	chrS1	5860	TACCGAGGCATT	1			
mol02013	chrS1	7979	TGGAGAAGCCCA	4			
mol02445	chrS1	10878	GTCCTGATGCTT	4			
mol02237	chrS2	16940	CTATTGCCGGTA	1			
mol04166	chrS2	10115	ACTGGGGTAGTA	3			
mol05376	chrS1	14367	ACTTAGGTCTTA	1			
mol03812	chrS1	8213	TCGGAGTAGTGT	1			
mol01696	chrS1	2180	AAACCGGCTCCA	2			
mol03938	chrS2	4183	TGAGGCATTCAG	3			
mol02324	chrS2	9970	CAGGCATACTCT	1			
mol01836	chrS2	4454	TGATCTCGTCTA	1			
mol01261	chrS2	15116	ATTAAACCTGAG	2			
mol02710	chrS1	16585	CCCCGGCTACCG	3			
mol04195	chrS1	13260	TTCTCGGTGGTT	3			
mol03266	chrS2	19341	GCCACAGGCGCC	1			
mol01447	chrS2	9460	AAGGTCGGCTGC	2			
mol05330	chrS2	1841	CTCTTTGGGGGC	6			
mol04911	chrS1	13583	TTGCTGGAGAGT	4			
mol02484	chrS1	8234	ACGGAAAAGCGC	2			
mol02193	chrS1	17427	TGGCCTGCGCAC	1			
mol05751	chrS1	16405	ACTCTTATCGTG	1			
mol03798	chrS2	9562	GCAGTCCCCTGA	6			
mol01950	chrS2	15203	CTGGATCTGCGC	2			
mol04767	chrS1	15201	ACATGCTAATAG	1			
mol00860	chrS1	618	GCTCAGATAGAA	1			
mol00322	chrS1	8228	TTAGACACTATC	3	P162	a	diverse
mol02059	chrS2	13518	GTGCGCTTGTGA	8			
mol02558	chrS2	5424	TGCGCTGGACAT	3			
mol05241	chrS1	6563	CGTCCTAAAGAC	1			
mol05720	chrS2	14688	CCTCCCGCGGGA	1			
mol00830	chrS2	12110	GACAATTCAGGC	2			
mol05401	chrS2	9335	AGCCACCGCCTA	3			
mol02359	chrS1	6324	TTCTGCCCGAAT	3			
mol01804	chrS1	12712	AAGCACAATCAT	2			
mol04886	chrS1	3464	GTTCGGGTGTTC	2			
mol00924	chrS1	937	TCCGGATCCGAG	1			
mol04343	chrS2	13681	CTTCGACGGGTA	8			
mol02305	chrS2	17618	GGGCTCCGTGAA	2			
mol01078	chrS1	4247	ATCCCCCAGTCC	5			
mol00965	chrS1	602	GGTCAGCGAGGG	3			
mol02761	chrS2	2513	AGCGCCCTAAAG	1			
mol04968	chrS2	15962	TTCTGATAAACG	1			
mol02272	chrS2	789	CCACCCGGGTCT	1			
mol03067	chrS2	15732	CATCCACTAAAT	1			
mol03873	chrS2	17637	TTAATCCGCAGA	5			
mol00637	chrS1	13911	TATTCTAGAGGG	3			
mol04513	chrS1	9365	GATAAAGTAGGA	3			
mol05593	chrS1	13846	AAGCCGCACGTG	2			
mol04151	chrS1	14136	GGCATCCTCTAA	3			
mol03187	chrS1	13316	AACGCCGTAGTT	4			
mol01732	chrS2	18505	CATAAATAGTGC	3			
mol01465	chrS2	16411	TTTTTGCCAATG	1			
mol02333	chrS1	9544	TCACGGATTAAC	4			
mol03586	chrS1	5369	TCCACCGCAGTC	2			
mol00878	chrS2	12347	CTTTGCGCTGTC	2			
mol03723	chrS2	8844	AACTTGGTTTAT	4			
mol02702	chrS2	10243	GCGTTATATAGT	1			
mol00980	chrS2	18730	GAAAGAACCCGT	3			
mol03889	chrS1	3888	GTTCCGACCGAG	4			
mol03386	chrS2	2521	CTAAGATGGAAA	1			
mol02891	chrS2	6613	AAGCGTTTAAAG	1			
mol01863	chrS2	14478	TCACGCGCTCAT	4			
mol03441	chrS1	11209	TTCCCGGGGATT	4			
mol01314	chrS1	8395	AGCTGGTACAAC	8			
mol02282	chrS1	8965	ATTTATTAGAAC	5			
mol04373	chrS2	10373	CATACAATCTGT	5			
mol01199	chrS1	16287	CAGTTCATAACT	2			
mol00136	chrS1	7863	TTCTAAAGCCTG	4	P069	a	hamming1
mol01664	chrS2	14267	AGATGACGAAGG	1			
mol02204	chrS2	3004	GTACTGTCGAAT	1			
mol05941	chrS1	9086	ACATCGACGTAG	1			
mol05566	chrS1	6927	GATTGTAAATCG	4			
mol00573	chrS2	12702	GTAATGGGCCAC	3	P287	b	diverse
mol05289	chrS1	3429	CGAATACCACCC	3			
mol05815	chrS1	11247	AAGTCGTTTTAA	3			
mol01496	chrS2	11151	GAAAGCGGGTCG	2			
mol01749	chrS2	19418	TACCAATTAGTT	2			
mol02999	chrS2	13230	CCGGAGGATCGG	1			
mol03884	chrS1	4866	ATAAGAACGACT	1			
mol01206	chrS2	12563	CTTTTAATAGGA	2			
mol01672	chrS2	14606	TTCTCGGCACCA	2			
mol01419	chrS2	3120	CAACATTCAATC	5			
mol00852	chrS1	12850	CACGGCGTATAC	1			
mol00208	chrS2	5347	CATTCGACTCCC	4	P105	a	hamming1
mol03101	chrS1	7048	TATGTCAGCCCA	1			
mol03716	chrS1	1598	TCCGGGAGTTTT	3			
mol02018	chrS1	17033	GTTGAGAAACGT	2			
mol03230	chrS1	5806	GGTATTCAATTT	2			
mol01802	chrS1	12007	CCACCTACCCGG	1			
mol01226	chrS2	8459	GGACATCGACTT	2			
mol01230	chrS2	4385	TTAAGGGTCTTT	1			
mol01747	chrS2	5113	TGCACTCATCTC	8			
mol03807	chrS2	15493	GGGGGTGCCCGG	3			
mol03277	chrS2	3186	GGTGGTATTATC	1			
mol03543	chrS1	4452	AGTCACGAGGTA	2			
mol04847	chrS2	2425	GTGTCTTGGTAG	1			
mol01612	chrS2	17696	CACCCTAGCAAT	3			
mol02142	chrS1	4505	CGTTACTACTTA	6			
mol01289	chrS2	10982	CGCCGGCCGGCC	2			
mol01471	chrS1	9823	CTGAGTACGCCG	2			
mol02170	chrS1	18310	CTGACGTGGCGA	3			
mol04066	chrS2	18418	CGCTCGCTAGTT	1			
mol04987	chrS1	17650	AGTAAGCCCCGC	1			
mol01331	chrS2	18721	CAATTTCACAGG	3			
mol02195	chrS1	12120	CCATCACAGACC	4			
mol03145	chrS2	2085	AGACTACTGGCG	5			
mol03574	chrS1	6590	CTCTTGCGATGA	2			
mol01540	chrS1	10907	GTGGCGCCTTGC	6			
mol04413	chrS1	12971	AGCGATTAAGGT	3			
mol04206	chrS1	19673	CTTGGCAGCGGT	5			
mol02573	chrS2	5564	GTCCAGGGATCA	2			
mol04279	chrS2	9036	TCGCCGAGGTGC	4			
mol01798	chrS2	6674	TTCTCATCGAAC	5			
mol01790	chrS1	16285	AGTAGTCATGCT	3			
mol02662	chrS2	13524	AAGGGGTCCGCG	2			
mol03771	chrS1	1053	ACAATTGCGATG	1			
mol02261	chrS1	1367	TGCGCCGTATGC	6			
mol03130	chrS2	174	TCCCACATCGAC	3			
mol01105	chrS2	18787	GGTTTGCACCCT	2			
mol03673	chrS2	13015	TTACTATAAGGC	3			
mol04167	chrS1	498	CTGAACGATCTG	1			
mol02197	chrS2	14616	GCGTTGTGGAGG	1			
mol03250	chrS1	6309	TCCTCGTAAGTC	4			
mol05740	chrS1	13543	CCTATACTTTTA	1			
mol04564	chrS2	12189	AACTTGGCTCGG	3			
mol01041	chrS1	18592	AAGAAAACCAGG	2			
mol00715	chrS1	15757	CTGCTTTTTTAG	4			
mol04452	chrS2	10954	TGGTATGGCCCC	5			
mol02038	chrS1	18477	TGATTATTAACA	3			
mol04483	chrS1	11113	TTAGCTGCAGTT	2			
mol05221	chrS1	16020	TCCTACCCCGAC	2			
mol04889	chrS2	1914	TGGTAACTTGAT	2			
mol03084	chrS2	18565	AAGATTGACGGA	1			
mol00250	chrS2	16582	CCTAGGCTGAGG	4	P126	a	hamming1
mol03495	chrS2	7130	CCACGTCGAACA	5			
mol00416	chrS1	7307	TCCTTTCATTGT	4	P209	a	diverse
mol05141	chrS1	16333	ACCAAGACAAGA	1			
mol00634	chrS2	17394	GCAAATACCGCA	1			
mol03397	chrS1	9303	GAAGCAAAGTGA	2			
mol04271	chrS2	14469	TGCGCAGAACCA	3			
mol02995	chrS1	18653	CCATATGCCGAA	1			
mol00384	chrS1	2764	TCATGCCCACTT	4	P193	a	diverse
mol05966	chrS1	15974	CCACCCTAATAT	1			
mol02659	chrS2	1721	AGCGCTAGTATT	1			
mol05288	chrS1	13067	TGCATCCATCTA	4			
mol05970	chrS2	6874	ATTCATTATAGC	2			
mol05676	chrS2	15414	ATAATAGCATCC	1			
mol05238	chrS1	11541	CCATTAAACTTA	2			
mol04252	chrS2	755	TTTCGCTGAACT	2			
mol01228	chrS1	10783	TCGTTGCGCGTC	4			
mol01383	chrS1	3636	GATATCAATGGT	3			
mol01214	chrS1	887	CCTTTATTATGC	2			
mol04136	chrS1	7186	AGGGAAGCCATC	2			
mol00493	chrS2	9833	CCTAGGTCATGT	3	P247	b	diverse
mol00245	chrS2	15343	GTGTATCAATGC	3	P123	b	hamming1
mol03592	chrS2	13530	ATTAAGACATAC	4			
mol03896	chrS1	1344	CTAAGTGACGCC	2			
mol02299	chrS2	17061	TCAATGGGCTAC	3			
mol01096	chrS1	11493	TAATTGGGGCTT	5			
mol00274	chrS2	16585	AGCTAACTAAAC	4	P138	a	hamming1
mol04782	chrS1	2366	GGCGTACTAACC	1			
mol00373	chrS2	17645	CGTGCCCGTGAT	4	P187	b	diverse
mol03954	chrS2	5887	AGGCCGGAGCCC	5			
mol02053	chrS2	15134	TCATAGTGGCTT	1			
mol02944	chrS1	12944	AGCATATATTGT	4			
mol05833	chrS1	2198	TCTGGCGACCTC	5			
mol05846	chrS2	15829	GGGATATGAGTA	3			
mol05821	chrS2	10949	TCAATCTCCGAT	1			
mol02544	chrS2	1610	TATCTAGCTCCT	2			
mol04177	chrS2	16704	CGGACCACGCGG	8			
mol03435	chrS2	6925	TAATAATTATCC	8			
mol02628	chrS1	11195	CACCCGAAAGGC	1			
mol03146	chrS2	1875	TTGTTGAATCGC	3			
mol03640	chrS2	9282	AATTTCGAGTCA	1			
mol05615	chrS1	18818	CACGCGCGTGTA	1			
mol01561	chrS2	6803	ACTGCCCCTGAT	2			
mol05069	chrS1	15457	GCAGCGCGCGAC	3			
mol02334	chrS1	1302	TCACACGCAAAT	5			
mol00010	chrS1	1786	GACATTTTATCA	4	P006	a	hamming1
mol03974	chrS2	1549	CCTATGTGTAAC	1			
mol05233	chrS2	11127	CCGTCTCAGTTT	4			
mol00816	chrS1	18772	GGGGTGTTTTTC	2			
mol01029	chrS2	9951	CGAATCCGCGGA	3			
mol04363	chrS2	4363	TCGCCGAATAAC	1			
mol00678	chrS1	17861	CGATTCTTCGGT	2			
mol01171	chrS2	14192	AGCCTGCTTCCA	5			
mol04722	chrS1	7802	CGCGGTAGATTA	1			
mol04057	chrS1	17071	AAATGTGCTTGT	3			
mol01643	chrS1	19058	CTCGTCTAAGCA	3			
mol00474	chrS2	16608	AGAATAGCGCGA	4	P238	a	diverse
mol00171	chrS2	10003	GGATTATCCTGG	3	P086	b	hamming1
mol05892	chrS1	5603	CCGCGTATGGAA	5			
mol03914	chrS1	19072	TGGTTGGGCCGT	1			
mol04976	chrS1	979	GATGAGCGAAAG	1			
mol01452	chrS2	4986	CTAACTGGTCGG	2			
mol00426	chrS2	10884	CTGCCCACTGGG	3	P214	a	diverse
mol02859	chrS2	6396	TATTTTTGTATC	3			
mol02405	chrS1	7841	CTTTAACCCACC	4			
mol00963	chrS1	11727	TAGGGAGATAAG	5			
mol04691	chrS1	5399	ATTTGCGCCGCG	2			
mol01252	chrS1	5230	AGGCTCGCTTTG	1			
mol03463	chrS1	2775	TCAAGGAGCCGT	1			
mol04046	chrS1	13092	GATGCCAGTACT	2			
mol05042	chrS2	19023	AACCCGAAAAGC	2			
mol02907	chrS1	13904	TAGCTACGAGTC	2			
mol04784	chrS1	16165	ACTCGTGAGCCT	2			
mol04441	chrS2	11116	ATCAAACAGTCT	3			
mol02066	chrS2	4689	CAGCCCAGGATC	1			
mol00180	chrS1	19819	AAACTGTACTCA	4	P091	a	hamming1
mol04045	chrS1	6499	ATATATAAATAC	1			
mol05552	chrS2	2863	GATCATCTCGCT	1			
mol02650	chrS2	6165	AAGGGTGGCTAC	2			
mol04481	chrS1	4635	CAGCCCAGCTAC	1			
mol04695	chrS2	7365	TTTACCACTAAA	2			
mol01162	chrS1	14497	GCTCACCATACT	4			
mol04478	chrS1	8540	CTTCTAGATAGA	1			
mol00623	chrS2	17312	ACAAACGAGTTC	3			
mol01771	chrS2	18451	TACGGATACAAG	3			
mol02191	chrS1	6452	AAGATATTGTAC	1			
mol01377	chrS2	11815	GCTTTAGGCCTG	8			
mol03225	chrS2	9691	GGACCATTCGAG	1			
mol04629	chrS1	10981	CGGCCTTGCAAA	2			
mol01192	chrS2	4780	GCGCGATATCCT	3			
mol02354	chrS2	125	AATTGAGACCCA	1			
mol02725	chrS2	17425	CGTTAAGGTCGG	3			
mol01662	chrS2	13057	AATAACCGATAA	2			
mol05905	chrS2	6991	TCCTACTCTGTT	4			
mol05072	chrS1	3442	CACCGTAGGCAC	5			
mol01994	chrS1	13909	TATAGCATCAAC	2			
mol05396	chrS2	4284	AAAATACAATCG	2			
mol02287	chrS2	11300	CACCGGAATACC	3			
mol00018	chrS1	13702	ACCGGGCAGTTA	3	P010	a	hamming1
mol04597	chrS1	10138	GTTGCAGGGCTT	1			
mol05063	chrS1	9870	GCTTGAGAGACG	1			
mol00339	chrS2	622	ATCAAGGGACTC	3	P170	b	diverse
mol05605	chrS1	14484	GAGCCCGAGGGT	2			
mol01044	chrS2	12947	GTCCGTAATATT	1			
mol04382	chrS1	1861	TTGTCTGGCTTG	6			
mol04749	chrS1	15793	GGTCGACCACTC	3			
mol04735	chrS2	2697	AGGGCCGGGTAT	2			
mol05931	chrS2	5707	TCCCAAACGCAA	4			
mol03309	chrS1	14897	GTGTCTATTGAC	2			
mol01649	chrS1	8964	TAATTACAAGTA	5			
mol03142	chrS2	10503	GGAGTGCCACCA	2			
mol01156	chrS2	7556	CACACGATGTCT	5			
mol03173	chrS2	201	ATGGTAATCAAC	4			
mol01100	chrS1	10975	AAGCTCGAGTCA	1			
mol01432	chrS2	3370	AGCACTCTGACG	3			
mol01054	chrS1	13483	TTCACGGAATTT	4			
mol00335	chrS1	16083	CCGGTATGCAAA	3	P168	b	diverse
mol05422	chrS1	15207	CGTCATTGGTTG	3			
mol04101	chrS1	12562	ATAAGTAACTTT	2			
mol04436	chrS2	3473	GATAATACAATT	3			
mol01848	chrS2	1939	GTGAGACTATCT	4			
mol05218	chrS2	7334	CCAGGCGAGGAT	1			
mol02407	chrS1	11640	GTCTTACCTCGG	1			
mol01149	chrS1	12443	CGGCGAAGAGGG	3			
mol00871	chrS2	2818	TCGAAAATTCCC	4			
mol04254	chrS1	1374	CTCCGTGCTATT	2			
mol02318	chrS2	5704	TAAATGATAAGC	1			
mol04157	chrS1	4831	GAGAAACCTTTA	2			
mol03879	chrS2	12664	AATCAGGAACGC	1			
mol02228	chrS2	11651	AACTTACCATTA	3			
mol04194	chrS2	14201	AGCGACGGTCCG	2			
mol00501	chrS1	17970	GCTCCTCTCCAT	3	P251	b	diverse
mol05872	chrS1	18666	AGATTAGATATG	3			
mol02665	chrS1	10074	TATATCTAATCA	5			
mol01512	chrS1	11204	TCTGTGGAACCG	3			
mol05123	chrS2	16561	TGAGATCTGTAG	2			
mol02895	chrS2	5958	AGTCACGTTCTT	3			
mol00345	chrS2	17144	TGGAATTTGCAT	3	P173	b	diverse
mol05522	chrS1	15251	TCGTCGCTCATG	8			
mol04071	chrS1	19632	AGTATTGCAAGC	1			
mol05607	chrS1	8702	GCTTCCATGAGC	6			
mol03503	chrS2	1395	TAGTGGTCCCAC	1			
mol01166	chrS2	19411	AAGTTGCCAGTT	2			
mol01309	chrS2	101	TGGAGATGCCAT	3			
mol02264	chrS2	9315	ATGCATATGTTA	8			
mol05513	chrS2	12031	TCGAGCCCTGGG	3			
mol02643	chrS1	18398	AAACGAGCGCCC	4			
mol04460	chrS2	13913	TCGGGCACAAAG	3			
mol01573	chrS1	18322	AAATACGGGCAT	3			
mol05965	chrS2	13869	GCCTCGCTAACG	1			
mol02909	chrS1	18789	AGACCACACTAG	2			
mol05185	chrS1	1112	CAGCCCATCTAG	5			
mol00300	chrS1	17880	TTCTCTCATACA	4	P151	a	diverse
mol02219	chrS2	368	CGTCCCACGGAC	6			
mol03924	chrS1	9273	ATTCTCGCTCCA	4			
mol02209	chrS2	11460	CTAGTCAAAGCT	1			
mol01637	chrS2	2319	TGCCGAAAGCGG	1			
mol04971	chrS2	970	ACCGCCGACAGA	3			
mol01531	chrS2	12741	TCGCCGCACCCG	5			
mol00422	chrS1	15948	GAGTACACTACG	4	P212	a	diverse
mol04135	chrS1	8629	AAGTACTTGTAA	3			
mol03007	chrS1	176	CATGAGTGGTGC	1			
mol00754	chrS1	18259	TGGCCCACGATA	1			
mol05943	chrS2	1659	TCTCACGCTTGG	4			
mol02583	chrS2	9973	CGGTGCGACGGC	1			
mol03902	chrS1	10810	CAAGCTTACTGG	1			
mol04887	chrS1	6201	AAATTCCGCCGT	1			
mol02230	chrS1	17113	CTACTGCCTACC	1			
mol03151	chrS2	8210	CAGGGTGGGTCT	3			
mol05152	chrS1	13565	ATAGTCGCGTCC	6			
mol00976	chrS1	19064	CTGCTGTATGAT	8			
mol05786	chrS1	8195	CATGGGCCGCTC	5			
mol04594	chrS1	12174	TAGTAAGCCGAC	4			
mol03732	chrS2	14598	GGGTAACCAGTC	1			
mol04214	chrS1	12992	TCTGTAGAGAGG	5			
mol04956	chrS1	7890	GTTAATTTGATT	2			
mol04054	chrS2	13207	TATCGCAATATT	1			
mol05448	chrS2	336	GTACGGGTTGCG	1			
mol00380	chrS2	15079	GCCACCTCACTT	4	P191	a	diverse
mol03030	chrS1	8499	ATCGACTAAAAG	5			
mol05017	chrS2	5072	TATTATATTCTG	2			
mol04415	chrS1	1206	TTTGCCATCCCC	3			
mol05506	chrS1	13494	TATGCATCCATG	1			
mol00719	chrS1	17252	GACAGCGGACAA	2			
mol00770	chrS1	13103	ACAACAAACCGC	4			
mol04717	chrS1	14473	GCGCGTCGTCCC	2			
mol02491	chrS2	17322	GAGCTGGCTGAG	2			
mol05228	chrS1	5971	TTACACAGTCTC	1			
mol03559	chrS1	6545	GACCAGGTGCCC	1			
mol01754	chrS2	19711	TCGCCTGCAAAT	2			
mol02127	chrS2	9956	CTATTGTGTGCC	4			
mol01899	chrS2	5782	GTTGTCGTTCAA	1			
mol02196	chrS1	6267	CGGTTGGGTGAT	5			
mol05914	chrS2	14587	TCGTGGCTCGTG	2			
mol01768	chrS1	14321	CTGATTCTTGGG	1			
mol01660	chrS2	10570	ACACTCCAAAGT	1			
mol05790	chrS2	8505	ATGTCTTCTTAT	1			
mol05734	chrS2	3709	AAGATTTCGGTG	4			
mol03480	chrS2	8924	ACTAATGCGCTA	1			
mol00520	chrS2	8554	TGTGGTATCGGG	3	P261	a	diverse
mol02372	chrS1	15626	AAAGTCCTGGCT	2			
mol01154	chrS2	13568	CGCACGGTATCG	1			
mol00466	chrS1	12488	TGCCGCCCAGGA	4	P234	a	diverse
mol02949	chrS2	2822	GCTATTCCATGC	1			
mol04530	chrS1	4249	GGGAACCGTAGC	2			
mol04871	chrS1	510	ATCCCCTACAAC	4			
mol00308	chrS2	456	GTGTCTGATGCT	4	P155	a	diverse
mol04624	chrS1	12309	CGGTAGTATCAC	1			
mol00312	chrS1	3847	TTTCTGATCAGT	3	P157	a	diverse
mol02056	chrS1	9895	CTAAGTATCAGG	2			
mol05710	chrS2	3003	TCTATGTGTATC	3			
mol04933	chrS1	18545	CATACTCCTCGT	3			
mol05168	chrS1	2082	TGGCGCCTGACT	1			
mol02878	chrS1	1153	ACATGGAATATC	5			
mol02538	chrS2	7139	TTGCTTTAGTCT	8			
mol03853	chrS1	17604	ATGGGGTCGCAC	1			
mol00716	chrS1	9665	CCTGCAAATTCA	2			
mol03540	chrS1	17150	ATTAAATGTTTA	2			
mol02355	chrS1	3610	AAGTTAGGTGAA	1			
mol05046	chrS1	10534	GTTCGATAGCGA	1			
mol04510	chrS2	16461	GTAAAAGTATAC	1			
mol01563	chrS1	4404	GTGGATGCTGAA	5			
mol04482	chrS2	5184	AACTATCAAGTA	2			
mol01727	chrS1	14871	CTCGGTGAGACA	1			
mol04960	chrS2	5748	GATGAAATACCC	3			
mol00731	chrS1	5811	CTATTCATACTA	4			
mol03498	chrS1	14346	GACGTCAGTAGA	1			
mol00058	chrS1	8820	GATGCCATCACG	3	P030	a	hamming1
mol00025	chrS2	7200	CGACTACATCCG	4	P013	b	hamming1
mol05646	chrS2	3992	TCAAGGAGCCGA	2			
mol01180	chrS1	9810	AAGCGGCGGTCG	3			
mol05928	chrS2	4293	AAGACGGTATAT	4			
mol04347	chrS1	13412	GATAGTCCGAGC	4			
mol02448	chrS2	3575	TCCGGCCGAACT	1			
mol00100	chrS2	8311	TGATGAGAGTGA	4	P051	a	hamming1
mol01281	chrS1	18288	AGAAGAAAATGC	8			
mol00357	chrS2	11380	AAAGTGACGTGG	3	P179	b	diverse
mol04021	chrS1	16630	TACGATGATATT	1			
mol04291	chrS1	11122	CTCAACCGGATA	1			
mol05521	chrS1	17083	AGCAGCCTGTTT	1			
mol00737	chrS1	15813	CCACCCCAGTGT	3			
mol00297	chrS2	3265	GTGCAAGCACGA	3	P149	b	hamming1
mol05937	chrS1	13846	CATACAGATCCA	3			
mol00157	chrS1	2055	GTATTTCGTTAT	3	P079	b	hamming1
mol05425	chrS1	10595	ACAGCTAGTTTG	2			
mol01925	chrS1	12812	TAGCTTCTATGT	4			
mol04664	chrS2	5025	TGACCGATTTGT	3			
mol05214	chrS1	2210	TACTTGTGTTAT	1			
mol04417	chrS2	13019	TTCCGCCCCACG	4			
mol02553	chrS1	13647	GACGCCTGAAAT	2			
mol02461	chrS2	11575	GTGTCCCGTACC	1			
mol01651	chrS2	7684	TGGGATAGCCCT	1			
mol04686	chrS1	5132	ACCTTTACTGAT	8			
mol01828	chrS2	18564	TTAATATAACCA	4			
mol02614	chrS2	1665	TATTTAAGTGGG	4			
mol04351	chrS1	6871	GTTATACTTGGG	1			
mol03829	chrS2	7995	GGCCCAATTGGA	2			
mol00431	chrS2	12564	CCCCCATACGGC	3	P216	b	diverse
mol04334	chrS2	8248	CGGCTAGCTTAG	1			
mol02914	chrS1	17004	TTTCGGGGCCCT	6			
mol02465	chrS1	11025	GGCGGGTCCCGC	5			
mol05369	chrS1	5094	CTTTATAAAAGC	1			
mol01993	chrS1	9326	GGGCTCAACGTG	8			
mol03967	chrS1	1854	TTGCTAGTGAAT	1			
mol03041	chrS2	18137	TGGCAACAGGGA	2			
mol01253	chrS1	4399	AGTGCGAATATC	3			
mol04079	chrS2	5797	GCACTGACGAAA	1			
mol02163	chrS1	12957	TTTTGAGTCCCC	2			
mol03587	chrS2	752	GCTGTAGTTAGG	2			
mol01421	chrS1	14383	TCTCATGGTACG	4			
mol00732	chrS1	12643	TCACCCACTTCA	6			
mol05128	chrS2	15629	CTCTCGCTGGCG	1			
mol01739	chrS2	17846	CTGTTGGCTACT	4			
mol02916	chrS2	12643	CATTATCCGAAT	3			
mol05038	chrS2	7037	ACCAGCTGACGT	3			
mol01404	chrS1	18224	CTTGCTTAATGG	1			
mol02867	chrS2	3262	GTAGCAGTTTCA	1			
mol05948	chrS1	16417	TGAACGGGGATC	4			
mol01564	chrS2	18167	GTGATTCACAGG	3			
mol04903	chrS2	19671	AGGATCAACTCG	2			
mol05358	chrS1	6295	GAGTCTTCATAA	3			
mol05301	chrS2	14804	GGGCCTGATCCT	6			
mol01450	chrS2	11074	CAGGAATTTTGT	2			
mol02007	chrS2	11078	GCCGAGTACCTG	3			
mol03398	chrS2	9655	ACGCTGTTTGAG	1			
mol05658	chrS1	4076	CAGAGAACGATA	3			
mol00265	chrS1	4748	GTTGGCTATCGT	4	P133	b	hamming1
mol00347	chrS1	9988	GCGTGTCAGTAC	4	P174	b	diverse
mol02429	chrS2	7658	AGTCGCCCCGAT	2			
mol04731	chrS2	16787	ATAGACCCGGTG	2			
mol02086	chrS1	6559	ATCCCTCGTCGC	2			
mol05138	chrS1	18101	ACGGAATAGTGG	4			
mol03008	chrS1	17499	AGTTCGGAATTG	2			
mol05002	chrS1	2388	TCACAGAAGCAT	3			
mol01384	chrS2	2718	GTTTGGCCCGCA	4			
mol02169	chrS2	14510	GCAGGTTCACTA	1			
mol00777	chrS1	2567	AAATGTTGTGTG	4			
mol02691	chrS2	9018	TGCGCCGGATTG	3			
mol03600	chrS1	11039	ACTGAGCTTGGC	2			
mol04031	chrS1	3267	GCGGACTTAATA	8			
mol03468	chrS2	14635	CTGAAATACGAA	2			
mol02346	chrS2	17881	TCGTGTCTCAAG	4			
mol01153	chrS2	3754	TGCCAGGTGAGT	5			
mol00653	chrS2	7028	GCCTCGCGTTAA	4			
mol00888	chrS2	12608	ATAAATTCACTC	2			
mol00007	chrS2	688	AGTAGTTTCAAA	4	P004	b	hamming1
mol00728	chrS2	10711	GACAGTCGCATA	1			
mol04527	chrS2	885	GCTCCAGTGAAG	4			
mol00538	chrS1	9975	AGATGCATCGTT	3	P270	a	diverse
mol02274	chrS1	4937	TGGGCACGGTTA	2			
mol01152	chrS1	7614	ACAGCATCTTCC	2			
mol01463	chrS1	3543	TATCGAGTATCT	2			
mol04371	chrS2	7744	AGTAACCTCCAG	8			
mol02371	chrS2	18855	ACCACTGAAGAG	2			
mol04070	chrS1	9384	CAAGCGTGGAGC	6			
mol02413	chrS2	10009	ATGATGCCGAGC	1			
mol05684	chrS1	12829	TCCCGCCCCTAG	6			
mol01753	chrS2	6291	CCACCAACAGTT	1			
mol04391	chrS1	13288	CTTATGGTTTAG	1			
mol00281	chrS2	6504	AACCCTACCACG	4	P141	b	hamming1
mol02876	chrS2	18481	AGTGCCAACTAC	5			
mol03444	chrS1	5006	AGGACCCACTTA	5			
mol03684	chrS1	17859	TCGATGCTAGTT	2			
mol02002	chrS1	17806	AGAATTTCCCGG	1			
mol05706	chrS2	5819	AAAATGTTGTGC	3			
mol03312	chrS1	8411	TAAGGCAAGCTC	4			
mol05160	chrS1	13596	GATATTCGTTAT	1			
mol04261	chrS1	4617	ACTGTACCCCGC	1			
mol05863	chrS1	3687	CTCAGTATATTA	1			
mol05557	chrS1	5423	ATTCATTGTAGC	5			
mol03098	chrS2	12408	CCAGAGCTATAA	2			
mol03257	chrS1	11921	AACGTAAACATG	3			
mol02336	chrS1	8202	TGGAACGAGGCC	5			
mol02291	chrS1	8742	AATTCGACCAGC	2			
mol03048	chrS1	3510	TATACAGTCTTT	6			
mol00685	chrS1	6419	GTGAGCGGCACG	3			
mol03981	chrS2	7097	GGAAACCAGAAA	6			
mol05565	chrS2	15460	TAGTCCGAAGAC	5			
mol05539	chrS1	15039	GTGGGGTGTGAA	1			
mol00381	chrS2	15079	GACCACTTGTCA	4	P191	b	diverse
mol00672	chrS2	5323	TTTCTGGTGTGA	1			
mol04127	chrS2	4748	CTGTATCCCCGA	2			
mol01622	chrS1	15936	CTGACTGCATAA	5			
mol00968	chrS2	12287	CAATTGTTGCTC	1			
mol04829	chrS1	15903	GATTAGAGGACT	1			
mol02262	chrS1	15387	AGAGCTAGGAAG	2			
mol00632	chrS2	12593	TTCATACATTAG	5			
mol03185	chrS2	14454	CCTATTAGAAAT	3			
mol04705	chrS1	15082	CATAGACGATCT	2			
mol01834	chrS2	9724	ACGCGATACTAA	2			
mol03753	chrS2	8041	TAGGTGGTAAGA	1			
mol05197	chrS1	18641	ACTACACCTCAA	1			
mol03970	chrS2	9248	TGGTTAGAGTCG	1			
mol05576	chrS1	7373	GATTTAAGAGCA	2			
mol04661	chrS1	19315	TGCGAACCTAAT	1			
mol04888	chrS2	5629	ATGCGGTGCCTA	5			
mol03665	chrS2	1374	CTGGATGATTTA	2			
mol00296	chrS2	3265	GTGCAAGCATGA	3	P149	a	hamming1
mol04385	chrS2	14964	ACCAAGTTCCCG	4			
mol04645	chrS2	5487	TTGTATTCTCTC	3			
mol05219	chrS1	12900	GTTAACGATAGC	6			
mol05494	chrS2	2342	ACATATGATCCC	5			
mol03948	chrS2	19499	TACACTGATCAT	6			
mol02063	chrS1	5065	ACGGTCATCCTT	5			
mol05643	chrS2	16760	GACTTGTTGCGA	2			
mol02918	chrS1	6963	ATTTCACGATAG	5			
mol01524	chrS2	9523	TTCGCGTCCCTT	4			
mol02833	chrS2	258	TCCCAGGCTTCG	4			
mol03553	chrS2	17950	TGTACTTACTTT	1			
mol04355	chrS1	8655	GCAAATCAAGTC	2			
mol05568	chrS1	11371	CATACGGCGACT	1			
mol00619	chrS2	19465	TCCCGGAGGAAC	2			
mol01937	chrS1	5961	GGCCAGGTGTTT	3			
mol05229	chrS2	10135	TTTCGCCTCACT	2			
mol03944	chrS1	12929	CTCTCGAGTAGT	1			
mol02179	chrS1	4634	GATGCTGAGATT	2			
mol04682	chrS1	3520	TGTACAAGTCAA	2			
mol01498	chrS1	16375	GAAGAACGCCGC	1			
mol03642	chrS2	14744	GACACAGGGTCG	1			
mol01991	chrS2	10070	AGGCAGTAGTTA	2			
mol04678	chrS1	13617	TAGCTGTTCTAC	1			
mol00217	chrS2	18165	TGCCTTTGATCG	4	P109	b	hamming1
mol05899	chrS1	1295	GGAAGAGACCTT	1			
mol04636	chrS1	17521	TGTATCCTGTGT	3			
mol04607	chrS2	8395	TTTAAGGCTCGC	1			
mol01942	chrS2	4263	TGAGGCACCGAC	1			
mol04284	chrS2	5288	GAACAATCACCC	2			
mol02657	chrS2	17069	TAGGTATGAGCT	1			
mol02077	chrS1	5640	CTCCTCTTCATA	2			
mol03816	chrS2	7066	CAATAATAGTGG	4			
mol05958	chrS1	4251	GCCGGAGCTGCC	3			
mol02958	chrS2	14907	CAGCAACAGATG	3			
mol02297	chrS1	3186	TTGGAGTAGAGA	8			
mol04754	chrS1	1228	GCCGTGATGTTG	3			
mol04631	chrS1	1750	AAATAACAGTTA	2			
mol03580	chrS1	15600	TATGGTCAAAGG	3			
mol01296	chrS2	15918	GACCAGTACCCA	2			
mol05223	chrS1	11978	CAGTGGAGGTGC	4			
mol00198	chrS2	2645	CAGGTTACGCAT	3	P100	a	hamming1
mol01521	chrS1	6791	GCACGGGGCCTC	8			
mol02358	chrS1	647	GGGAGCCTTCAC	3			
mol05416	chrS1	11509	CAGAGCTCAGAG	1			
mol04379	chrS1	12838	TAAGGTGCCCCA	1			
mol02415	chrS2	5195	GCCGACAGTCAA	1			
mol05145	chrS2	8151	TCACTACTACGT	6			
mol03164	chrS2	11766	TTTCGTGGCCCC	2			
mol05981	chrS1	19731	GCCAACATGCCG	1			
mol04322	chrS1	18794	TGGGTAGGCTCG	6			
mol03511	chrS1	11678	TCCATCGGTTGT	3			
mol00191	chrS1	691	AGGCGTCAAAAC	4	P096	b	hamming1
mol05308	chrS1	5935	AAAGGCTGCAAC	1			
mol02822	chrS2	2872	GGGTACTTCCGT	1			
mol00001	chrS2	2739	CTACTACGGACA	4	P001	b	hamming1
mol05752	chrS2	10104	TCTGAGCATTGG	3			
mol01073	chrS1	9169	TCTAAGTGTGGC	6			
mol03632	chrS2	4338	CACTACCCGGCC	2			
mol05670	chrS1	4043	CGTGGCGGCTGT	3			
mol00517	chrS1	16632	TACAAAAACAGT	3	P259	b	diverse
mol00398	chrS2	17852	ACAGTAGCATAC	4	P200	a	diverse
mol04752	chrS2	1874	AGGCAGTAGATT	2			
mol00060	chrS1	3919	GCCTAACCTACA	4	P031	a	hamming1
mol01872	chrS2	8642	ATACTCTGACAG	4			
mol03144	chrS1	18186	TCCGCGGCATGA	3			
mol03433	chrS1	8059	AACAGCCAGCTC	2			
mol05955	chrS2	9915	GTTATGCTAGGT	2			
mol02235	chrS2	16758	GCTCAAGACGCA	6			
mol04867	chrS1	8775	TCGTTGTAATGG	1			
mol04711	chrS2	10091	GCAAAGATGCTG	3			
mol05932	chrS2	8521	GAGGAGAAGACT	2			
mol00376	chrS2	4705	GGGTAAGGATTC	4	P189	a	diverse
mol02310	chrS1	13578	TTATGTGTGGTA	6			
mol03869	chrS2	17208	GTTGTTTGCGTC	2			
mol00485	chrS2	12340	GCAGGACCTTTT	4	P243	b	diverse
mol04965	chrS1	10052	TAACCGATCCTA	1			
mol03969	chrS1	7416	AGTTAAAAGGCT	1			
mol00872	chrS2	3456	CGGGATAATAAT	3			
mol00172	chrS2	19609	GGTGGTGCTGAC	4	P087	a	hamming1
mol02588	chrS1	15095	GGAGGCCCGTCG	2			
mol01053	chrS2	4659	AGTGTCAACTCG	1			
mol02729	chrS2	1545	GCAAGATTCTGG	1			
mol05067	chrS2	9623	GGTTTATTATGC	4			
mol04539	chrS2	5017	CGCACTAGTATG	1			
mol00554	chrS1	18196	ACTGCGAGCGCA	3	P278	a	diverse
mol01639	chrS1	13638	AAGTGTGTAGCC	1			
mol02917	chrS2	14699	TCAGCCCACTTT	2			
mol02649	chrS2	16099	AATAACCACTAC	2			
mol02726	chrS1	14542	AGCTGCAGTTAG	4			
mol05262	chrS2	1795	CGCTGGGGGTTG	3			
mol03565	chrS1	18792	TGGTCCGCCGAC	1			
mol05276	chrS2	6654	TGAATTGTGAGT	3			
mol05094	chrS2	17069	TTTCAAGGCGTA	2			
mol05365	chrS1	15742	GGTGGTAGCGAC	2			
mol04342	chrS1	5941	TTCACCGATAGT	3			
mol02967	chrS2	15329	TGTTCCCCCGAA	3			
mol01243	chrS1	16021	GAACAACGGTCC	3			
mol05056	chrS2	6634	ATGAGACGGCAT	4			
mol00955	chrS2	15186	AGAAGCATAAGC	4			
mol00358	chrS2	5888	CGGATACGTAAC	4	P180	a	diverse
mol00512	chrS2	841	GCTTGCCTTCTA	3	P257	a	diverse
mol04077	chrS2	11213	TTGCTAACCTAC	2			
mol03031	chrS2	11242	CACTGTACTATA	1			
mol03887	chrS1	2121	CTAAGATTAGTT	3			
mol00372	chrS2	17645	TGGGACGTCAGG	3	P187	a	diverse
mol00818	chrS1	4669	GCTTTCATTCAC	4			
mol01132	chrS2	4110	GCTGGGGGTGTT	2			
mol00971	chrS1	13934	ACTATTACCATG	5			
mol05507	chrS1	1503	TTTGGTGGTCCA	3			
mol00387	chrS2	6486	GTGGCCAGGAGT	4	P194	b	diverse
mol04787	chrS2	13693	TAAAAACCTTGG	4			
mol02200	chrS2	2243	TATCGCACGAGC	1			
mol03646	chrS2	7006	CGAAGCCGTTTG	1			
mol00811	chrS2	11074	ACCTGGTTTTGT	2			
mol04103	chrS1	16359	CAAAGAGCAGAT	1			
mol04673	chrS1	2615	AAATAAACAGTT	5			
mol04125	chrS1	1522	AAAGATCCTCGA	3			
mol05311	chrS2	19189	ATACCTTATGGG	1			
mol05127	chrS1	2118	ATAGAAGGCAGG	3			
mol05269	chrS2	3825	ATAGATCCCACG	1			
mol04724	chrS1	15360	AATGAAGTGGCC	2			
mol00196	chrS1	9551	CTATAGGACAAC	4	P099	a	hamming1
mol05538	chrS2	15172	GTACCCATATCA	3			
mol01645	chrS1	6424	AATTCGCCTCAC	5			
mol02023	chrS1	11584	TATATGAGCGGG	4			
mol04134	chrS2	3440	AGGCAGTAGTAT	3			
mol04562	chrS2	15114	TAGAGATGATGA	2			
mol00836	chrS2	17185	AACTCCTGGGGA	1			
mol04994	chrS2	7277	CCTGCATGCGGC	4			
mol01897	chrS1	3349	GTGGGACTGTTA	2			
mol05495	chrS1	6881	GGATGTCAATCC	6			
mol00429	chrS1	5194	ATCGCAGGAAGA	3	P215	b	diverse
mol05454	chrS1	16968	TCTCATCGCAAG	5			
mol05520	chrS1	15393	CGATCACGGATG	1			
mol02332	chrS1	11781	GAAGCGTTCCGA	1			
mol05949	chrS2	5352	TACAATGTAACA	6			
mol05660	chrS1	4015	CGAAAGCATGTT	1			
mol03793	chrS1	16513	TGCTTTTCTGAC	1			
mol01519	chrS2	2326	CGTCGTACCTAG	1			
mol05439	chrS2	16544	CACCCGGTTTAG	8			
mol00915	chrS1	10357	GCCGCAAGGCTC	2			
mol04610	chrS2	9231	ACGCACTACTGT	6			
mol00920	chrS2	19575	GAAGCGAACCCA	1			
mol01933	chrS1	7614	GAGACGTCCCGT	1			
mol02446	chrS2	8022	AGTCCTTCTCTA	1			
mol02778	chrS1	19137	AGACTAGTGATT	6			
mol01062	chrS2	10228	GAATACGTAGAC	2			
mol05033	chrS1	1615	ATGGCCTCGTGG	3			
mol04868	chrS1	12052	AGGGGACTACTT	2			
mol04876	chrS1	15413	CCAACGATACAC	2			
mol03996	chrS2	15707	GATCGTGGAAGG	2			
mol03532	chrS1	13228	CCACAAGGCAAA	1			
mol00572	chrS2	12702	CAATCACTGCTA	3	P287	a	diverse
mol03625	chrS2	13025	CCGCCTATAGAC	1			
mol00725	chrS1	14792	ATGCTCCTCTTA	4			
mol00507	chrS1	15086	TGTTCGGGGGGA	4	P254	b	diverse
mol02225	chrS2	12917	AGACATCCTGTC	2			
mol03155	chrS2	9036	AGGGTCGTGCGA	3			
mol00692	chrS1	8664	CTGCTTGGACGG	1			
mol01543	chrS2	9929	TGGCCGATACTA	3			
mol00912	chrS2	1612	TGACGTGGTAGG	1			
mol01529	chrS2	16233	GCTTCGTAGTCC	1			
mol05542	chrS2	1822	ACCATTGCGGAA	4			
mol05008	chrS2	13836	GAGTGTCGCGCC	5			
mol01688	chrS2	1189	GAAGATCCTCCG	4			
mol01298	chrS2	3203	TACACCGGACTG	1			
mol00056	chrS1	10867	ACGAATACTCAC	4	P029	a	hamming1
mol04768	chrS1	6293	TGCCTCAGCCGC	2			
mol00686	chrS1	12415	CGAATGTGAGCG	2			
mol05295	chrS1	8459	GGGAGTCGTGTA	3			
mol03763	chrS1	10659	TTCGCGTTCGGT	6			
mol04863	chrS1	18937	TCAGATGTTGAA	3			
mol05010	chrS2	9070	AGACGGCAGGAG	3			
mol05007	chrS1	8530	ATTTGGACTGAA	1			
mol01532	chrS2	10230	TTGACAATTCTA	6			
mol05822	chrS2	15935	CGACACGGTTCG	3			
mol04528	chrS1	16574	GGGTGGGTAACA	1			
mol03821	chrS1	17860	CGATCAATGTAG	1			
mol02594	chrS2	8864	ATTATACGGACA	3			
mol03327	chrS1	2377	CCTTTACCAAAG	3			
mol04949	chrS2	18502	CTTCGTACCCCG	1			
mol03845	chrS1	7301	TTTGTACTACAT	1			
mol03544	chrS1	9677	GAGCTACCGTCC	3			
mol03216	chrS1	14418	TCGGACAGCCCG	1			
mol05625	chrS2	3391	CTTTAGTCGTGG	1			
mol02564	chrS1	16872	CCATGAACTTAC	3			
mol02772	chrS2	11732	GGTCTAAAGACG	5			
mol03169	chrS1	16822	ATCGCGCCACTA	2			
mol02456	chrS2	6118	CTTTTTTAGATT	4			
mol00721	chrS2	5597	GAGTATAGTGTC	2			
mol02226	chrS1	16594	GTTAGGGATGAC	3			
mol02083	chrS1	15387	TTTATAGCATGG	3			
mol04324	chrS1	6233	GCCGGCGATGGA	3			
mol00979	chrS1	10305	CAGACATAGTGA	1			
mol04950	chrS1	6896	GTGATGTTCTGG	4			
mol01854	chrS2	19068	AAGCCGCGAGAT	2			
mol00586	chrS1	10106	GTAAAATGAATT	4	P294	a	diverse
mol02172	chrS2	18149	CGAGTAAAAACT	3			
mol05117	chrS2	18118	GCCGTCGCGGTC	3			
mol05078	chrS1	6313	TCGCATTGCTGT	1			
mol04693	chrS2	13605	GGTTGGGTTCGG	1			
mol00419	chrS2	10816	TCAGAAAAGTAC	4	P210	b	diverse
mol00256	chrS1	2711	GGTACGACTCAG	4	P129	a	hamming1
mol02106	chrS2	6751	ATAAAACCATCT	5			
mol04198	chrS1	8587	AATCCCTATGTA	1			
mol04536	chrS2	11717	CCGGTCGATCAG	4			
mol04218	chrS2	19694	TGCTATGTGAAC	1			
mol04873	chrS1	8756	AATCCAACTAGA	2			
mol03504	chrS2	2713	TACATTGAACCT	2			
mol04852	chrS1	8106	ATAACAATTCAG	2			
mol00675	chrS1	9055	CACTGGTCTTAG	3			
mol03168	chrS1	15558	CAAACGTTGGTC	2			
mol00089	chrS2	18454	GGCAAGTAGCAC	4	P045	b	hamming1
mol00515	chrS1	13565	CACAGCTCCTCT	4	P258	b	diverse
mol01457	chrS2	19512	TAGTGCAACAAA	2			
mol01934	chrS1	11668	CAGTTTACTTTG	2			
mol03247	chrS2	14683	TCAGCTATATAG	1			
mol01255	chrS2	16820	ACACTGCATAAT	8			
mol02436	chrS2	15737	ACAGCGACAGCC	1			
mol04890	chrS2	3555	GCGGACGTTCTC	2			
mol04455	chrS2	3723	CGCACAGGGGAT	4			
mol00729	chrS1	12537	TCACAATTGCAC	6			
mol02067	chrS2	14774	AGCACTTACATG	4			
mol03192	chrS1	11208	TCAGTTCATAGG	2			
mol02595	chrS1	8883	GAATGAGATCCA	1			
mol01927	chrS1	13613	TAAATATCACCG	4			
mol01145	chrS2	5512	ACAGGTAAATTG	2			
mol05045	chrS1	3447	GCTTCAGTTTTG	4			
mol00522	chrS2	6862	TGCGCTCCAAGA	3	P262	a	diverse
mol05918	chrS2	18969	ACGACGTCACAA	3			
mol01898	chrS2	8008	TCGTCCACTTAC	6			
mol02570	chrS2	239	CCTTAAATCACA	1			
mol00303	chrS2	12072	ATGCTCAGTCGG	3	P152	b	diverse
mol03193	chrS1	17731	ATGCCGGACAAC	2			
mol02590	chrS1	6800	CGGCGCATGGCA	2			
mol04670	chrS2	9672	TACGAGCGTTTG	8			
mol04082	chrS2	18400	CAATGCATCCTG	3			
mol03749	chrS2	13341	GGGTCTATAGGA	1			
mol02901	chrS2	1239	GCTAAAGTTGAT	2			
mol00337	chrS1	7297	GACAATGCGGGT	3	P169	b	diverse
mol01065	chrS2	10494	TCATCCTGCTGT	2			
mol02215	chrS2	13323	TTAGGATGGTCC	1			
mol04234	chrS1	5975	TTGCGACATACC	1			
mol05756	chrS2	8314	GCGTGTTTAGCC	2			
mol01328	chrS2	14103	CTGACAAGTCGC	3			
mol01499	chrS2	1197	ATTTAGTGTGTG	3			
mol05173	chrS2	13802	AACCTACAACCA	8			
mol05587	chrS1	4536	CAATGTGCTGTG	2			
mol04926	chrS1	10076	GCGACAACTGAA	3			
mol03905	chrS2	19132	TCCGAGCTGGGT	2			
mol04216	chrS1	14058	ATCTGGAATGAA	5			
mol01590	chrS1	18730	TAATTACCTAGT	6			
mol04126	chrS2	16493	GAAATCTACGAC	2			
mol02652	chrS1	10030	CGTGGCGGAGTT	8			
mol00270	chrS2	18915	AGCGTCCCGCTG	4	P136	a	hamming1
mol00282	chrS2	8390	ATGCAGCTCCTG	3	P142	a	hamming1
mol02001	chrS1	17275	TCGTGTCACTCC	8			
mol01605	chrS1	10167	TCGCAAGGCCAT	5			
mol02953	chrS2	18383	CATGGTCTAAGA	2			
mol02536	chrS2	15344	CTTCGCATGTTG	3			
mol01604	chrS2	7645	CAACGAGGAGCA	3			
mol00086	chrS2	15371	GCACGGGCATTC	4	P044	a	hamming1
mol04282	chrS1	14181	CGTGCTATATAC	3			
mol00241	chrS2	5835	TGTACCGTTGGA	3	P121	b	hamming1
mol00264	chrS1	4748	GTTGGCTATCAT	4	P133	a	hamming1
mol01717	chrS1	19360	CGGCCTACAGGC	8			
mol03634	chrS2	11310	CAAATGGGTTAT	4			
mol01715	chrS2	3700	ACACTTCACGTG	2			
mol01849	chrS2	19115	TGCGCTACGCAC	1			
mol01357	chrS1	534	CGCGTCGTTACT	2			
mol05148	chrS2	18766	TCAGCATTACCT	3			
mol03817	chrS1	12738	GCTCGTTGAGGT	1			
mol03469	chrS2	2987	GATCGAGTTGGC	1			
mol00562	chrS2	5443	AGTAGCATGGGT	4	P282	a	diverse
mol05890	chrS2	11250	TTATGAATTTCC	2			
mol02821	chrS2	1142	CAGATAGGTTAT	3			
mol00239	chrS2	11388	TCCGTGACATTG	3	P120	b	hamming1
mol01187	chrS2	2771	GCCCCAACAGCT	1			
mol02922	chrS1	708	GTTGTGTTTCTA	3			
mol03922	chrS1	15065	CTTCACAGTATG	3			
mol05804	chrS2	9129	TGCCACATTTCG	1			
mol02666	chrS2	303	ACTGTGGGTCGA	1			
mol03355	chrS1	15670	TATTTTACGAAA	5			
mol00746	chrS1	11065	CCGAACGGATTC	3			
mol04115	chrS1	14580	GTCTTGATATTG	4			
mol03603	chrS2	9866	TGGCCAATTTAC	2			
mol04392	chrS1	14514	TTGTTTCATGAA	1			
mol00962	chrS2	10533	CCAAAAGGGTCA	1			
mol03882	chrS1	1586	AATGGTGTATGG	4			
mol00864	chrS2	10274	CTGGGAGCGGCG	2			
mol05019	chrS2	18127	AATGCTAACCTG	1			
mol01846	chrS1	11872	ATGCAGATGCCA	2			
mol03271	chrS1	7729	GAAATGAACATA	1			
mol02661	chrS1	19071	TTGCGTCTTTGA	1			
mol04825	chrS1	12041	TGACGGGACTAC	4			
mol04105	chrS1	19019	CGGGCGCCCTTG	2			
mol02574	chrS1	17199	GACTAGAGCGGG	1			
mol04860	chrS1	10897	CCTCTAACTATT	1			
mol04038	chrS1	3269	CGAATTTGAACG	3			
mol04406	chrS2	2817	TGCGTACTGCCA	4			
mol02812	chrS1	10534	GAGCCCTAGGAA	4			
mol00644	chrS2	7264	TTACACCGTCAT	1			
mol02648	chrS1	5692	AATCATCGAGTG	1			
mol02041	chrS1	10099	GCCGGCACGTAA	4			
mol02882	chrS1	3732	TGCAACGATGCT	2			
mol01979	chrS1	7547	TTGCTGCATGGG	5			
mol03103	chrS2	14068	TTTATTCTTGCA	1			
mol05374	chrS1	6533	CGAGTGGTATGA	2			
mol03820	chrS2	12906	CCACCTTTTCTC	4			
mol05004	chrS1	6149	CTATAATGGAGG	3			
mol00861	chrS2	8998	CGGAGGAGGTCA	6			
mol05515	chrS2	18579	TCGGGGAAGAAA	1			
mol02688	chrS2	17855	CTATCTTGTCCT	2			
mol04822	chrS2	19390	CAATGTGACACC	1			
mol05692	chrS1	12026	CCATCGAACGTA	3			
mol04556	chrS2	9268	AATGTGGGGCGC	3			
mol05762	chrS2	18144	CGCGACATAGCG	2			
mol03955	chrS2	5788	TGGGCATGTGCT	3			
mol00564	chrS1	7484	CGCTCTATAGAT	4	P283	a	diverse
mol05065	chrS1	5993	GCGCGCATCGGG	6			
mol03058	chrS1	15510	GAAACCGTGCCC	1			
mol04468	chrS1	989	GCCGTATGACTC	5			
mol03923	chrS1	15083	ACCACGCTTTCA	5			
mol00044	chrS2	3655	TTTTCACAAGAA	4	P023	a	hamming1
mol03721	chrS2	13144	CTCAAAAGCAAC	2			
mol05468	chrS1	4194	AACAAAATAGGT	5			
mol01423	chrS1	9542	GCCCTAACGTCC	2			
mol05402	chrS2	19571	GATAAGGTCCAA	1			
mol04368	chrS2	540	CTGCTCAATGAG	5			
mol03746	chrS1	9733	GATACTTTTATG	2			
mol01556	chrS1	14033	ATGCTTGACGAG	2			
mol03361	chrS2	10941	CTTTATATCGGT	2			
mol00448	chrS1	18317	AGTTGACAGACT	4	P225	a	diverse
mol05554	chrS2	13625	TAACGTACTCGG	2			
mol04223	chrS2	7064	ATTGAGAGCAAT	1			
mol01618	chrS1	2309	GAACCCCCGTTG	4			
mol00930	chrS1	2780	GGGAGCACAATT	2			
mol05574	chrS1	18110	ACCCTTGGTTAT	1			
mol00077	chrS2	8884	GATTGGACAGCG	4	P039	b	hamming1
mol04381	chrS1	2288	ATATATTAAGGT	5			
mol00085	chrS2	17729	GAGTACATTAGT	4	P043	b	hamming1
mol05050	chrS1	14493	GCACGTGTAGGC	2			
mol01338	chrS1	14810	GGTATCAGGGGT	3			
mol05486	chrS2	18455	GTCAATTGCTCG	1			
mol01375	chrS1	19350	TGTTCCACGAGG	3			
mol04537	chrS1	6471	CCGACCAGGCTA	1			
mol02720	chrS1	14913	CATGAGCTTTTT	1			
mol00775	chrS2	18556	CCCAATCGCATA	2			
mol03690	chrS1	11211	GTTCCAAAGCCG	6			
mol03021	chrS1	1071	TAACGGCCTATG	4			
mol02987	chrS1	16807	TGATCCTACTAG	6			
mol01075	chrS1	8385	TAGTTCATCTCG	4			
mol05791	chrS1	17660	CCGTTTTGTAGT	8			
mol02165	chrS2	1104	AAAAAACCAGCT	2			
mol03337	chrS2	14213	CCTGCCCAAAAA	1			
mol04323	chrS2	12973	CTGTCTCTCGGG	2			
mol02239	chrS2	17242	CCCGTGTCAGGG	3			
mol00661	chrS1	15641	GATAGATAAACC	2			
mol00831	chrS2	6411	TAGATATCAAAA	1			
mol02852	chrS1	1784	TAATTAATGCTT	4			
mol02718	chrS1	14227	GTAGCTACAGTG	5			
mol04696	chrS2	19018	CGGTTTCCTCCC	2			
mol03404	chrS2	19526	ACCACACGCATA	1			
mol04118	chrS1	11868	GATTGACACCTT	3			
mol01486	chrS2	5005	ACCGAACCTCGT	1			
mol00295	chrS2	19727	CGCATTGCTGGT	4	P148	b	hamming1
mol00879	chrS1	1285	TCGCAGACTAAC	1			
mol02194	chrS2	18126	GATCATGTCCCT	1			
mol02073	chrS1	16053	AAGCGTCCGCAG	3			
mol04454	chrS2	17934	AGGCAAAAAATT	4			
mol03224	chrS1	14638	TATACCTGCCAA	3			
mol04581	chrS2	2781	AAGGTATACAAC	2			
mol04402	chrS1	7941	TAGAGCAAGCCA	1			
mol03177	chrS2	1925	ACAAGACCCGCG	3			
mol04253	chrS1	8700	GACTAGGAACCA	1			
mol02601	chrS1	2367	GTGCAGACCGCT	1			
mol00203	chrS2	3146	TACCACTATGTT	3	P102	b	hamming1
mol03112	chrS1	12524	TCGGTGAAATGG	2			
mol03075	chrS1	8114	GGCGAAATCGGA	3			
mol01288	chrS1	5050	CGCAAATCTCAT	8			
mol01681	chrS1	17555	CGGAACTCTCTA	1			
mol03601	chrS1	9767	CTGACTTACCAA	1			
mol04748	chrS2	10685	ATTTGCCACAAT	1			
mol02968	chrS1	17299	AGTGGTAGTATT	4			
mol05925	chrS2	15526	CTAGCAATGCTG	6			
mol03436	chrS2	10274	GTTAACCTGGCG	2			
mol02062	chrS1	2625	GGACGTCCCCGC	2			
mol02983	chrS2	3774	TTAGACCAGGAT	2			
mol00617	chrS2	9983	TCCTATGAAAGG	3			
mol02019	chrS1	10918	GTCGTTGGACCT	4			
mol00821	chrS2	17020	TATACTTCCTTC	2			
mol05022	chrS1	2739	TCTAGTAAGTCG	1			
mol02637	chrS2	9653	ACTTGCTTCAGT	3			
mol00130	chrS1	17521	AGTTACGGGGAG	4	P066	a	hamming1
mol04929	chrS2	10953	ATGGCAAATAAC	1			
mol03494	chrS2	13163	GGTTGGGTCCCT	4			
mol03960	chrS1	16240	GAGGAGCGTGAA	3			
mol01907	chrS2	1211	TAAAAATGGGGG	1			
mol05525	chrS2	2199	AAACACCACTCA	2			
mol05726	chrS1	17802	AAAATCGTATGG	1			
mol05408	chrS2	7377	TGGGTGCGTACG	3			
mol00235	chrS2	2113	TCCTTGTAACAA	4	P118	b	hamming1
mol04601	chrS1	14951	GTTCCCCTTAAC	2			
mol00795	chrS1	8085	CACGAAGACCCC	2			
mol05080	chrS1	8178	CAGTTGTTGTTG	3			
mol03545	chrS2	8178	GACCAGCATCCC	3			
mol00228	chrS1	1097	CTCGTACGGCTC	4	P115	a	hamming1
mol01599	chrS1	16170	GAATAGGATCAT	2			
mol01365	chrS2	7328	AGAATTTTAAGC	3			
mol03505	chrS2	15206	TCTAGCACACCA	1			
mol02663	chrS2	8918	CGAATTATGCTA	3			
mol00900	chrS2	3392	CCCTCAGGAGCC	1			
mol02431	chrS2	19197	TGTCCTTACATA	4			
mol05526	chrS2	12628	TCATATAAACAA	2			
mol01516	chrS2	14641	ATATCGTAGAGG	2			
mol01337	chrS2	16918	ACTCGCACCGAG	1			
mol02802	chrS1	18914	GTTATCCTCTTC	1			
mol01921	chrS1	16654	CTACTCTTAGTA	2			
mol04321	chrS1	15842	AGTGCGGTCCGT	3			
mol04432	chrS1	10745	TCTAGCTCAGCG	1			
mol01369	chrS2	10745	CGGGTTTAATCG	3			
mol05032	chrS1	13098	AACGAAGCGGGA	2			
mol04449	chrS1	19305	CAATTCGTGCAG	6			
mol04719	chrS2	9543	CGGCCTACCAAC	1			
mol02539	chrS2	18444	GCGGTGAAAGGC	3			
mol02389	chrS1	16612	CGGGATCATCAG	1			
mol02537	chrS1	11021	CACTGTAGGTCG	1			
mol01767	chrS2	13748	ATTGAGGAGGGA	8			
mol01763	chrS2	15576	GTACCCGACCTG	2			
mol05387	chrS2	14551	TAACGAAATGCT	4			
mol01127	chrS2	10861	TCATGCAAAGAA	5			
mol03513	chrS2	18579	CCCACGTCCTAC	4			
mol03131	chrS1	1673	GCTCGTGATATC	5			
mol04043	chrS2	6074	TGCTTTACCAGC	2			
mol05364	chrS2	3900	TGATTATTACAA	3			
mol03941	chrS1	15652	TGGACAGTTGCA	2			
mol05397	chrS1	712	CATTAGACAGAT	1			
mol01839	chrS2	16152	AGTCGCAGAGCA	3			
mol02027	chrS1	16677	GAATCTCCAGCC	1			
mol02496	chrS1	1485	GTGACAGAGTAC	1			
mol00670	chrS1	5840	TTATGAATTCTC	1			
mol03689	chrS1	7723	CGAAGAATGCAC	3			
mol05354	chrS1	738	GGTGGGAAATCT	1			
mol05115	chrS2	11647	TAACGTGTGTTT	2			
mol04614	chrS1	19329	GACCATCCCTAT	2			
mol04677	chrS2	1766	CACAGCTCCGAT	5			
mol05967	chrS1	8774	GTGAAGCCCGAG	4			
mol03891	chrS2	2603	TTTACTTTAGTA	4			
mol05014	chrS2	15763	CAATATAAGTCA	4			
mol03425	chrS1	19171	CTGAGTCGGCGA	3			
mol02560	chrS2	7061	ACGCTCTAAAGG	2			
mol05785	chrS1	8494	CTAGGCTCAACT	1			
mol00618	chrS1	17076	TCATTTTCCTGC	2			
mol03993	chrS2	9633	GTTGATCATAGT	4			
mol05202	chrS1	13765	CCTCCCAGGAAA	1			
mol01825	chrS2	7093	AGGCAACTACCC	8			
mol05600	chrS2	9692	TTCATCTTGTAG	4			
mol03756	chrS2	13956	TGTGGTAATTGA	3			
mol04313	chrS2	4500	TGTCTAAGTGTG	1			
mol05617	chrS2	6233	GAATGGCTACTT	1			
mol04423	chrS2	1503	CGGGCCTCTGGG	2			
mol02941	chrS2	1603	ATTGTCCGTCAC	3			
mol00810	chrS2	17690	GAGAACACTAAG	8			
mol01552	chrS1	17757	TTTTCTGATCCA	4			
mol03581	chrS1	8513	TCGGCTTTTCCA	3			
mol02618	chrS2	6694	ACGGACCGGGGC	1			
mol04604	chrS2	16149	AGCACTCGATAA	1			
mol05437	chrS1	6830	CTGTACCAGTAC	4			
mol04331	chrS1	10669	CGCCGACTATTC	3			
mol02315	chrS1	13528	CGTTACTGAGGC	6			
mol04804	chrS1	10130	GGGGTAGCTCGC	1			
mol01985	chrS2	13486	GGAGCATACACG	4			
mol02929	chrS1	18970	CTCGATTGTTTA	3			
mol04122	chrS1	15433	AAGAACCCATTT	1			
mol02711	chrS1	16100	CAGAAGCTGGCC	2			
mol04698	chrS2	8785	TAGTAGGCCCTA	5			
mol00905	chrS2	10461	TTGGCTCAGACC	5			
mol02387	chrS2	8474	GACCACACAACG	2			
mol04644	chrS2	16110	CCCAGTACACGA	3			
mol02633	chrS2	11174	TTCGTGAGTGGC	2			
mol05300	chrS1	15547	TGGCCCGTTGGT	5			
mol01582	chrS1	15860	GCCTCTTTTGGC	3			
mol01579	chrS1	18275	AGAGATTGACCC	3			
mol03552	chrS1	17556	TAGAGCCCCACT	1			
mol03711	chrS1	1486	GCCGACACGGCA	1			
mol04241	chrS1	13686	GCAAGTAGAATA	1			
mol04900	chrS2	12469	GCCGGTCGACTC	1			
mol03803	chrS2	7066	GACAGGATTCTG	5			
mol03615	chrS1	9209	CCGCGGCAATGC	2			
mol02174	chrS1	13413	ACGCCTGTACGG	3			
mol00154	chrS1	7297	TGTTCTCAGTCT	4	P078	a	hamming1
mol00898	chrS2	257	CTAATTATGGAA	1			
mol01036	chrS1	10225	GCCTGTTGCTAT	2			
mol01372	chrS2	6450	TCTGTACTTGGA	4			
mol02184	chrS1	11298	ACCTCGGGGTTT	3			
mol01627	chrS2	14506	CCATCTGCGATT	2			
mol00389	chrS1	14720	GGCGGTATGCGT	3	P195	b	diverse
mol03742	chrS2	10371	CGTCGACAAGTT	2			
mol02151	chrS1	9694	TAGCTTCGGATC	4			
mol05714	chrS2	11671	TCAGCTCTCACT	1			
mol05349	chrS2	4337	ACAGTTTCCACT	3			
mol02695	chrS2	6771	ATAGACCTCAAT	2			
mol04580	chrS2	11985	TAGGCAGATCGC	1			
mol03317	chrS2	6983	CCCACCGTACTG	3			
mol01889	chrS1	7291	GATTGCGTTGAA	3			
mol05093	chrS2	18190	CTATGATTAAAG	6			
mol00934	chrS2	7113	TTTGCCGCGTGA	6			
mol04567	chrS1	15717	GTGTCCTGTTGC	2			
mol02494	chrS1	368	AAATTAAACTAC	4			
mol03036	chrS2	3306	ATTTTTTTTCTA	2			
mol02205	chrS1	1894	AAGAGACGACTG	1			
mol04437	chrS2	1420	CTGTCGCATGGA	1			
mol00720	chrS1	2530	GACTTTAGCCCT	4			
mol03660	chrS2	9147	GTATTCCATGTA	5			
mol05512	chrS1	9796	TGTCCAATGCAC	5			
mol00999	chrS2	5186	AGTCACATAATG	6			
mol02037	chrS1	7497	AAGCTAATTGTC	2			
mol05298	chrS2	4822	TCCCGGTCAAGG	3			
mol01508	chrS2	11746	GAGTTACCTACG	3			
mol00749	chrS2	18644	TGGAGAGGTGCT	5			
mol03324	chrS1	8346	GGTAAATGTGGT	1			
mol05157	chrS1	5031	TGTCTGTGAATG	2			
mol02339	chrS2	926	CCTCGAAATTCT	5			
mol00645	chrS2	761	CTCACGCGCAAA	2			
mol01527	chrS2	12314	CTCAATCCGATT	2			
mol00809	chrS2	2178	CGCGGGGTTGGC	1			
mol05926	chrS1	15940	ATACGGCGGCGA	1			
mol01426	chrS2	4705	TGCACTGGGAGT	6			
mol02873	chrS2	11474	ATTGGTTCATAA	1			
mol05240	chrS2	2820	CGCGTTACATCC	1			
mol01114	chrS2	18999	CCATTGAGGGAA	1			
mol02464	chrS1	6468	CCGCTTCATTTA	3			
mol03454	chrS2	6363	CCCCAACTGGGT	8			
mol05097	chrS2	16272	GGCTCAAATATT	5			
mol05047	chrS2	3791	TTATGTGAAGCG	2			
mol04643	chrS1	7072	CTATTTTCCATG	1			
mol03310	chrS1	10308	AGTCACGCAACT	6			
mol05178	chrS2	4474	CTTGTCTTTCCT	1			
mol05068	chrS1	9584	TTGTGACAGTGA	5			
mol00652	chrS2	5975	TCGTCCAGACTG	2			
mol00781	chrS2	15057	CACTCAGTGCGG	3			
mol04162	chrS2	11508	TTGCTACCGAAT	5			
mol00676	chrS2	15154	ATCAGGAGTTCG	2			
mol01904	chrS2	17525	TCTGATCCAGAG	5			
mol05707	chrS1	1862	AATGGGGGTTCG	1			
mol00504	chrS1	3006	GTCATCTGGCGT	4	P253	a	diverse
mol00374	chrS1	4452	CTCTGTCGTAGT	3	P188	a	diverse
mol04080	chrS2	12745	GCCATCTAGCAA	5			
mol00292	chrS2	15639	ATCCGTCGATTA	4	P147	a	hamming1
mol02050	chrS2	5020	TAGATTCGTAGA	2			
mol01840	chrS1	18686	CACCGACACCTA	3			
mol04249	chrS2	5949	ACCACCTTTGGC	5			
mol05170	chrS1	16865	GCGCTCGCTACG	2			
mol05246	chrS1	981	ACGCGAAGAATG	4			
mol05265	chrS1	17446	AGCCTTCAAGAA	2			
mol01616	chrS1	19129	TTCACCTTAGAA	1			
mol01663	chrS1	6768	CCATGAAACTAA	4			
mol04583	chrS2	16512	AGTAGGCTCGAC	2			
mol03492	chrS2	18855	TAGCACCTATTC	3			
mol01070	chrS2	15776	CACCACGATATC	2			
mol00791	chrS1	14843	AGAGGGTGGCAA	3			
mol02211	chrS2	1724	GGAGCATAGCGA	1			
mol05689	chrS1	11146	GAGTAATCAGAT	2			
mol03822	chrS2	7860	GGCGTAAAAGCA	3			
mol00112	chrS2	522	TTGCATCTTTGT	3	P057	a	hamming1
mol02168	chrS1	14020	GGCCCGGAGCAC	2			
mol01978	chrS1	14473	ATAAGTCAAACA	1			
mol01462	chrS1	18579	CGGGAAGGGATA	1			
mol02331	chrS1	19484	CGCTGACGCCTA	3			
mol02843	chrS1	11701	ACAGTGAGAGAC	2			
mol05753	chrS2	7516	TGCCCATAAACT	1			
mol00325	chrS1	3145	TCGGTGCTGGCC	3	P163	b	diverse
mol05672	chrS1	14500	GCATCGGCTCGG	3			
mol03745	chrS1	6378	TACATGTCGTGT	6			
mol05199	chrS2	12153	CTGGAACATACC	1			
mol01614	chrS2	15381	TAAATCAATAAG	3			
mol03602	chrS2	4033	AAGTAGTTTCGA	5			
mol00571	chrS2	14442	ACTAATTTAAGA	3	P286	b	diverse
mol01746	chrS2	13726	GGGGTGCCAATG	1			
mol04005	chrS2	3000	CCACACGAAGGA	3			
mol00985	chrS2	11482	ACCTGGGGTGCG	3			
mol01541	chrS2	5215	TCTGTACTGCCT	2			
mol05527	chrS2	12585	GCTTGTGTCGCT	8			
mol05207	chrS2	3840	CTGTTGGGAACC	1			
mol00301	chrS1	17880	ACGTAGACTTCT	3	P151	b	diverse
mol00730	chrS2	8216	CAGCACGGGGTC	1			
mol02974	chrS1	7331	TATCGTGCGTAC	3			
mol02864	chrS2	2551	CGTAAGGCCGGA	2			
mol02029	chrS2	4443	AAGAGAATCTAT	1			
mol01778	chrS2	3978	GAGGGTTGGATA	2			
mol04630	chrS2	17101	GACCTCCATCAA	4			
mol03002	chrS2	3988	GCGACGCGGGCG	1			
mol04116	chrS2	11401	CCAGTTGCAAAA	2			
mol00596	chrS2	5464	TGTCCGCTCGTC	4	P299	a	diverse
mol02531	chrS1	19578	TTGCGACAACCG	4			
mol01658	chrS1	11808	TAGCTGCATTCG	1			
mol04461	chrS1	5067	GTGAAGGCAGCA	1			
mol04378	chrS1	6366	AAGGAAACCGAC	3			
mol02693	chrS1	4403	CCTGGCCTTGGG	4			
mol02016	chrS1	3497	AAAACGGACCAT	6			
mol00798	chrS1	18700	CATAGGCTTGTT	2			
mol01704	chrS1	13250	GGTCACACCCGC	5			
mol00009	chrS1	7907	ATATGAAATCAG	3	P005	b	hamming1
mol03191	chrS1	15936	ACAAAATATCCA	2			
mol04305	chrS1	5132	TAAGGGGGTATC	1			
mol00576	chrS1	4297	TTGCGCTGCTAC	3	P289	a	diverse
mol00122	chrS2	12512	GGGTATGCGCCA	4	P062	a	hamming1
mol03535	chrS2	2096	TACGGAGTTAGT	1			
mol03323	chrS2	15068	AATTAACCAACG	1			
mol04632	chrS2	13701	AAGGACGGGAAT	1			
mol05722	chrS2	11178	TTCTATAAGCAA	2			
mol04217	chrS2	5567	GATTTATGGCCG	1			
mol03223	chrS2	373	AGTCTGAATATA	2			
mol03892	chrS1	11595	CATAAAAGATCA	2			
mol01168	chrS2	375	ATCAAGAAGTGA	2			
mol04546	chrS1	17884	CTGAGAGATTTC	2			
mol04689	chrS1	6208	GAGGACACCCAT	1			
mol01040	chrS2	18938	GGTGGTTCCCGT	4			
mol00184	chrS1	16204	GACGGACTTATC	4	P093	a	hamming1
mol00488	chrS1	10353	CACTCAGTAACC	3	P245	a	diverse
mol01102	chrS2	9259	TTGCTAAGAGGT	1			
mol03844	chrS2	3796	CGAAGTGTCTAA	3			
mol03110	chrS2	12977	TGCTGGAACTTT	2			
mol05729	chrS1	5488	TACAGACCTCGC	1			
mol05187	chrS2	11182	GTGCCGTAATTA	4			
mol01308	chrS2	3118	GAGTTTTAATAC	2			
mol05997	chrS2	12985	GAGTCGTTGCCG	1			
mol05603	chrS2	14301	GATACGTTTTGA	2			
mol05398	chrS2	12151	ACCTTCAATTTA	1			
mol00627	chrS2	11131	AGTTCAATTCTA	1			
mol05663	chrS1	19153	ACTAAACCTGAC	3			
mol03536	chrS2	1799	ACACAGGGAAAC	4			
mol03691	chrS1	4393	TGTGTGATTTGG	1			
mol03695	chrS1	4072	TGGATTAAGTCG	1			
mol02569	chrS2	4843	ATCGACAGGTTT	1			
mol05645	chrS1	8041	ATTTTGCGATTA	6			
mol05841	chrS1	6224	TTTAGTCCTCTG	4			
mol03593	chrS1	3097	CATTGCTGCTGC	8			
mol05496	chrS2	18514	GTCACAATCTAC	2			
mol02879	chrS2	14248	GATTCACCCGTC	1			
mol03102	chrS1	7941	TCATTATTCAGT	1			
mol03282	chrS2	12963	AGCACCTTTTCC	3			
mol05003	chrS2	7788	ACCGGCACCCCT	6			
mol05853	chrS1	6163	GTGCTTTGGCCC	1			
mol03148	chrS1	1821	CTAAGCCTTAGT	6			
mol04936	chrS2	6218	GTACTGGGAAGA	2			
mol04285	chrS1	18601	GTGCAGAGTCTA	1			
mol02604	chrS1	9604	CTGACAAGATAA	1			
mol04182	chrS1	7177	GGGTTGATTTAT	3			
mol04024	chrS2	11635	GGCACGATTAGT	1			
mol02669	chrS1	8306	CACCGTCGGTAT	6			
mol00099	chrS2	5798	AAGTTGCCACTA	4	P050	b	hamming1
mol02831	chrS2	8109	CATTGAATCACC	1			
mol04819	chrS2	1189	ATTTCAGGGTCA	2			
mol02186	chrS2	3955	CCACGAAGCACT	2			
mol01968	chrS2	11954	ATGCGATGTGTA	1			
mol02109	chrS1	7534	CACTGTGTGGAC	3			
mol00471	chrS2	482	GTACCAGACTGC	3	P236	b	diverse
mol01172	chrS1	6459	TATGGAGATTAC	1			
mol03722	chrS2	6291	CGTTACCTGCCT	2			
mol00222	chrS2	15876	CAGGAGCCGACA	4	P112	a	hamming1
mol02932	chrS2	8699	ACCACATGAGGA	3			
mol02189	chrS2	5767	TGACACTTGAAC	5			
mol00298	chrS2	3363	GTTCGATGAGCC	3	P150	a	hamming1
mol02866	chrS1	14588	TATATTGACAAG	1			
mol03786	chrS1	11554	TACATCACGTGA	4			
mol04138	chrS1	6344	GTTAGGCCTTAC	2			
mol01624	chrS2	3286	CTTCAGGACATG	5			
mol05329	chrS1	17068	GTGCGCGGTCCT	3			
mol01159	chrS2	9162	CTTCGTCCTGCG	2			
mol03588	chrS2	19730	CACGGCTAATTG	4			
mol04399	chrS2	11572	TGGACTTATTTA	4			
mol03847	chrS1	19280	GGCGTCAAGTTG	1			
mol05851	chrS2	19289	GCCCGCTAGCAG	4			
mol00452	chrS2	18687	GACTATGTGCTA	4	P227	a	diverse
mol03318	chrS2	2649	ACGATCCCGTAG	1			
mol05921	chrS1	13498	CCATCTTCTATC	2			
mol05533	chrS1	17060	AACCATGTTTTA	2			
mol05638	chrS2	3228	ACCAGTTTAAGA	2			
mol01033	chrS2	3407	TCAGGCTGCTGG	8			
mol04832	chrS1	6324	GCAGGGAGACAC	2			
mol01936	chrS2	13852	TCAGATTCACGT	1			
mol02275	chrS2	18171	CTTTAAGCTAGG	4			
mol01315	chrS1	5005	CAGTCGACTCGA	4			
mol02653	chrS1	5455	CCGTTTTGGTTC	1			
mol05532	chrS1	4297	CGTTCTGATAGA	1			
mol05683	chrS2	17349	TCACAGATGCTG	8			
mol03372	chrS1	11690	CCGCAAGATAGA	2			
mol05040	chrS2	16966	GCAACACCTGCC	2			
mol02441	chrS2	11118	GACTTCAAATGA	2			
mol03855	chrS2	13726	AATGAGTCTGCA	1			
mol00254	chrS2	2466	CAGTGTCTGCTT	4	P128	a	hamming1
mol01638	chrS2	10919	GAGTTGGCAGAC	1			
mol02959	chrS1	19339	GCTTTAACGTGC	6			
mol01378	chrS1	15093	CGGGTAGCTACG	2			
mol05826	chrS2	18691	GAACGTCTGCGA	1			
mol04727	chrS2	6459	CGCGCCCCCGGT	2			
mol01235	chrS2	11678	TCGAGTGTTATC	6			
mol01673	chrS1	10886	CGATATTGGATT	4			
mol05639	chrS2	13530	TAAGCCAGACTA	1			
mol02510	chrS1	10117	TGGGACACTAAT	3			
mol02744	chrS1	7204	CCATAAGCATAT	3			
mol05371	chrS1	4315	AGGGTCCACCCG	3			
mol04250	chrS1	8345	GTTTTTCCTAAG	6			
mol00951	chrS1	11158	TACGTATCTGCC	2			
mol02349	chrS1	11512	GGGCTAGTTGGG	1			
mol01437	chrS1	1600	GGAAAGAGGAGG	8			
mol03210	chrS2	7100	GCTGAACCTTCG	3			
mol04448	chrS2	11573	CAGCGATGGTAC	2			
mol03215	chrS2	16942	TACTCCATTAGC	3			
mol03842	chrS1	7650	TCGCTATCAGTC	2			
mol00073	chrS2	1057	TTCAGGTTACCA	3	P037	b	hamming1
mol03947	chrS1	10821	ATATGGAATGCA	8			
mol01249	chrS1	3751	GTGTAACGCTTG	1			
mol05216	chrS1	7524	CCAAGGTAACGG	6			
mol02981	chrS2	11570	GTACCGAAGGGC	1			
mol04302	chrS1	4016	ATCTTCGCGTCG	3			
mol05194	chrS1	18664	AGCACTGTTGCG	3			
mol03667	chrS2	8718	TAGTAGGTAGTT	2			
mol04403	chrS1	11248	GACAAGAACCTC	5			
mol00820	chrS1	18495	GCCAACCGTGAG	1			
mol03081	chrS1	831	TCTAGATAAAAG	1			
mol00101	chrS2	8311	AGATGAGAGTGA	4	P051	b	hamming1
mol05379	chrS1	14654	CTTGTCGATTGA	5			
mol01370	chrS2	148	CAGGCACGGCTC	2			
mol02283	chrS1	15789	AGGGCTCAACCT	1			
mol01131	chrS1	1849	CATAGTCTGCGC	2			
mol01748	chrS1	14387	TAAAGCCGCGGT	3			
mol05757	chrS1	10764	TGGATAACGGGA	2			
mol04456	chrS1	10769	TGTATTAGCCAC	1			
mol00853	chrS2	1743	ACTATTACTAGG	1			
mol04169	chrS2	18434	TGAGATTCATGA	3			
mol01694	chrS2	7637	CCTTCTTGCGTG	6			
mol05865	chrS1	16894	CCGATGGGGGAG	1			
mol03217	chrS1	9151	TCTTTGGAAAGT	1			
mol04508	chrS2	13499	AGTGATCATTAA	3			
mol03484	chrS2	290	CATAGGCTGAAT	2			
mol03182	chrS2	9250	GTGTCGCAGTAC	1			
mol05066	chrS2	11273	CGACCAAGCCCA	3			
mol05911	chrS2	18020	CGGTATCCCCTT	5			
mol02217	chrS2	3479	GCGTAAAATAAG	4			
mol02058	chrS1	8097	GTGTCCGACACG	3			
mol01222	chrS1	5330	GACTTAGTTATA	4			
mol01948	chrS1	13068	AGTTGTATCTAA	1			
mol04765	chrS1	16538	ACTTTTGGCCAC	3			
mol04666	chrS1	6676	AGGCATCATCAG	6			
mol01219	chrS1	12687	CCATGTGTAACA	4			
mol05414	chrS1	11152	AGGACTAGTGAA	5			
mol02629	chrS1	5657	ACTATCATCCCT	3			
mol05360	chrS2	8942	TACACAGGTCCA	2			
mol02754	chrS1	1330	TACGCGTGATGC	2			
mol05132	chrS1	9293	CCGAGCTAAGAT	1			
mol04446	chrS2	8200	CCGCCTTACTTG	2			
mol05623	chrS1	1315	GTTACACGGTAC	5			
mol01444	chrS1	7138	CGAGACTTCTTC	3			
mol02380	chrS2	4641	AGGTCGATCAAA	1			
mol00601	chrS2	12637	AATTCAAAGAAG	1			
mol04861	chrS2	18271	AAGGTCCGTGGA	3			
mol01031	chrS2	6205	CAGAGCAATTAG	1			
mol02386	chrS1	9912	GTAAAAAAAGTA	1			
mol04955	chrS1	286	TTGATCGTGCTC	1			
mol00874	chrS1	19012	ATTCACCCCGTT	2			
mol01242	chrS2	4716	ACGGTATATCGC	4			
mol00563	chrS2	5443	CACCGCAAAAAT	4	P282	b	diverse
mol05368	chrS2	7157	CTACCTGCGCGT	1			
mol04613	chrS2	1311	CTGGGAATTTCT	1			
mol00636	chrS1	11420	TGGAACTGTTCA	5			
mol00847	chrS1	5066	CAGAGCATTGCC	2			
mol05950	chrS1	2036	ATTGTCGCTAGG	1			
mol00195	chrS2	17125	TAAGGTATCCGC	3	P098	b	hamming1
mol01021	chrS1	9556	CGGCTCAAAAGA	3			
mol02793	chrS2	5466	TCCCGCAGTGGC	4			
mol03278	chrS1	3191	GCTAAAGGTGAC	5			
mol04239	chrS1	9720	GGAGTGGTTAAA	1			
mol02593	chrS1	6163	ATTAAGATAGTG	2			
mol05906	chrS1	10361	ACCGGAGTGTGC	1			
mol00021	chrS1	12294	TCGGCACAAGGT	4	P011	b	hamming1
mol00041	chrS2	3651	TGACAGGTAACA	3	P021	b	hamming1
mol00055	chrS2	15061	TCGCACGTAGGT	4	P028	b	hamming1
mol01386	chrS2	11637	GCCCAACTGCAT	4			
mol02520	chrS1	9139	GCCCCCGGATGC	3			
mol05024	chrS2	6644	CTCTTCAAGCTC	3			
mol05317	chrS2	14898	CCAATGACGAAG	4			
mol02379	chrS1	4011	AATCGCGTCCAG	4			
mol05273	chrS1	7032	ACGTAAAAACCT	1			
mol03162	chrS2	11016	ATAACGTGAGAA	6			
mol02375	chrS1	6134	ATACTCGATTCT	3			
mol02940	chrS2	14176	TAGTTCGACTGG	2			
mol01813	chrS2	4360	CCTCGTTCGAAT	1			
mol05883	chrS2	8644	GCCTATCCGACT	5			
mol03057	chrS2	14098	GCAACCCTGTAT	1			
mol01868	chrS1	517	TATACCTGAATG	2			
mol01577	chrS1	15122	AGGCATATTCGC	1			
mol05585	chrS2	11408	CACACCCCTCCC	3			
mol05765	chrS1	15301	GCGAGAAGAAGG	4			
mol05793	chrS2	13048	GACCGAGTGTAG	1			
mol05887	chrS2	19814	ATAAGGTAGGTG	3			
mol03136	chrS1	19463	CGCAACGACACA	4			
mol01361	chrS2	18831	GTCTTAGACCTC	1			
mol00351	chrS1	15592	ACGAAACAGGAC	4	P176	b	diverse
mol05144	chrS2	11179	GGCTCATGCCTA	2			
mol02636	chrS1	3059	TCGCCCAGTCAA	2			
mol02642	chrS1	1039	AAACCTACTCGT	2			
mol02120	chrS1	11634	TGAGTGGGGCCA	1			
mol02602	chrS2	2129	TTCTAATGGCAT	5			
mol03610	chrS2	11278	CTACAACATTGG	3			
mol01611	chrS1	16206	GCCCATCATTTC	3			
mol00896	chrS1	18101	CCTAGTACGAGG	4			
mol05816	chrS1	14305	TCCTCGTTAAGG	6			
mol04474	chrS1	8443	TGAGAAATTGCC	1			
mol04943	chrS2	18924	GCAGCGAAGGTC	4			
mol00496	chrS1	10456	CGCATTAACCCC	4	P249	a	diverse
mol04648	chrS1	8974	CGTCTGACAGGT	2			
mol04991	chrS2	8389	TGCGGACTTAGT	3			
mol05043	chrS1	8042	CGAGCAGTTTTT	2			
mol03583	chrS2	19098	TGATCCGTTATC	2			
mol00393	chrS2	3127	ACCACCCTATAT	3	P197	b	diverse
mol01812	chrS1	16274	ATCTTGTCCAAA	3			
mol05409	chrS2	1503	TCCCGGGACATA	1			
mol03824	chrS1	2936	CAAGGGACAGTC	5			
mol05870	chrS2	1230	AGTGAGTCTGGT	1			
mol00354	chrS2	6133	ATAGGCCGGCAG	3	P178	a	diverse
mol01232	chrS2	3484	TCTCCGTTCGAG	3			
mol02293	chrS1	10384	CTGCCAACTTCA	1			
mol00945	chrS1	13466	CACGACCTGATC	2			
mol01348	chrS2	9351	AGCATACTCTTG	1			
mol03558	chrS2	7088	TATCCTCATGCG	3			
mol02545	chrS2	1103	CCACAGTTCTGC	1			
mol05419	chrS2	14918	AGCAATTAAGGT	1			
mol04421	chrS2	4387	TCGCTACAAGTC	1			
mol00118	chrS2	4960	ATCACCCCCGGA	3	P060	a	hamming1
mol02631	chrS1	13707	CAGTCACGGTCG	2			
mol05718	chrS1	1917	CGCCGTATTTGG	2			
mol03785	chrS2	3508	CCTGGAGCTGAA	1			
mol04384	chrS1	2706	AGACCGTCATTC	3			
mol04905	chrS2	4152	CCAGTACTCATG	5			
mol05616	chrS2	8322	CAGCAGCTGACC	1			
mol04608	chrS1	4036	GTCAAGCTGTCT	4			
mol00341	chrS1	13772	CACACATCTCAA	3	P171	b	diverse
mol04866	chrS2	4329	GTAACCAGGTCC	1			
mol01286	chrS2	7746	CCGTAGATGAAT	5			
mol02162	chrS2	17923	GCGCTCCATAAG	1			
mol02121	chrS2	10269	TAAAGCCCAGAA	4			
mol05341	chrS1	7033	AGTAGTTTGTTT	1			
mol00784	chrS1	5597	CTGGTTAGTGTA	4			
mol02475	chrS1	1131	CACCTTGCGGGG	1			
mol01142	chrS1	187	CTTTGCTTTAGA	1			
mol02863	chrS2	15598	GCCGTTCCTTAT	4			
mol04623	chrS2	16344	CAACAACCACTC	2			
mol00115	chrS1	6370	GGCTAATCTATG	4	P058	b	hamming1
mol02935	chrS1	2144	ATGTTTGACTGG	4			
mol02826	chrS2	13619	AGTGTGTGTCTC	3			
mol00516	chrS1	16632	ACATATGGCGCA	4	P259	a	diverse
mol04883	chrS1	16708	CACACACTGGTA	2			
mol03572	chrS1	11411	CAAACCTTCCTC	3			
mol02700	chrS1	10510	CGTGCGGCCGCT	2			
mol05802	chrS2	15254	GCATAGTGTCCG	1			
mol00460	chrS2	17343	GCTCAATATCAC	3	P231	a	diverse
mol00690	chrS1	7117	AACACTAAGACG	2			
mol02523	chrS1	15062	AGCACCTGCGTT	8			
mol02582	chrS2	16538	CCCTTACCCGGA	2			
mol01017	chrS1	6261	CAGCGTTAACTC	1			
mol02508	chrS2	12375	GGAAATCGGGGT	1			
mol00190	chrS1	691	AGGCGTGAAAAC	4	P096	a	hamming1
mol03349	chrS2	1600	GCCGACGCTCCC	2			
mol04144	chrS2	13190	CCGGACTTGCCG	3			
mol02300	chrS2	15480	ACACAGATTCGT	1			
mol01380	chrS2	4691	CTAGCCGTTGGA	2			
mol03631	chrS2	18564	CCAACGATCATG	5			
mol03449	chrS1	1427	CGTACCGTGTGG	3			
mol05136	chrS2	14337	AATTCGAGAGGG	1			
mol03957	chrS2	12930	TTAGGGTATGAG	1			
mol04032	chrS1	1024	GCAACTGAGTCT	3			
mol03860	chrS2	2388	TTGGTCAGGCTG	3			
mol02463	chrS2	11642	ACCTTCGTTGCC	1			
mol01332	chrS2	15135	AATGTCACTCGA	1			
mol03920	chrS1	4481	GGCGCAAAATCC	2			
mol04067	chrS1	308	GCCCTATTGCTC	3			
mol02972	chrS2	11224	GTATGTTAGCGG	2			
mol05196	chrS2	17346	TCGGAGATTCCG	2			
mol01202	chrS1	10684	CCGGCACCAGAT	1			
mol05962	chrS2	19253	CTTGAAACACAA	3			
mol00083	chrS1	602	CTGTTAAACAGC	4	P042	b	hamming1
mol00231	chrS1	1924	AACGGCCGGTAA	3	P116	b	hamming1
mol04709	chrS2	14704	TAAGTAACAGCT	2			
mol05125	chrS1	5374	GGGCAACTGGCA	1			
mol02784	chrS1	10189	CTTGGAGGCAGA	3			
mol04808	chrS1	19437	TGTCCGCGAATA	3			
mol03209	chrS2	19739	TTAATTCTCTCC	6			
mol05445	chrS1	15072	TGGCCACGCTTA	2			
mol02481	chrS1	12172	CGTTGCATAAGT	1			
mol03156	chrS2	9038	ACACACTCTTAT	2			
mol02103	chrS1	392	AAAACGGCGGCG	1			
mol02432	chrS1	8568	AAGGCGCGTCAA	1			
mol02979	chrS1	7937	GGTCGCCACACT	8			
mol05721	chrS1	9647	CGATGACTCTTT	3			
mol02600	chrS1	7996	GCCGTCACCTGG	8			
mol04714	chrS2	1932	GCGACAGGATAC	3			
mol05279	chrS2	9943	AATGGCGACGTT	5			
mol01526	chrS2	16741	GATGTTTAGCGA	3			
mol05559	chrS2	15483	GCGTTAAAACAT	3			
mol03875	chrS2	14009	GTTAATGCATGT	4			
mol00139	chrS2	2612	CTCCAGCCTACG	3	P070	b	hamming1
mol00072	chrS2	1057	TTCAGGTTAACA	4	P037	a	hamming1
mol01000	chrS1	3681	CGCCCCAATCCC	3			
mol02611	chrS2	127	TATTAAGGGTCT	1			
mol00459	chrS1	1210	GACGCAGTTGAG	4	P230	b	diverse
mol05490	chrS1	15352	TGCCGTCGTTGA	1			
mol05599	chrS1	13291	CTTATCCGTTAA	1			
mol01709	chrS1	15262	GTTCTTACTTTT	4			
mol01106	chrS2	17259	GAAGTTGAGTTG	1			
mol03681	chrS2	5279	AAGTTAATCCCT	2			
mol01484	chrS1	11190	GCGCACGAGATA	6			
mol05355	chrS1	6786	GAGCTCACAATG	2			
mol05653	chrS2	11996	ATTTTATTAAGC	1			
mol02805	chrS1	11725	CCCTTCCCCACA	1			
mol04853	chrS1	14185	GCATATAAACCT	2			
mol04857	chrS2	17810	ACTACGGGTGTA	3			
mol02153	chrS2	19449	GAGAACCCGCAG	4			
mol03240	chrS2	3039	CGCCGCGGCACC	1			
mol04957	chrS2	12068	ACATTGCGTAGG	1			
mol00528	chrS1	14140	CCTCACAAGGTC	3	P265	a	diverse
mol03770	chrS2	14214	AATTGTCATAGA	1			
mol05245	chrS2	6993	ACCCTTGGCTTG	1			
mol01472	chrS1	12520	CATTAAAAGTGG	1			
mol04862	chrS2	14536	TGCCACGGCTAT	2			
mol03363	chrS1	340	GGTTACCGAGTA	2			
mol05626	chrS2	1216	AGGGGTAAGTTC	1			
mol03428	chrS1	208	CAAATGGAAAGA	1			
mol01411	chrS2	17819	CGCACCGCTCTA	3			
mol02160	chrS1	8710	GGTAGTCTTTAG	3			
mol04919	chrS1	12114	CTATAAAACAAC	1			
mol01297	chrS1	19760	CAATCCGAGTCA	2			
mol05947	chrS2	19600	TCTGTCACTAGG	1			
mol03201	chrS1	6889	TTGGATGATTGC	1			
mol00128	chrS1	17553	GAGCTACTCTTA	4	P065	a	hamming1
mol00591	chrS1	16185	ATCACCATTCAA	3	P296	b	diverse
mol00290	chrS1	10267	CTGAGAGATGTC	3	P146	a	hamming1
mol00848	chrS2	18648	TAGTGGGGATGT	1			
mol01515	chrS1	10788	GTAATCGACATC	1			
mol02807	chrS2	18845	GTGCATCCATTT	2			
mol02295	chrS1	19167	GAAGGCCTAAAG	2			
mol03735	chrS2	4571	AGCAAACGAGTC	4			
mol00032	chrS1	16080	AGCAAAGCACGA	3	P017	a	hamming1
mol03956	chrS1	6347	ACAGGAGGTTTC	4			
mol03261	chrS2	8431	GGTGGGAAGGAA	5			
mol00053	chrS1	7217	AGATTCGGGAGA	3	P027	b	hamming1
mol01278	chrS2	8870	TGGTATGATAGT	1			
mol05064	chrS1	8797	TATCAGCGAAAG	2			
mol03329	chrS1	78	TTCGGAATAATA	2			
mol04846	chrS1	4169	AGTCATTACTAA	1			
mol05165	chrS1	10672	TCGAGGACTTCT	3			
mol04113	chrS1	11406	TTATGTTTGGCA	1			
mol03373	chrS1	19789	CGGTGTAACTCG	1			
mol01884	chrS1	3085	GGGATTGTGGGA	3			
mol04110	chrS2	12101	AAACGCCTTTAT	4			
mol00226	chrS1	9334	ATAGATTTCCCC	4	P114	a	hamming1
mol01004	chrS2	18049	TGTGAGCCTGAG	3			
mol02021	chrS1	1291	CCACGGCCGTTT	2			
mol03670	chrS1	1272	TATAAATGTTAG	2			
mol04200	chrS2	16835	TGTATCCCAAAC	2			
mol00535	chrS1	2380	TTTATTTCCCCC	4	P268	b	diverse
mol03651	chrS1	7101	GGCCGGGACAAC	1			
mol03846	chrS1	19428	ATATTTAAATCA	4			
mol05118	chrS2	2292	TCTCGGCTACAG	1			
mol04189	chrS1	13240	AGCTGCTGTGAT	5			
mol01752	chrS2	13316	TTAGAGGTATAC	1			
mol00608	chrS1	3994	TTTTTGGTGATT	2			
mol03478	chrS1	12722	GTGAACATGTGA	3			
mol00594	chrS1	2600	TGCTAGGGCAAC	4	P298	a	diverse
mol02258	chrS1	3465	TCCCGAGCGAAC	2			
mol05502	chrS1	1639	GGTATCGCGCTT	1			
mol03604	chrS2	195	TCATGGGTTTAT	2			
mol02360	chrS2	9342	TCTTTGAACCTC	1			
mol02427	chrS1	1869	CATTCTAGGTCA	2			
mol04369	chrS2	6650	ACTGTAAGAACG	3			
mol01912	chrS2	2028	CCGCCTTTATCT	1			
mol03568	chrS1	17323	GATGGAGTAGAC	3			
mol03023	chrS1	7995	CGTAACTTTCCA	1			
mol01107	chrS2	707	AGTGTGGTTCAT	6			
mol03458	chrS2	92	GTTCTATAGCCG	3			
mol00835	chrS2	1747	GCCTGCGGAACT	3			
mol02705	chrS2	2716	TGCGTCAGGAAA	2			
mol03137	chrS1	8799	GGTGTGGACTGC	1			
mol01890	chrS1	12765	AAAGGCTCGGCT	3			
mol00061	chrS1	3919	GCCTAGCCTACA	4	P031	b	hamming1
mol05825	chrS2	11327	CAGACATATACG	3			
mol03091	chrS2	11993	ACGGGGACCTAG	2			
mol04276	chrS1	1192	TTTGCCCTGTAT	1			
mol00778	chrS1	19416	GTAAATAGAAGG	1			
mol04458	chrS2	14409	AGGTGCACTACA	4			
mol01594	chrS1	10803	ATTCAGGCAATT	4			
mol01229	chrS1	15433	TATCATGCACGA	2			
mol02788	chrS2	16135	GGCACCGTCGAG	3			
mol04247	chrS1	2267	GGTATGACGCTC	6			
mol03456	chrS2	12869	AGTGCGGGGTAC	2			
mol05087	chrS2	17387	GGTATTACTTTC	2			
mol00752	chrS2	6964	ACTAGCTTCGTA	3			
mol03614	chrS2	11146	GTTAAGGCCGGA	6			
mol01371	chrS1	3205	TAGCAGAGCCAG	1			
mol02340	chrS1	14066	GCTGTCTCACCG	3			
mol05227	chrS1	8830	ACTGGCGGTCTC	6			
mol00125	chrS2	17101	CGCGACTGCCGA	4	P063	b	hamming1
mol01120	chrS2	15582	GAAAGAAACATA	3			
mol01707	chrS2	12654	GGTAATGTAGGG	3			
mol03626	chrS2	10019	GAAATCGGGACA	5			
mol04503	chrS2	2986	TGAAAGTGGTTC	4			
mol01038	chrS1	868	ACCTCTCGCCGG	3			
mol02020	chrS2	16262	CTTCTGATGCTA	2			
mol01454	chrS2	18521	CGGATTGAACTG	1			
mol02164	chrS1	9119	AATCTCGAGGAC	2			
mol05787	chrS2	6674	TTACGGTTTTGG	2			
mol00477	chrS2	16232	ATCTCGGGGTGG	4	P239	b	diverse
mol02265	chrS2	4484	TATACTTCGATG	2			
mol04934	chrS2	16285	AATCAGGATTCG	6			
mol00234	chrS2	2113	TCCTTGCAACAA	4	P118	a	hamming1
mol02426	chrS2	2293	GAAAGCTGTGTT	1			
mol04732	chrS2	6262	AACCTATATACC	4			
mol02030	chrS1	8503	GATTATGGGTTT	1			
mol02562	chrS2	1752	TCAGAATAAGTA	5			
mol05392	chrS1	8104	CACGCCCAGTAC	5			
mol04592	chrS2	3003	CTCTATGTCATC	3			
mol01325	chrS1	17931	GTCAGGGTAGCA	4			
mol04522	chrS2	9863	GTGGCCCGTACA	6			
mol05198	chrS2	9101	GTTGCTAGATGT	2			
mol05579	chrS2	6384	ATCCTTCCTTTA	1			
mol04255	chrS1	9780	TTGAAATACTCG	6			
mol05504	chrS2	15794	ATACCACTGAGA	4			
mol05517	chrS1	1020	ATATCAGCACGC	4			
mol02608	chrS2	3535	TTCCCTAGCCGT	1			
mol00334	chrS1	16083	GATATCGCGACG	3	P168	a	diverse
mol03001	chrS1	6603	ACTATGGGACCA	4			
mol01430	chrS1	4274	CCGAAGGATGAA	2			
mol01593	chrS2	3412	CTACGTATCATT	1			
mol02363	chrS1	1548	GTTGGTCGGTAT	3			
mol03677	chrS1	12638	TTCCGGCCTCGG	2			
mol04681	chrS1	16366	GTCGTATAATAG	2			
mol05624	chrS2	11065	TCTTGAAACAGA	2			
mol05614	chrS1	2392	TGCTAATGATCC	1			
mol01493	chrS2	6335	AGTACCCTCTCC	1			
mol00449	chrS1	18317	CGCTCAGCGGGG	4	P225	b	diverse
mol02993	chrS1	16696	CGGGTACTTTGT	4			
mol01901	chrS1	14735	ATCAAGTTTCCC	2			
mol03359	chrS1	16907	TAATCATAGGTC	4			
mol04730	chrS2	566	CCGGAGTAGCAG	1			
mol05743	chrS1	16291	TCCTGCGGCTCG	2			
mol01870	chrS1	2984	AATCCGGAGTCC	1			
mol04219	chrS1	19667	CGGTGTAGATGC	1			
mol01293	chrS1	16421	CCCTGATGTAGT	4			
mol01883	chrS1	14479	CTCGAATTAGGG	5			
mol02455	chrS1	1998	GACCCTTATACG	3			
mol01410	chrS1	7760	CCAATTCTTTCT	1			
mol05377	chrS1	13123	CTCTGGCAATGT	1			
mol05023	chrS2	10492	TAGAAATCCATT	1			
mol05171	chrS1	6319	GGATCCAGGTTT	1			
mol03158	chrS2	9551	ATGAACTGCTCG	1			
mol04788	chrS2	1432	GCTCTCCAAATA	1			
mol00683	chrS2	14040	ATAGGCAACGTG	4			
mol05999	chrS2	17964	CCATTCGATGCG	1			
mol03438	chrS1	12527	CCGGGAGAACCG	5			
mol02580	chrS2	6243	TACATAGCAAAA	2			
mol02009	chrS1	7616	AAGGCAGCCTGT	5			
mol03606	chrS1	12601	AAGTGTATTCGC	3			
mol01146	chrS2	11617	AGTGGGACACAT	3			
mol01785	chrS1	17648	TCTATCGACTCA	2			
mol03943	chrS2	17330	TAGTCTACAGCT	3			
mol05772	chrS1	9028	AGCATCACCTAC	6			
mol05968	chrS2	11803	GTTACACAGATC	5			
mol03893	chrS1	7452	CTTGTCCACTCG	5			
mol01291	chrS2	5592	AAAAAGAAATCT	1			
mol02543	chrS1	19131	TGACTGACCCAG	6			
mol00946	chrS1	6821	TAACAATATCTG	1			
mol01151	chrS2	2986	GTGTTGTATCTG	6			
mol05070	chrS2	294	GGCTTGTTCTTA	1			
mol05501	chrS1	12976	GTGGATAGGTGT	2			
mol00751	chrS1	14846	AAACATGCTGTT	2			
mol01598	chrS2	8018	CTGTGGGATAGA	1			
mol03776	chrS2	3710	CTCATGAGGTAC	2			
mol02341	chrS2	5152	GCCATGTGTGCT	1			
mol01316	chrS1	1506	GGATGGTTGGCC	2			
mol02074	chrS1	1523	CATTAAGTCGGA	1			
mol04154	chrS1	4761	ATCTGAGCTACT	3			
mol04203	chrS2	15308	GGACGTAAGAAA	2			
mol01002	chrS1	318	GAAGTACCGTAG	1			
mol03637	chrS2	4406	TGTCCCTTACCT	2			
mol00029	chrS1	9710	CTACGCCATGGT	3	P015	b	hamming1
mol00584	chrS1	14672	GAAATCAAATTC	4	P293	a	diverse
mol04292	chrS2	14450	AGTGTCATACTG	5			
mol04433	chrS1	3799	TCTGCTGTTCCT	2			
mol01311	chrS1	14476	ACCAAACTGGGA	4			
mol04836	chrS2	1427	ATTCATCCGCTC	3			
mol04864	chrS2	5340	CTCGATATAGAT	3			
mol03949	chrS1	622	CGGATCTTGGAC	1			
mol00113	chrS2	522	TTTCATCTTTGT	3	P057	b	hamming1
mol01794	chrS1	12723	AACACGCTCAGT	2			
mol01368	chrS1	12106	ATACGACAAAGC	2			
mol05693	chrS2	10083	TGGGTTGACCGG	1			
mol03589	chrS2	12950	CCCCCGTCGGTT	2			
mol00865	chrS2	3287	AGGGAAACGCCT	1			
mol04878	chrS2	4143	TCAGTTGTGAAG	6			
mol05135	chrS1	1217	CGGTGATCGGGT	1			
mol01969	chrS2	8676	TAAGGAGAACTA	2			
mol01623	chrS2	15691	ATGAGACTTGAA	2			
mol01918	chrS2	8734	CTTACGCGGTCA	1			
mol01001	chrS1	16087	TGCCTGGATTTG	1			
mol01489	chrS2	8843	TAGAGCGCTATT	5			
mol02452	chrS1	18461	GCACCGGTATAC	2			
mol01682	chrS1	19167	ATAGCTCTGGAG	4			
mol04424	chrS2	17584	GTTTTTATGTGA	1			
mol05357	chrS2	3756	CTGTACCCCCCT	1			
mol04147	chrS1	16409	TCTCTCTTGTCC	3			
mol01269	chrS2	3800	GCTTAAGCTTAC	1			
mol01239	chrS1	19235	GCCATCAGCAGG	2			
mol00420	chrS2	11919	CATTATTCGTGG	4	P211	a	diverse
mol04848	chrS1	5456	CACATCAGCCCA	2			
mol05395	chrS2	18854	ACGCACATGATG	4			
mol03795	chrS2	3434	CCCAGTTAATTG	2			
mol05563	chrS2	6205	ATACGCCTGTAT	1			
mol05704	chrS2	13473	ATGCTGCCTGAG	1			
mol02240	chrS2	2341	ATAGATAATCAA	2			
mol05037	chrS2	10363	TCCCACATTGAC	2			
mol01068	chrS1	18428	GTGCACGACGCA	2			
mol01964	chrS1	13631	CACGTCTGACAT	3			
mol01596	chrS1	14293	GTAAGTACATAC	5			
mol04268	chrS1	576	CTCGAGTGCAGT	4			
mol03065	chrS2	1850	CACCCCTTGTTA	1			
mol01584	chrS2	3388	TCTAAAGCGGTA	3			
mol03635	chrS1	14264	GCTGAATCGGAG	6			
mol04490	chrS1	14851	CATGTGAGACCG	3			
mol01429	chrS2	1865	TTCGCACCTGGT	6			
mol03029	chrS2	9719	TTTCAAGGTCCG	2			
mol03099	chrS1	1207	TAGAGGGTCGTC	1			
mol00707	chrS2	8919	GTCTATTTACCG	5			
mol04233	chrS1	10319	AGATGTCAACCA	4			
mol03808	chrS1	2448	GCGCTTGATGTG	2			
mol05467	chrS1	18093	AGCGATAGTTAT	2			
mol04674	chrS1	5723	TTACCCAGCGGA	2			
mol00917	chrS2	14395	GGACATGGTAAC	1			
mol03757	chrS1	16641	TTCTCAGTTCGA	1			
mol04589	chrS1	937	AGGGGACGAGTA	5			
mol02505	chrS1	17839	GCGTGTATAGAG	2			
mol02526	chrS1	4910	ATAGTCGTACTG	8			
mol04260	chrS1	7371	TAGTGGATGTAG	1			
mol01478	chrS1	897	CGCAGGGAACCC	3			
mol03679	chrS1	4402	TGATGTCCACGA	4			
mol02678	chrS1	15624	CGGAACTCTAGT	1			
mol02524	chrS2	8193	CGGATTCGCTCG	1			
mol00893	chrS1	17063	CTCAAGGCATAC	1			
mol01135	chrS2	12982	CGGTGCAAACGG	2			
mol02124	chrS2	12085	ACCGGTAAGTCT	1			
mol00408	chrS1	10904	AAAAGGGATTTT	4	P205	a	diverse
mol00799	chrS1	6347	AGAATCTTACAG	2			
mol00583	chrS2	17295	CCCTTTACCAAC	3	P292	b	diverse
mol01635	chrS1	17219	CGGAAGACAGCC	2			
mol02522	chrS1	15949	CGCTTAGCCATA	3			
mol03374	chrS2	18136	TACGGTCCGACG	1			
mol04499	chrS1	12664	CCCGTAGCTCTA	2			
mol05231	chrS1	6468	AGGCGCCTTTGA	2			
mol04792	chrS2	10045	TATCCATGGTTA	4			
mol04764	chrS2	6051	ACCCGCTCGTCG	2			
mol02926	chrS2	15514	AGGTCCAGCTGA	1			
mol00318	chrS1	7220	AAGAAATCATTG	4	P160	a	diverse
mol03762	chrS1	2826	AGATTTTCTACT	5			
mol05807	chrS1	1459	TGCAAGAGTTAG	4			
mol02709	chrS1	10108	TGCGGTGATCGG	3			
mol03366	chrS1	14222	GAAGTGCAAGGC	4			
mol01551	chrS1	609	CCTTTAGTGTAA	5			
mol00257	chrS1	2711	GGGACGACTCAG	3	P129	b	hamming1
mol04814	chrS2	6182	TCCAGGTTTTAA	3			
mol01398	chrS1	9631	GAGCTTTTCAAA	1			
mol03416	chrS1	5515	CAGCCAATACTA	1			
mol01568	chrS1	11879	GCTGCAAGGGAT	4			
mol00132	chrS1	9626	CTCAAGGTGACT	4	P067	a	hamming1
mol04816	chrS1	12167	CGAGTTACCTTA	3			
mol05210	chrS2	17438	TGTTTGTGACGT	1			
mol04270	chrS1	16625	CCCTTACAACCA	2			
mol05832	chrS1	4548	CTCAATCAGAGC	5			
mol03805	chrS2	7421	CGAAGCGCCTGC	2			
mol04892	chrS1	1380	TACCGAATCGTC	4			
mol02756	chrS2	1042	TAGGCCTTAGGT	2			
mol05479	chrS1	9969	GCGCCCTGGTCG	2			
mol00727	chrS1	8753	ACAGCGCATTAG	1			
mol01874	chrS2	1419	TAAGAGACTTCG	1			
mol02065	chrS2	10382	CAACTAGCGGAA	2			
mol02306	chrS2	15748	ATAGCTACGTTT	1			
mol05766	chrS2	16935	GCGTCGTAAAGT	3			
mol03726	chrS1	6658	TCTGCTTCGCCT	1			
mol03571	chrS1	5889	TCTTCAGGCCAG	2			
mol01989	chrS2	4204	TTCCACCTGCGA	1			
mol05071	chrS2	15632	TCAGGATGTATT	3			
mol05730	chrS1	7466	CTGTTCGGTAAC	1			
mol00938	chrS2	8518	TTTTATTGAGTG	5			
mol03951	chrS1	10911	AGGGTATGAGAT	1			
mol00221	chrS1	8354	CTGTCGTTACCG	4	P111	b	hamming1
mol04372	chrS1	9415	CTGATCTATGTC	2			
mol01713	chrS1	14812	AGATAGCGATTC	1			
mol02005	chrS1	15463	TCTGGTATGGAA	1			
mol03880	chrS1	6406	ATCCCACGTTGG	3			
mol05073	chrS1	5031	GTTTGAAGTAGG	5			
mol05191	chrS2	8530	AAGAATTCGCCC	1			
mol03017	chrS2	12007	GAATAACCGGTT	4			
mol01015	chrS2	9292	TTTCTGTCTTGC	4			
mol01334	chrS2	6028	GCTTATGTCCAT	3			
mol03252	chrS2	16525	TATACCAAGCAG	1			
mol02966	chrS2	4596	TAAGTGATATCT	5			
mol05463	chrS2	4691	AGTACGACTCCG	1			
mol05111	chrS1	3518	CTTACAGATCAA	2			
mol05085	chrS1	7338	CTGATCGCAGTG	2			
mol02081	chrS1	3228	ACGCTGCCCTCT	1			
mol02110	chrS2	3280	CTTCGATAGGGT	3			
mol01714	chrS2	15560	ACGATACCACTA	2			
mol03707	chrS1	4761	ATATCTTACCCA	1			
mol05286	chrS2	9847	ATGTAGGGGGTA	2			
mol00674	chrS1	4711	CATTGTGCGGAC	1			
mol04518	chrS1	3565	CGAACGACCTGG	1			
mol03000	chrS2	18039	GTCTGGACTGAC	5			
mol05444	chrS2	2783	CCTTTTTGCCAA	1			
mol02883	chrS1	16768	TATTGGCGTGTT	2			
mol04858	chrS1	4079	CCCGGTGCAGCA	4			
mol02902	chrS2	15392	CACTGAACTTGA	4			
mol03094	chrS1	6164	ACGGGCTACCGG	2			
mol05176	chrS1	8551	TTATCGACTAGT	3			
mol03423	chrS2	6170	CTGCCTACAGTG	3			
mol03554	chrS2	8553	GGTAAACTATGG	4			
mol02088	chrS2	12350	TACGTAATGCCC	2			
mol02514	chrS2	3896	TTTAAAGATTAA	2			
mol03734	chrS2	9179	AGGAACAATCAC	4			
mol00197	chrS1	9551	CTATAGGGCAAC	4	P099	b	hamming1
mol04069	chrS2	2093	TCCAGTATAGAA	2			
mol01572	chrS2	2699	GATGGACGGACT	5			
mol05457	chrS1	13376	TATATTCATACA	1			
mol01343	chrS2	16589	GGCGCTAAGTCT	1			
mol00788	chrS2	13452	TCCTATATTTTG	6			
mol01431	chrS1	5233	TTGGTCCCTCTG	6			
mol05702	chrS2	541	TCAATCTACAGA	4			
mol05259	chrS1	10216	TCCTATGTGCAC	2			
mol05242	chrS2	16769	GGGAGCCAATCG	2			
mol01758	chrS1	15411	CAAGCGGCTTGT	2			
mol03940	chrS1	18925	TGTTCCTAGACG	1			
mol01418	chrS2	13588	AATGTGTATAGG	4			
mol05835	chrS1	14537	GTCTCTCCTTTC	1			
mol05224	chrS1	9484	TACTCGTTTAAG	4			
mol02803	chrS1	15118	CCTGCAAGCCAG	1			
mol03470	chrS2	13458	TGAAGTCTAACT	1			
mol05476	chrS2	7556	TGAAGATATTGG	1			
mol04938	chrS2	15131	AAGAAGACGCCT	1			
mol00252	chrS1	5935	GCCTAGGCGTGG	4	P127	a	hamming1
mol04974	chrS1	12596	GCGCATTCACAG	1			
mol02762	chrS1	3396	TGCGGAAAATTC	1			
mol05459	chrS1	4182	GTCCTGCATCCG	3			
mol04963	chrS1	2004	CCTGACGTGTGA	2			
mol01776	chrS2	13243	GTAACGTAGTGC	1			
mol02664	chrS2	1260	ACAGGCCTCCTT	4			
mol04374	chrS2	3469	ACGCAATAAATG	1			
mol05656	chrS1	16752	AAGGGTGCGAAC	6			
mol01553	chrS1	14618	TCTATCAAAGGT	5			
mol05337	chrS1	9778	GAACCCCCAGAT	6			
mol05304	chrS1	11581	CTCTCCATATGT	2			
mol03658	chrS2	285	ACATAACCATGG	1			
mol04923	chrS1	11800	GATCTGGCGTCC	8			
mol05871	chrS2	8677	TTTTTACAAGCC	2			
mol01069	chrS1	2594	GTGGCCGCAAGT	4			
mol00923	chrS2	2131	TGCTCGTTTCGC	6			
mol02368	chrS1	15764	GATTTGGGGCAC	1			
mol02396	chrS1	15396	GTCTGCTACATA	1			
mol00291	chrS1	10267	CTGAGAGATGTG	4	P146	b	hamming1
mol01595	chrS2	8870	TACCATATGACG	1			
mol05744	chrS1	18849	AACTGCGTCCAA	2			
mol02181	chrS2	4283	TCTCGGTTTTAT	4			
mol03618	chrS2	2856	GTAATAGCTCGA	1			
mol03605	chrS2	17619	TATACGTCGAAC	2			
mol03526	chrS2	11725	ACGCAACCACGG	1			
mol05346	chrS1	11075	CGACTTTCATAT	3			
mol04019	chrS2	8613	TAGTCTTTAGGC	1			
mol01533	chrS2	16151	GCTCGCCATATT	1			
mol00794	chrS2	17449	GCTGAGTAAACG	3			
mol01416	chrS2	9522	CAGGGTGCGGTA	1			
mol00741	chrS1	11533	AATTCTTCGGGG	8			
mol03311	chrS2	12456	CTGAGACTTCGT	1			
mol04609	chrS2	15940	AACTTCGCCAAT	1			
mol01906	chrS1	9498	ACGACACCCAGC	3			
mol05449	chrS2	12369	TTAGTATTTGGC	2			
mol05812	chrS2	12705	GAGATCGTCAGC	1			
mol03118	chrS1	639	TATTACACTATT	1			
mol05824	chrS2	17547	GACGAACAAAAC	2			
mol04776	chrS2	4246	TGCATAGAAGAC	3			
mol04970	chrS2	17421	TTATCAAAGTAG	1			
mol03071	chrS1	15376	CATCCAACATGG	5			
mol02607	chrS1	6525	ATGTCTATATAT	1			
mol02054	chrS2	10589	CGTGTTGGGCCT	5			
mol04675	chrS1	4543	GACAAAGCTGGT	1			
mol00244	chrS2	15343	GTGTATCACTGC	3	P123	a	hamming1
mol00766	chrS1	2492	CCCTGCACCTAA	5			
mol02423	chrS1	13545	GGTTAAGGACAC	3			
mol05101	chrS1	4250	ATAGGATGACCT	4			
mol04723	chrS2	388	CTAACATAGTAG	2			
mol00942	chrS2	6360	GAATACTGGCAA	8			
mol05774	chrS1	5685	TGAAAGCACAAG	3			
mol00567	chrS1	4031	TTGCCACACCAC	4	P284	b	diverse
mol04909	chrS2	16938	GGTAAAGTAAGC	5			
mol01482	chrS1	4619	GCAACATTGCGA	4			
mol01294	chrS2	18695	CCACCAACTATG	3			
mol00142	chrS1	18608	CTCCCGGGAAAA	3	P072	a	hamming1
mol05862	chrS2	2871	ATTAGCTCATAC	3			
mol05278	chrS2	2106	ATGTCTCAGCGC	2			
mol03011	chrS2	7020	GTCCGTGCCACC	2			
mol05530	chrS1	7323	ATCTCGAGGATC	1			
mol04326	chrS2	9555	CATTCTTGGAGA	4			
mol05569	chrS1	10500	TCACAAAGCACC	2			
mol03759	chrS2	16035	ATGCATCGCATT	4			
mol04366	chrS1	12896	ATATAAGTTGAC	4			
mol05769	chrS2	15299	CTATCGGGCTGC	5			
mol02254	chrS2	9431	GCCGCCTCAGAA	3			
mol00565	chrS1	7484	ACTCTTTGAAGT	4	P283	b	diverse
mol01607	chrS2	1065	CGTGGACGCCCC	1			
mol03184	chrS1	14213	CACGCTCGCTGT	5			
mol04091	chrS1	8778	AGTCCCTGCCCG	2			
mol03839	chrS2	17467	CTGTACCTAATT	3			
mol01913	chrS2	9644	CGATTTACAGGA	2			
mol02930	chrS1	2192	AGCCCTTCGTGC	3			
mol03825	chrS2	18635	AACTGCTAGTGG	4			
mol04931	chrS1	11116	GACGGGTTTTAC	4			
mol01677	chrS1	12290	GTATTCCAGGAC	5			
mol04443	chrS1	14351	CGCAGTTATTCA	1			
mol04475	chrS1	4741	GGCTATGTTCGC	5			
mol04928	chrS1	17514	CGGTTCGCACAG	5			
mol01755	chrS2	6373	CCAATTCCCCGA	2			
mol02804	chrS1	4482	CAGAACGTATTA	2			
mol03737	chrS2	9547	CCCAGCAGACGT	5			
mol02985	chrS1	15765	TACATCCTTGGC	6			
mol03963	chrS1	12636	CGGCAGCATACT	4			
mol04904	chrS2	11517	TGAGACACTTAC	1			
mol04812	chrS2	12657	TCAGCGGAGCGT	5			
mol00718	chrS1	5527	GCTTATACACCT	3			
mol05378	chrS1	5793	GGTAGCCGTGTG	3			
mol02326	chrS1	11604	AGAGGTGTGAGG	2			
mol03995	chrS1	4617	AAATAATCATGT	8			
mol03901	chrS2	14287	CCCTCGTCCCCC	5			
mol00211	chrS1	13409	AATCCTAGTGGG	3	P106	b	hamming1
mol05788	chrS1	19254	TAATGACGGGCC	3			
mol04237	chrS2	19671	CCAAGCCATCGG	3			
mol00163	chrS2	19012	GCTTTCTAACGA	3	P082	b	hamming1
mol05988	chrS1	2809	AAGACAAGAGAT	3			
mol00213	chrS2	1643	TCGACGAGTGGG	3	P107	b	hamming1
mol01466	chrS1	14836	TACAGAGGTAGT	1			
mol04280	chrS2	15624	ATTCCATCGTAG	3			
mol02095	chrS2	1946	GTTCCCCTGCCG	1			
mol03985	chrS1	7178	GTAGTGTCAGCG	4			
mol00978	chrS2	2230	GGACGGCTCTAG	2			
mol00524	chrS2	4401	ACCACGGAAGTA	3	P263	a	diverse
mol01130	chrS2	19166	TGGGACCCGGGG	1			
mol04830	chrS2	7416	GCGCTGCCTTAA	1			
mol03054	chrS2	13744	AACTGCGTGCGG	1			
mol00828	chrS1	11342	AACATGAGGCAG	3			
mol05685	chrS1	11334	GCGGAATTGCGT	4			
mol04480	chrS2	14320	GCTGCTAAGGTA	1			
mol00757	chrS1	7934	GCCAGCACAATC	1			
mol04008	chrS2	7886	GGGACCGGAGTC	3			
mol05322	chrS2	15177	AACTCGGTGAAT	1			
mol01962	chrS1	5502	ACTTCGTGGTCC	1			
mol01657	chrS1	1431	TAGAAAATCTGG	1			
mol01581	chrS2	6057	CTGGAAAAGGCA	4			
mol03334	chrS2	1139	ATTGGGAAGACC	2			
mol05896	chrS2	12666	AGCATTTGCCAT	2			
mol02947	chrS2	18376	TCACGAGGTGCA	1			
mol04721	chrS1	9880	CTCATTGTAAAA	2			
mol05257	chrS1	8517	CCTAGTCTTAAC	2			
mol05203	chrS1	9562	AGACGGCACTTC	1			
mol03843	chrS1	14057	GTTTGAATGCGC	1			
mol01988	chrS1	7454	CCGTTAGCACCA	3			
mol05405	chrS2	15508	GGTCCTGACGGA	2			
mol00566	chrS1	4031	CGGCGACTGTCC	4	P284	a	diverse
mol01087	chrS1	2907	GGGATCACTTGA	1			
mol05433	chrS2	11430	GATAATAGCGGA	1			
mol01330	chrS2	16062	TGAGATACTTCC	1			
mol00771	chrS2	9751	ATGATTCCCCCG	4			
mol00183	chrS1	8354	GTAAGAACCTGG	3	P092	b	hamming1
mol05655	chrS2	153	GCGCACTGAAAT	5			
mol04340	chrS2	15022	AATCGCTTAGAC	2			
mol05555	chrS2	19018	GGTACTGCGATT	3			
mol00219	chrS1	9179	CGTATGATGCTC	3	P110	b	hamming1
mol02384	chrS1	11358	GAACCTGCGACG	3			
mol03678	chrS1	8177	TGGATATTCAGG	2			
mol01456	chrS2	17608	TCCTTCCCGTAC	3			
mol05996	chrS1	12707	GTCTGCCTTTTA	5			
mol02304	chrS1	1018	CTAGACCGGAAT	1			
mol02898	chrS2	19284	ACGGTTCAATGT	4			
mol02156	chrS1	4594	GTAACAATTGTT	4			
mol02208	chrS1	17654	CAGAGTAGTAGT	3			
mol04491	chrS2	16657	GGAGTAGATTGC	4			
mol02330	chrS2	16767	AACCGACTTTTA	1			
mol00664	chrS1	7382	GGCATTGGAACG	2			
mol03292	chrS1	14144	CCTGTGTCAGGG	3			
mol04119	chrS2	2257	CAAAGTAGAAAA	2			
mol02530	chrS2	18678	CCTTATTCGCCT	2			
mol01511	chrS1	16439	CTGGAGAGTTGC	5			
mol00482	chrS1	408	AAGGTATCCAGC	3	P242	a	diverse
mol03371	chrS2	77	CTGTGCCAATAA	3			
mol04492	chrS2	3603	AGAAGGGCCGGG	3			
mol03987	chrS1	14447	AAGTGTCGTGCA	2			
mol05039	chrS2	12638	GACGGTATAGGT	6			
mol00209	chrS2	5347	CATTCGTCTCCC	4	P105	b	hamming1
mol02911	chrS2	14608	AGTAGATATTTC	1			
mol02072	chrS2	19668	AGCGAGATCAGA	1			
mol05266	chrS1	4557	AAAACACAGGGT	2			
mol00702	chrS2	9544	ATGATTGGGTAC	1			
mol00457	chrS2	11136	CTCCAAAAGCTG	3	P229	b	diverse
mol05487	chrS2	17550	ATAGTCCACCGT	1			
mol04336	chrS1	6145	CTTGAGTTATGG	3			
mol01163	chrS1	1264	ACGTAATGGAGT	3			
mol05182	chrS2	7631	TGCGAACGTTAC	3			
mol02418	chrS1	5992	ATGCGTTACGCA	4			
mol01999	chrS2	13391	ATAATCGGGATC	3			
mol02035	chrS1	10617	TAAAATAATAGC	5			
mol03242	chrS2	4397	AGCATTCCACCC	1			
mol05088	chrS2	1093	GACAGGAAGCCA	3			
mol02765	chrS1	8165	CGTAGACGCTGT	2			
mol05230	chrS1	1981	TATGTCGGAGCA	6			
mol00465	chrS1	4616	CACGAGGCGGGC	3	P233	b	diverse
mol03497	chrS2	7805	CTAGCACTTGCG	1			
mol01800	chrS1	3394	GATGCAGGCAGA	3			
mol04665	chrS2	18768	GATACTACATTT	2			
mol00421	chrS2	11919	CTGAATGGGATT	4	P211	b	diverse
mol00425	chrS2	8841	CGATTAACTAGC	3	P213	b	diverse
mol00020	chrS1	12294	TCGTCACAAGGT	4	P011	a	hamming1
mol02138	chrS2	2896	GGGCATTATACG	3			
mol01646	chrS2	19041	TACTAAGCGTCG	5			
mol02996	chrS2	11162	AAGTCGCAAGAA	1			
mol02424	chrS2	16503	TGTTTGTGAGAA	1			
mol03380	chrS2	552	TCCGAGGGAGGA	1			
mol00287	chrS1	17124	GGTCGAAAGCTC	4	P144	b	hamming1
mol00526	chrS1	6501	CTTTCGTGGCGG	4	P264	a	diverse
mol03792	chrS2	653	TCGTCGATCAGG	1			
mol02468	chrS2	13171	GAGCGCGATGGA	4			
mol02026	chrS1	14010	ATAGGCTGAGAG	2			
mol03973	chrS1	9771	ACGCAACGGATT	1			
mol05274	chrS1	16106	GAGTGAGCGCCC	1			
mol04141	chrS1	2127	TACTGGTGACGC	4			
mol01047	chrS1	14828	CCCGGGGGATGC	5			
mol00588	chrS1	8011	CCCGACTAACTC	4	P295	a	diverse
mol04978	chrS2	18901	GGGTTTTAATTA	1			
mol00779	chrS1	7900	GTGTCTGGGCTC	2			
mol04595	chrS2	13698	CGGGCAGTCTCG	5			
mol04388	chrS2	16730	CTTCCGGTCAAG	2			
mol00397	chrS2	11058	TCAGATACGCGC	3	P199	b	diverse
mol01700	chrS2	1187	AATACCAGATCA	4			
mol05059	chrS2	2038	GGCGGATTCATA	8			
mol01620	chrS2	783	ATCATCTGAGGT	4			
mol00892	chrS2	4905	CTGCTATATGGA	2			
mol01698	chrS2	13666	GTTTCACTAGTG	4			
mol00299	chrS2	3363	GTTCGATAAGCC	4	P150	b	hamming1
mol01902	chrS1	7699	GCCCCGGATGGT	4			
mol01140	chrS2	4468	TCGTATTCACAG	2			
mol01467	chrS2	5141	GTTTTCTCAGCG	2			
mol03520	chrS2	8931	CGCATTGCAGAA	1			
mol05013	chrS1	14629	CGTGTTAGGTAC	5			
mol05006	chrS1	6654	TCCCAGCTCCTC	1			
mol03904	chrS2	15340	TCTTCGATGTCT	4			
mol05510	chrS2	8545	TACATGGTGAAT	3			
mol02115	chrS1	16507	GAGAGGAAATTA	2			
mol04128	chrS2	8233	TTATGACCGACC	2			
mol05775	chrS2	794	CCTTTTTCGCGC	4			
mol02839	chrS2	9424	TCCAAACTCCCT	3			
mol03481	chrS2	6662	CCCCCCAAATCC	1			
mol00817	chrS2	628	GCAAGCGACCAT	3			
mol05763	chrS2	18663	GTCTGCTTCAAT	1			
mol04512	chrS2	14960	CTACTATCTATC	1			
mol04506	chrS1	17442	AGTTATGTCCTA	1			
mol02551	chrS2	13768	GCGCGATGATTG	4			
mol03088	chrS1	13222	TGTCAGGGGGAC	5			
mol00657	chrS2	7180	GTCTACAGGGGT	3			
mol00914	chrS2	3603	CGACTGCCGGTT	4			
mol01676	chrS2	4075	AAAATGTGATTG	3			
mol03852	chrS1	4582	GAGCAGAACGAG	4			
mol00076	chrS2	8884	GAATGGACAGCG	3	P039	a	hamming1
mol01271	chrS1	17335	CAGGAGTCGTTC	6			
mol01402	chrS1	19476	GTTTTGGAGGCT	2			
mol02846	chrS2	9045	AAAAGCATTGTA	3			
mol04571	chrS2	4651	CTGCTCCGGAAT	2			
mol05682	chrS1	2849	CTGACATGCGCG	2			
mol05747	chrS1	1158	CTTGGGTCATGG	2			
mol01815	chrS2	316	CTGACGAAGCTA	3			
mol02288	chrS1	11039	GGGGTCATGTTG	1			
mol04898	chrS1	11617	CATAAAAGGCAG	6			
mol02071	chrS2	4418	GCATCTCCGCCT	4			
mol02785	chrS1	17194	AGAGGGTAGGGG	3			
mol04558	chrS2	6809	CAAAAGTCATAC	3			
mol00650	chrS2	4100	AAGAAGAGTTCC	4			
mol03799	chrS1	7417	ACACGACAGCAA	4			
mol00922	chrS1	5207	CTTGGAGGGGCG	2			
mol02317	chrS1	37	AAAACGGATTGA	1			
mol02454	chrS2	5578	AGATCCGCAACC	3			
mol04671	chrS1	18119	CTCTTGTTAAAT	2			
mol04467	chrS1	16414	GTAGTGGATCGT	1			
mol01133	chrS1	7805	AATGAGGTCTCG	5			
mol04939	chrS1	5439	GGCAGTTGTCAG	6			
mol03473	chrS1	6296	GCACATATAGGG	4			
mol01305	chrS2	1784	CAGCTGGCATAC	1			
mol05732	chrS1	423	GAAGCGTCTCTG	1			
mol04146	chrS2	13943	ATGCTGTCAACG	3			
mol01413	chrS2	1477	CCGTCGCGACCC	1			
mol04298	chrS1	9047	CAGGTAGCGGGA	6			
mol05834	chrS1	309	CAAGGGGTAAAC	1			
mol00134	chrS2	10111	TTTATTACCGGT	4	P068	a	hamming1
mol01916	chrS2	11289	CTGTTGAGCGCC	3			
mol00329	chrS2	15812	GCTGCGTGATCG	4	P165	b	diverse
mol02136	chrS1	3828	CCTCCCGATCGG	4			
mol05662	chrS1	14478	GAACGACTGTTT	1			
mol00957	chrS1	13541	TCTATTCATGAC	2			
mol05411	chrS2	16555	ATGCATACTCAT	2			
mol01274	chrS2	13941	CCCGTTACTTCT	2			
mol02759	chrS2	7354	ACCACTTTTAGT	3			
mol05332	chrS2	12479	AGCCCAGACTGC	3			
mol04523	chrS2	17595	TGAGGAGTCACG	3			
mol03163	chrS1	1764	GCTACGGCTGAG	2			
mol04097	chrS2	6576	AACAGTCCGAAC	2			
mol00694	chrS2	10256	GTACAGCAGCCT	6			
mol04796	chrS1	54	CAGTACCTCAGG	1			
mol01034	chrS1	13954	GGACAGTTGCCC	4			
mol01875	chrS1	291	GACCTGTCGAGC	1			
mol02000	chrS2	5550	ACATCTGGAAAT	2			
mol04590	chrS1	17206	CATAACCATGCA	1			
mol03961	chrS1	15582	AACAAGAAGATA	3			
mol03150	chrS2	13523	TAGGAGTCGGTC	6			
mol00802	chrS1	4598	ACAGACGGTGCG	1			
mol02105	chrS1	13741	TTCTAATTAAAC	1			
mol05922	chrS1	9441	GGTGCAGCCCGC	1			
mol01866	chrS2	17986	AGCCGTGGTAGC	2			
mol02278	chrS1	8269	CCATTCGGACTT	3			
mol00238	chrS2	11388	TCCGTAACATTG	4	P120	a	hamming1
mol00843	chrS1	5518	GAGCATCACTCT	3			
mol03576	chrS2	2420	GGCCATACTGAA	2			
mol05864	chrS1	11880	GTAGGGATCTCT	6			
mol01891	chrS2	5169	AGCGAATTCAAT	4			
mol04104	chrS1	16839	GGAAAAAGCATG	3			
mol05267	chrS1	3059	TAGACGGGCCAT	3			
mol01110	chrS1	4605	TAACTAAGTGTT	2			
mol00620	chrS2	18463	CTATATAATCAC	2			
mol04605	chrS2	11528	GCCTTATCCTTC	8			
mol04153	chrS1	1037	ATTCTAACCCTT	4			
mol03364	chrS1	9505	CCTCCGGGGGGC	2			
mol02841	chrS1	4209	CTGTACTTGTGT	1			
mol02677	chrS1	469	TATAATCGGACA	4			
mol02203	chrS1	6303	CGCTCAGGTACA	4			
mol04654	chrS2	13303	TGTACAGGTTTA	1			
mol03333	chrS1	18863	TGGGTTGCTCAG	1			
mol00168	chrS1	9957	CCTGATAAGCAG	4	P085	a	hamming1
mol04572	chrS2	12822	CTGGGTAGCGAG	1			
mol03641	chrS1	15666	CGTTAGGCATCA	2			
mol00814	chrS2	6060	AGCAAGACTCGC	5			
mol05830	chrS1	8880	GCCTATGGAAGC	5			
mol01009	chrS2	5184	ACTCTTTAAACC	3			
mol02969	chrS2	3225	ACTCCTAGCTCG	1			
mol00987	chrS2	15001	GCCAACGCGTCT	4			
mol04145	chrS1	14374	TAAAAATTGAAC	1			
mol04345	chrS2	979	GTATACTATCTC	2			
mol03826	chrS1	6342	GTTTCGGCTCGG	5			
mol04007	chrS1	9202	TGGCGCTTCTTG	3			
mol03522	chrS1	7032	CGTACTTCGCAC	5			
mol05272	chrS2	5980	CGATGTTGGATG	2			
mol05800	chrS1	14018	CCGCTTCAGGAC	2			
mol01382	chrS2	7509	CAGTCCAATTGA	1			
mol01734	chrS1	9443	ATCGTAGCCTTT	4			
mol00440	chrS2	4309	CGCTAAACCCGC	4	P221	a	diverse
mol01867	chrS1	12625	AGATAGAGGGTA	4			
mol04396	chrS2	6205	GCTCCGTACGAT	3			
mol01576	chrS2	11474	TTAACGCTACAG	3			
mol00925	chrS1	2810	CGTCCATGGCAG	3			
mol00841	chrS1	4598	AATTTAGTCACC	1			
mol01207	chrS2	6245	AGGGGCTATCTC	6			
mol05724	chrS1	14167	CAACGATGCTCA	5			
mol04969	chrS1	1743	CAACTGCTTATG	6			
mol05211	chrS2	19788	TAGGTTCAAAAT	1			
mol00039	chrS1	2045	TGCAGGTTATTG	3	P020	b	hamming1
mol04563	chrS2	5721	ACCATATAACGT	1			
mol03246	chrS1	8622	GGGGCTGACATC	2			
mol05442	chrS1	6792	GTAAAGAGGACA	4			
mol00988	chrS1	8163	GATAGACAGGGG	2			
mol02584	chrS1	11619	CTGCGTCCTTTA	2			
mol04616	chrS1	1295	TATAAGGTAAGC	2			
mol02992	chrS2	10799	TTAGGGCAGACA	2			
mol04242	chrS2	12547	AACCTCTACTGC	3			
mol01165	chrS1	1568	CGTGACTGTAGC	3			
mol05938	chrS2	2507	GTGGCGCAGTTA	1			
mol01503	chrS2	13504	ACGCGGTGCAAC	6			
mol03348	chrS2	13045	GCCGGGAATAGT	3			
mol00972	chrS1	11453	AGCTTCGATCGT	1			
mol02388	chrS1	1761	GCAAAGTTAGCA	4			
mol01175	chrS1	14071	CAAGGATTGCCG	1			
mol05232	chrS2	12093	GCTCATTGATGA	3			
mol03360	chrS2	17238	ACTATGCTTTAC	5			
mol00735	chrS1	6557	CCGTTACCTCAA	4			
mol04574	chrS1	5076	AGCAAGTGACAA	5			
mol00977	chrS2	14965	CCACTGTCCCGA	1			
mol02266	chrS1	14805	TCGTGTGCTGGC	2			
mol02057	chrS2	6298	ACGCCGACGGGA	1			
mol03708	chrS1	18776	TTCGCATTGCCC	1			
mol02417	chrS1	8095	GGGGCGCTCGTG	5			
mol05687	chrS2	9466	ATGGTCTACCTC	5			
mol05177	chrS2	13328	ATGACCACGCAT	2			
mol00002	chrS1	11061	GTTACGAGAACA	3	P002	a	hamming1
mol03975	chrS1	1044	ATCTCAGCTGCA	5			
mol00324	chrS1	3145	GCATTGTTTAGG	4	P163	a	diverse
mol04828	chrS1	2483	GTTCCACGTATG	3			
mol02040	chrS1	2489	TTCAGTGAGATT	1			
mol05147	chrS2	7338	GAATAGTCCCAC	1			
mol03638	chrS1	16411	CACCTGGCTCCT	4			
mol00981	chrS2	3161	TTCATAGACGAT	2			
mol05291	chrS1	8330	TACCCGTACACT	1			
mol05036	chrS1	18967	CACGGGCTATTG	2			
mol03919	chrS2	3562	GTAGGCTAGCCA	1			
mol03928	chrS1	18218	TGGGAAGGGGAG	1			
mol05174	chrS2	1880	CTGGGGCGGCTT	1			
mol02591	chrS2	17114	AGACAACAGAGA	3			
mol00237	chrS2	3026	CGAGGAGCTTGG	3	P119	b	hamming1
mol02951	chrS1	9303	GATCCATGCCAG	1			
mol00590	chrS1	16185	CGTCTAATCCCT	3	P296	a	diverse
mol04386	chrS1	13407	GATTTGCACTGA	1			
mol05735	chrS2	4036	ATTTATCCACGG	2			
mol01358	chrS1	10573	GATCCGGACTAC	1			
mol00958	chrS1	15691	CTAAGTTGATGG	4			
mol05739	chrS1	8920	ATGACTGTGGCT	2			
mol01191	chrS1	7096	GGTCGACGACAG	4			
mol00658	chrS2	2859	ACCTGGTTCCCA	3			
mol05674	chrS2	120	TTCGTAACCTGC	4			
mol00443	chrS2	3998	AGTAGTAATTCC	4	P222	b	diverse
mol03704	chrS1	17303	TCAAGATGCATT	6			
mol02809	chrS2	6405	TACGACCTTCAT	3			
mol03161	chrS1	7101	ATCAGAGGATGA	1			
mol05994	chrS2	14817	CTATAACCGCAG	1			
mol02825	chrS2	12500	AGAAACGGTCAA	3			
mol00017	chrS2	15900	ACGGTCGGAGTT	3	P009	b	hamming1
mol04143	chrS1	7726	GCAGTAGCGTCA	1			
mol03255	chrS2	383	ATGAGGCTTTTC	2			
mol03412	chrS1	15881	CGTGGCGGACTC	6			
mol01460	chrS1	510	CAATGGGGCCAG	2			
mol02687	chrS2	245	TCCCGCAGTGTT	3			
mol01807	chrS1	14976	ATAGTTGGGCGT	6			
mol03950	chrS2	18648	TGCTGTAAGGTA	1			
mol00578	chrS1	3502	CTTGACCAGTTT	3	P290	a	diverse
mol00839	chrS2	10876	AAATTCCAAAAT	2			
mol04095	chrS1	18799	ACGTTGAGAGCT	2			
mol02437	chrS2	6857	CGGTAGCCACCG	1			
mol02894	chrS2	4203	TGACGTCGCTAA	3			
mol03419	chrS1	19058	GCCCCGTGTATT	4			
mol04212	chrS2	10324	CCTGTCATCCGG	3			
mol02612	chrS1	14989	TAGAAAATTAGC	8			
mol05597	chrS2	8494	AGAGATGTGCCT	3			
mol02961	chrS1	15892	TTGTCACTGCAT	8			
mol01256	chrS2	1939	GCGCACCATTGA	1			
mol00546	chrS2	18677	TTATCCTATTCG	3	P274	a	diverse
mol00662	chrS2	3160	TGCGGGGCGTCG	3			
mol03476	chrS1	15139	CATGTTCTTGTC	3			
mol04842	chrS1	5662	CAGCGGCCTAGG	4			
mol04497	chrS1	7177	CGCTAGCCCTTG	4			
mol05733	chrS1	15076	CGTTTAGGCTGA	1			
mol04795	chrS1	5973	CGGATTTGCATG	1			
mol05801	chrS2	4413	GCATAAACTCAA	2			
mol00177	chrS2	17902	ACTTACCTTTAA	4	P089	b	hamming1
mol01710	chrS1	12690	AGATGGTGTAAA	1			
mol04094	chrS1	654	AGAATTTTCGCC	1			
mol05375	chrS2	19618	TGAGATATGCCG	1			
mol00708	chrS2	1811	TTACAGCCCCGG	4			
mol00316	chrS1	10478	GAAACCGCCGTG	3	P159	a	diverse
mol02394	chrS1	6450	TGCGATACACAC	8			
mol01819	chrS2	4601	AACGTGGGGATG	2			
mol05345	chrS1	11257	GGATTATCGAGT	3			
mol02568	chrS2	6724	CGGTCTCACCAC	3			
mol05447	chrS1	13153	TGGTGCATCCCG	1			
mol01077	chrS1	738	TCGCTGGCCAAG	8			
mol01267	chrS1	3669	ATTTATGTCTCG	8			
mol00147	chrS1	3467	TGTGAAACCGTA	4	P074	b	hamming1
mol02180	chrS1	14874	TATGATTCTCCT	2			
mol05090	chrS2	1074	AAGTGTAGAGTG	1			
mol05529	chrS1	14105	TGGTGAGTTAAT	2			
mol04849	chrS1	8953	TCCTCGCGGACA	3			
mol05393	chrS1	15267	GACCGGCTTTTA	6			
mol00159	chrS2	3480	GGAGGAGACTTC	3	P080	b	hamming1
mol04173	chrS1	14351	CCGTTGCAGCGC	3			
mol04557	chrS1	19082	CTTCATTGACAA	1			
mol00305	chrS1	5147	AGACCTCTTTTT	4	P153	b	diverse
mol00556	chrS1	18223	CAATACTACCGA	3	P279	a	diverse
mol05598	chrS1	13978	AGGGTGTTCCCA	3			
mol04940	chrS2	1800	CCGCCGGCGCAG	2			
mol01079	chrS1	19292	ACCAGATGAACA	3			
mol00537	chrS1	16524	CAGAGTTCCCAC	4	P269	b	diverse
mol03524	chrS1	14512	CATGAGTTTAGG	2			
mol04414	chrS2	10813	CGCCTGATAATC	4			
mol05891	chrS1	357	CGAGTTAAACAC	5			
mol00514	chrS1	13565	AGATACTTCGAC	4	P258	a	diverse
mol04140	chrS2	13264	TCAACAGGACCA	1			
mol03648	chrS2	8678	TTGCAAAGGTTG	4			
mol03662	chrS2	3342	AAACAGCAACGT	5			
mol02767	chrS1	11462	TGAGCGTGCCCA	1			
mol03491	chrS2	2637	GAGTCCGTACAT	5			
mol04231	chrS2	9032	GTATTGACCCTA	6			
mol01085	chrS1	13202	CGGATGGTGGCG	2			
mol02703	chrS2	6894	TCTCGCTGCTAT	4			
mol05780	chrS1	10763	TCAACCAACTTG	1			
mol03390	chrS2	18936	ACAAGTTTCTCA	3			
mol00201	chrS2	13980	ATGATACAAATG	4	P101	b	hamming1
mol03682	chrS2	4901	AGACTGCGCACA	2			
mol01684	chrS2	1048	CAGTGACTGGCT	1			
mol03654	chrS1	6153	AATTTAGCCCGA	2			
mol05632	chrS1	10494	CCTACAGTCTAC	1			
mol03188	chrS2	14720	CGCAGTATAGTA	1			
mol05404	chrS1	12725	TGGAGTTGAACT	3			
mol05694	chrS1	9132	CTCGCGAGTTGA	3			
mol01608	chrS1	5301	CGTCTACTTTAG	6			
mol03396	chrS1	10378	ATATCTGACTTA	1			
mol01141	chrS1	12702	GTGTCGTCGGTG	1			
mol02870	chrS1	34	TAGAAATCATCT	2			
mol04059	chrS2	13557	AGCTGCCTCCAT	3			
mol00640	chrS2	12501	TGCTAGAGCGTG	4			
mol02731	chrS2	6942	TGTGGCTGCTCA	3			
mol04142	chrS1	12529	AAAGACACTCCA	3			
mol04741	chrS2	2051	TACGACCCAGTG	8			
mol01051	chrS1	1231	GAGCGATGACAA	5			
mol04798	chrS2	2224	CGTAGCAATGCG	6			
mol05665	chrS1	8116	CGGCGTTCTGCT	1			
mol00166	chrS2	14421	GACACCGGTGCA	4	P084	a	hamming1
mol03308	chrS2	15833	CCTGAAAACATT	1			
mol00518	chrS2	18296	AGGTCTTGGGAC	3	P260	a	diverse
mol04753	chrS2	3321	GAGTATGACGAA	1			
mol02509	chrS2	68	ATTTTGAGGAAT	6			
mol05873	chrS1	2987	TCCTCGTATCCG	1			
mol04966	chrS2	5656	TAAAAAGGTTGG	1			
mol00787	chrS1	10692	ATTACTACATCT	1			
mol00966	chrS1	2973	ACAACCTCCCAA	2			
mol00454	chrS1	19831	CCCGGCTCCGCA	3	P228	a	diverse
mol05669	chrS2	12548	CGGTTGATACCG	2			
mol00314	chrS2	10473	ATGTCAGACAAA	4	P158	a	diverse
mol00908	chrS1	16669	AGGTGGATGAAA	3			
mol03837	chrS1	462	ATAGCGACTGTG	3			
mol04028	chrS1	18947	AAAGACGAAATA	3			
mol03220	chrS2	3383	TTCGACCATGTG	5			
mol00015	chrS1	3843	ACCGCAGCAACA	4	P008	b	hamming1
mol01468	chrS1	5760	TAATCGGTCATA	2			
mol03082	chrS2	9217	TCTAATGCCAGA	1			
mol01439	chrS2	5873	TATGGCGTCGTC	1			
mol04918	chrS1	12792	GAGCATCTCGAT	2			
mol05781	chrS2	19794	CATATATGCAAC	3			
mol00495	chrS1	4593	GCTTTGGAGCCG	4	P248	b	diverse
mol03154	chrS2	8335	GGCTGCGTTACA	1			
mol01066	chrS2	7179	GGGTTTTTGGTC	5			
mol02716	chrS2	4697	TTGCTAGCTATA	1			
mol05880	chrS2	7128	CGCGGCTTCATT	4			
mol00560	chrS2	9151	TCGGTTTTTACC	4	P281	a	diverse
mol00103	chrS1	7678	CCCGAGAATCGA	4	P052	b	hamming1
mol05888	chrS2	19335	TTAAAGACTCCG	3			
mol05348	chrS1	6553	GTCTAATGTGGC	2			
mol02763	chrS1	18755	CTGCGAAACAGA	2			
mol04152	chrS1	1212	ATCTCTATCGCT	8			
mol05325	chrS2	12564	ATTAGTTATTCC	1			
mol03784	chrS1	10507	GTGTATCATTTT	3			
mol04267	chrS2	5530	CAAGATGAGTAC	1			
mol01072	chrS1	6646	TGGTACCTTTCT	1			
mol05761	chrS1	15169	CTGACCTGTTAA	6			
mol04155	chrS1	13040	ATCAGTGTCGGC	3			
mol01542	chrS1	10219	TTAGACATTGAA	4			
mol05717	chrS1	12408	TAAGGAGCTTAG	2			
mol04769	chrS2	8968	GGATCTGTCCCC	2			
mol03299	chrS2	6709	TGGTGACCATGC	2			
mol02837	chrS2	10274	TTCTTCTCAGCC	1			
mol05759	chrS1	11292	GCAGTTACCATA	1			
mol01147	chrS1	16075	ATACCACACTTA	5			
mol03697	chrS2	17955	AAAGTTGCACAT	1			
mol01197	chrS1	12680	GCGGGGGGGTTC	1			
mol05343	chrS1	12007	ATCATCTGGACT	4			
mol02860	chrS2	15823	TGGATCGGGAGA	2			
mol03275	chrS1	11774	GTGATTACCTTA	1			
mol02707	chrS2	19469	ATCTAACTAGTA	1			
mol03801	chrS2	13604	TAAACCCGCTAT	2			
mol01270	chrS2	5372	TATTTAACTGCT	5			
mol03933	chrS1	5077	AACAATCGGTTG	2			
mol00434	chrS1	394	CCGGGTACACAC	4	P218	a	diverse
mol01424	chrS2	15411	AGGTGTAAACGT	6			
mol05856	chrS1	1611	GCGCATAGATAC	8			
mol01562	chrS2	2395	CTTCATAAACTC	5			
mol02052	chrS2	1883	TCGTGACGAAAC	2			
mol01894	chrS1	8089	TGTCTTGATACG	2			
mol03296	chrS1	8675	AACGAACTTGTG	1			
mol04669	chrS2	8109	CCATGATTATGA	5			
mol03052	chrS1	18031	ACGGAAGTGGCT	1			
mol04209	chrS2	16038	TTGGGCGATAAA	2			
mol01067	chrS1	13377	GCGCACAGTCTA	6			
mol03474	chrS1	13793	CATCTTTATACG	8			
mol02848	chrS1	14670	GTCATACGTTAT	2			
mol01397	chrS1	12584	TCTGACAAGAGA	3			
mol02667	chrS2	4465	TTCTCAATGGAC	2			
mol04039	chrS2	5510	TCCGAACGATTT	3			
mol02546	chrS1	4682	GCAATTCACCAT	2			
mol05627	chrS1	2186	CCTGTCGCAGTG	8			
mol05874	chrS2	15828	CTGGCTTCCTGC	4			
mol05644	chrS1	167	CAGCCCTTTGCA	3			
mol01186	chrS1	7313	CCAATTACGCCT	1			
mol03432	chrS2	14252	CGTAAGCTAACC	2			
mol00813	chrS2	6940	GTAGTTCCACCG	4			
mol04226	chrS1	12699	TAAATCATAGTC	3			
mol03870	chrS1	5241	TTACCTTCGTAC	1			
mol03761	chrS2	11044	CGACTGTGGAGT	1			
mol03693	chrS1	5713	ACGTAGCTAGTC	1			
mol00273	chrS2	5420	CCTTTGCAGAAT	4	P137	b	hamming1
mol05847	chrS2	10743	ACAACTATAGGT	2			
mol03293	chrS2	4512	GATTCCTCTAAG	2			
mol00975	chrS1	4384	GTAGGGCGGCCC	1			
mol03060	chrS2	4936	GTACCAGAGGAA	1			
mol02206	chrS2	18501	TTCGGGGATCAG	2			
mol02774	chrS2	938	TTCTGTACCACT	3			
mol00602	chrS2	10215	TCTGCGTGAACC	6			
mol05895	chrS1	7158	TACCGGTCGCGC	1			
mol04505	chrS1	2581	GCGTAATATTCG	3			
mol05290	chrS1	15310	GGGTTAGCTATC	3			
mol05336	chrS1	12686	GGCGACACGGGG	2			
mol01578	chrS1	11258	AATTCTCTACAG	3			
mol00097	chrS2	17625	TGTCATGATGTT	4	P049	b	hamming1
mol03124	chrS1	962	AGTAGCTAGAAC	1			
mol02402	chrS1	9768	GAGTTGCTATCA	1			
mol03550	chrS2	1654	GACCGCACCTTG	3			
mol00216	chrS2	18165	TGCCTTTGTTCG	4	P109	a	hamming1
mol02818	chrS1	11520	TGAAAATGCTCA	1			
mol01006	chrS2	15072	GTTTGTGTTGCC	2			
mol02640	chrS2	16050	TTATGTTCACAG	1			
mol01975	chrS1	13516	TATAAGACTATA	1			
mol01083	chrS2	10976	AAAGGAGAGAAG	1			
mol03133	chrS2	11699	GTTATTGGAGGG	2			
mol05500	chrS1	5815	GTTTCTCGGGTC	3			
mol01136	chrS1	8996	ACCAGCAGGTAA	5			
mol03539	chrS2	14537	AACACTCTCTGG	2			
mol03362	chrS2	13965	CGAACTTATAAC	2			
mol05956	chrS2	12627	GTGCGGAAGTAG	2			
mol02978	chrS1	3568	CACGGCTTGAAC	5			
mol04995	chrS2	3076	TACTCATTAATA	3			
mol01692	chrS2	17034	ACGAGATCCGAC	2			
mol03122	chrS2	19621	GACTTCAGCAAT	2			
mol03006	chrS1	3122	TCCGTAACAGCA	1			
mol05524	chrS2	12279	TAACTACATCAA	2			
mol05957	chrS1	7163	ATACGCACACTC	3			
mol03378	chrS1	3237	CCCAGCAGTCCC	3			
mol03460	chrS1	12342	CCCCATCCTCAG	3			
mol03806	chrS1	10653	TATGCCTCCACA	1			
mol02046	chrS1	6229	GGATATTAACTT	1			
mol03523	chrS2	7450	ATCATCGGTCAG	3			
mol01926	chrS2	8018	AGCGTCTACGGT	2			
mol04570	chrS2	15438	CGATATTGCCCC	3			
mol00540	chrS1	16792	TTGATGCTTTAC	4	P271	a	diverse
mol03459	chrS1	11382	ATATCAAAGTCC	5			
mol02444	chrS1	17054	CAAACAACCCAC	3			
mol02827	chrS2	5624	CATGTGGCGGAA	6			
mol03265	chrS2	9562	GTCGAGGGCTCT	3			
mol01738	chrS1	6617	CTGAAACGTCGA	2			
mol00109	chrS2	8432	CCTCTCATCAAT	4	P055	b	hamming1
mol03490	chrS2	1732	ACAACTCAAAAG	5			
mol01341	chrS1	3534	GGAGACACCGGA	1			
mol02348	chrS2	4380	TTCAATTTAAGG	3			
mol01538	chrS2	14468	CAAGGAATAGCT	5			
mol04170	chrS2	17068	CGTCGCAAGTCA	3			
mol03769	chrS1	11896	GATCTTCGATTA	1			
mol03644	chrS2	6123	ATGCCATGGCGT	1			
mol03717	chrS1	13284	AATGGCGTCAGG	3			
mol03998	chrS2	14319	GGCACATAAAGA	2			
mol00473	chrS2	6079	CGAGTTTTGTAC	3	P237	b	diverse
mol00603	chrS2	18621	TAGTGTCAAAAA	1			
mol04337	chrS1	11766	TTGTCGCTGTCC	2			
mol00911	chrS2	6936	ATATCGTCGACG	2			
mol03260	chrS1	6346	TTTCAGTGCACG	1			
mol02055	chrS1	10073	ATGCCAATTTGT	1			
mol00682	chrS1	18743	CTCGGACGGCAT	1			
mol01938	chrS2	3395	ACTGTAGAGGAG	3			
mol02766	chrS2	16390	TGCTGGCGATGG	1			
mol04026	chrS2	2389	GCTCCTAGTGGC	1			
mol01683	chrS1	2609	AAGATGATAAGT	2			
mol03878	chrS2	6712	CTCCACAACCGA	1			
mol05619	chrS1	14928	TGACTATTTTTT	3			
mol05489	chrS1	2745	CCAAACGGTAAT	4			
mol01744	chrS1	18990	CGGTGGTACTTC	5			
mol01259	chrS1	434	GTATTAGGTATT	4			
mol04465	chrS1	19042	GCGCCATTGTAC	2			
mol04061	chrS1	16485	TCGGGCGACACC	3			
mol05307	chrS1	17444	ATGACGGTCCCC	1			
mol04049	chrS2	3222	GGCTGGGGGGTA	3			
mol01522	chrS1	2515	GGGAATTTGCCC	1			
mol05773	chrS2	19637	CCCCCTAACCTT	1			
mol02393	chrS1	3854	AATAAGTATCGA	3			
mol04961	chrS1	8719	AGGACCTCGTAT	1			
mol00665	chrS2	17760	TTGCAATTCGTT	5			
mol04924	chrS2	18945	GGTAATCCTAGG	2			
mol04807	chrS2	10750	TGCCGACGGTAG	1			
mol01028	chrS2	426	GGTAAGATACGA	1			
mol02748	chrS2	8870	ACACCGTTGAAC	5			
mol04341	chrS2	15473	AACCTATGGAGG	2			
mol03241	chrS1	17365	CTGATTTGGGGA	1			
mol00569	chrS1	12663	CCAGAAAATCAT	3	P285	b	diverse
mol00030	chrS1	17798	CCCATCCAACAC	3	P016	a	hamming1
mol04699	chrS1	9514	AGTCATATTAGG	2			
mol05898	chrS2	17187	GGCAATACATCA	1			
mol05564	chrS1	329	CCTGATGTACCA	1			
mol00064	chrS2	14518	GACGCGTCTAGA	3	P033	a	hamming1
mol02381	chrS2	12913	GAGTTAGGGGGG	5			
mol02877	chrS2	553	GGGTGGGTTCGG	2			
mol01071	chrS1	4292	GAGATCACCGAT	1			
mol05584	chrS2	1997	GGACCCTAATTA	1			
mol03181	chrS2	15133	TACTTCGTCTAA	1			
mol04236	chrS2	4904	TATGAACAACTA	3			
mol02356	chrS2	16054	ATGGCAGATTTT	5			
mol04102	chrS2	7615	CACGGTCGACCA	1			
mol03630	chrS2	5867	GGTCCGGCCTCC	1			
mol03069	chrS1	1908	ATACCAAATAAC	1			
mol02420	chrS1	1230	ACTGTATCAATC	2			
mol02928	chrS2	17530	GAGAATTGGAAG	1			
mol00939	chrS1	5441	CTACTGCCTATT	4			
mol05592	chrS2	4640	CCGAGACGGGGG	2			
mol01061	chrS2	15321	CGTTCAACAGAC	3			
mol04658	chrS2	3484	TATTCGGTGGTC	4			
mol03394	chrS1	16234	CTGGGCCAGAGA	3			
mol02689	chrS2	5942	CCGCGGTAAAGC	4			
mol00913	chrS2	2761	TATCCATGGTCC	1			
mol01233	chrS2	4293	GCCAATGTTTCG	1			
mol03213	chrS2	19546	GAGGATCCAGCG	3			
mol03243	chrS1	1550	CTCCATATCTCG	1			
mol00129	chrS1	17553	GGGCTACTCTTA	3	P065	b	hamming1
mol04078	chrS2	2889	TTACGTATAGGG	1			
mol04627	chrS2	19542	ATGAGTCCACAA	1			
mol02515	chrS1	6772	ATTACTTAATTA	2			
mol04992	chrS2	8365	TTCGAGTATTCG	1			
mol05516	chrS1	19134	TTTCACCCCCCG	1			
mol00225	chrS2	15865	GTGTAGGGGCGA	3	P113	b	hamming1
mol01227	chrS1	9264	CCACATCGCCCG	5			
mol03725	chrS1	7305	CCCTTGATGCAC	1			
mol02099	chrS1	7704	ACTATGCAAATC	1			
mol02433	chrS1	2300	TACTTAGAGCCT	2			
mol05923	chrS1	13940	CTACGTTGCCCA	6			
mol03344	chrS2	6098	GCGCTGGCGCCG	4			
mol05239	chrS2	15465	TCTCTATATCGT	3			
mol04265	chrS1	11396	CGCCAACTCTGG	1			
mol04012	chrS2	9109	AACATGGAAGAA	3			
mol02565	chrS2	1236	TCTGCCCGTCCT	3			
mol04085	chrS2	5976	TCCAATCTTGTC	6			
mol05110	chrS2	4067	GCCGTAACAGAT	4			
mol03025	chrS2	5663	TTTTAGGTTCCG	1			
mol02773	chrS1	1958	AAAAATGATCGC	6			
mol03027	chrS2	6153	TGCGGGTTCGAC	4			
mol02733	chrS1	12342	CAACATTAGTAG	1			
mol01809	chrS2	12263	CTTATTGGCGGT	1			
mol05342	chrS2	9785	GAGGCTGGGAAC	1			
mol05243	chrS1	18111	TAACTTTACTTC	1			
mol01977	chrS2	370	GTCCTGTGCGGG	2			
mol01052	chrS1	1110	CGGCATGGCAGC	2			
mol05098	chrS1	5658	GCGCACTTAAAC	3			
mol05621	chrS2	5394	GCATTCGGGATC	5			
mol05596	chrS2	18290	AAGCGCCCGTAA	3			
mol02850	chrS2	2171	ACGCGCCGTGGC	1			
mol01279	chrS1	7718	TGGGTAAAGCTT	4			
mol02329	chrS1	1779	AAGTAGATTTAT	1			
mol00803	chrS2	5977	CTACAAGTTATG	3			
mol05133	chrS1	10444	CGTATACGTGAT	6			
mol00436	chrS1	9195	CTGACAGTGATA	4	P219	a	diverse
mol03597	chrS2	11640	GGACTCATTTCG	3			
mol02704	chrS1	11441	AATCAGGTAGAC	4			
mol02451	chrS1	5641	GGTTCAAGGGGA	3			
mol05977	chrS2	19555	GCAGTCCCGTTC	4			
mol04329	chrS1	245	TGATCCACAACT	5			
mol04516	chrS1	2945	CTGTGTTTTTCT	2			
mol01575	chrS1	6066	TAAAGTGATGAA	3			
mol04653	chrS2	690	GGGCTAAAGTTC	6			
mol03291	chrS1	125	CATGTATGTAGC	2			
mol02856	chrS2	17524	ACTACGTGAAGT	2			
mol02069	chrS1	5156	AGGTTTACCATA	2			
mol02888	chrS2	9307	GGCGGATTGGTA	8			
mol01290	chrS1	5257	AATTCAACGCCA	3			
mol00574	chrS1	7117	GTAGCGGTACAT	3	P288	a	diverse
mol01342	chrS2	10065	CTTACCTGGGTA	6			
mol04575	chrS2	925	CTGAATTTCCAC	1			
mol01602	chrS2	6787	CAGCTCGAGCCT	2			
mol04259	chrS2	11714	GCTGCAGGGCAT	1			
mol03170	chrS1	19659	AACACGATTGTT	4			
mol00063	chrS2	18812	CTAGTGCACCTA	3	P032	b	hamming1
mol00723	chrS2	3419	GCCCGTCGACAA	2			
mol00447	chrS1	14665	GCAGCGGATTGG	3	P224	b	diverse
mol05209	chrS1	6499	TATGACTCCATT	1			
mol01821	chrS2	18628	GATGCGACCCAT	1			
mol05782	chrS1	14338	TTGTAATCTCAT	1			
mol05908	chrS2	13003	TGTGCGTAACCT	2			
mol03401	chrS1	12580	CCGCTTATCCCA	2			
mol03218	chrS1	17116	GTTATAGGTCAG	3			
mol03409	chrS1	6844	CATCTTGGGTTC	1			
mol02212	chrS2	2062	CTCACTGACGTC	1			
mol03304	chrS2	12873	ACCTTTTAAATA	2			
mol00698	chrS1	5077	TTCTACTTGTCT	2			
mol03929	chrS2	10220	AACTGCCAATGA	5			
mol02185	chrS2	5839	ATTGTTTTAAGA	3			
mol04036	chrS2	8759	AACCAGGGGTCC	6			
mol00123	chrS2	12512	GGGTATGCGCGA	4	P062	b	hamming1
mol05122	chrS2	3251	TGGGAGTTATTT	4			
mol04165	chrS1	2197	TGCTGAAATATA	2			
mol03748	chrS2	7493	AACTTGGAATTA	6			
mol00593	chrS2	17232	TAGCTGCTACAC	3	P297	b	diverse
mol00671	chrS2	6007	TTGAATAATCTG	2			
mol04238	chrS1	11525	ACACTTTCTCCG	3			
mol03273	chrS2	19513	CGCTGCTGACGG	1			
mol04902	chrS2	12004	GCCGCACGTAGT	3			
mol04541	chrS1	15659	AGAGTGGTAGGG	2			
mol02548	chrS1	5159	TTAGCTATGTGT	2			
mol02957	chrS2	9827	GTGGGGAATTTC	3			
mol04585	chrS2	7426	AGTCGCCTCGAT	2			
mol02674	chrS2	6305	AATCCCCCCAGC	1			
mol04894	chrS1	17054	TTGGTCAATACT	1			
mol02311	chrS1	8118	GTAAAAAATGGC	8			
mol02097	chrS2	18531	CGGCTATATGAT	1			
mol04606	chrS1	4411	CGATAGCCGCAA	4			
mol02745	chrS1	18631	CTTGGAGATGCC	1			
mol00510	chrS1	6695	CCTCGGGCTACT	3	P256	a	diverse
mol02603	chrS2	1748	ACAAGGGGATAC	2			
mol04431	chrS1	6905	ACTGCGTAGGTT	2			
mol05270	chrS1	7290	TTTTCCCGAAAC	2			
mol00027	chrS1	10550	ATCCGGAAGACG	4	P014	b	hamming1
mol02910	chrS2	302	CCACCTCTTTTA	2			
mol03332	chrS2	3034	CCAGTACTGCGC	4			
mol04948	chrS2	6422	ACTGGTGGCCCG	4			
mol05920	chrS1	7800	AATCGATCCTCT	2			
mol02634	chrS2	1954	ATGACCCTTTGT	1			
mol01970	chrS1	8065	GAGAACCGTTGC	3			
mol00286	chrS1	17124	GGTTGAAAGCTC	3	P144	a	hamming1
mol03044	chrS1	14605	CGGATTGCCCTC	3			
mol05910	chrS1	7655	ATTACTAAATAC	3			
mol01621	chrS1	2632	GTCGATCTCGGC	1			
mol00074	chrS2	1595	AAACCGACTCGC	4	P038	a	hamming1
mol04655	chrS2	15	TCCGCGGAGGAA	2			
mol05556	chrS2	18549	TTATAAAACGGC	3			
mol04383	chrS1	12457	ACTTGGCACCGA	2			
mol04204	chrS1	1907	CTGGGGTTACGA	6			
mol02173	chrS2	1605	CCGGATTCACGA	2			
mol01919	chrS1	6628	GCTAGTTTCCAT	3			
mol04489	chrS2	6311	GGTGGTGACTTA	2			
mol02102	chrS1	13148	ACAAGACACTCC	2			
mol01046	chrS1	3118	TTATTAGCACAA	4			
mol05340	chrS1	222	GAGACGTTGAAT	3			
mol04495	chrS1	15648	CAAACCCCGAGC	1			
mol02651	chrS2	16175	AAGACAATTCGA	4			
mol04395	chrS1	2994	GAAGCTCCGGCC	1			
mol00889	chrS1	8104	TTCGCTCGCCAG	2			
mol04937	chrS2	12697	ATCCTTCCGGCA	3			
mol04501	chrS2	14441	TGTTCCGAAGCG	2			
mol04786	chrS2	6919	CAATTCCAGTCG	2			
mol01629	chrS1	16140	GATATATCAATC	6			
mol04325	chrS2	5974	TTTGTGCGTCAT	3			
mol01401	chrS2	8794	CCGCAGAACGGC	1			
mol00614	chrS1	17170	CCGTCGAGCATG	1			
mol03172	chrS2	12601	GAAAGGACCGGT	1			
mol04179	chrS2	5608	ATGCTGACACTC	6			
mol04398	chrS2	1137	AATGCCGGTCGT	4			
mol05248	chrS1	4019	GATCGTACCTGA	2			
mol04547	chrS2	0	TCGAACTGTCTC	6			
mol02890	chrS1	4727	GTTCCGACAGCC	1			
mol02061	chrS1	5131	ATATTATATTGA	2			
mol00458	chrS1	1210	CAGATCGGTCGC	4	P230	a	diverse
mol03198	chrS2	14991	CCGAGACCCGTT	2			
mol04525	chrS2	5299	AACGCGGCTAAT	1			
mol00066	chrS2	6643	TGCTTAGAAAGA	3	P034	a	hamming1
mol05429	chrS2	17080	CCGACGGTACAA	1			
mol03977	chrS2	9605	AAGGTTGACGCG	3			
mol05991	chrS1	592	CGGCACGCTCAC	3			
mol00931	chrS2	12747	CTTACGATGTCA	2			
mol05973	chrS2	5052	TACCTAAATGCA	3			
mol01797	chrS1	7136	GGGGATGAGACC	4			
mol01158	chrS1	13108	AAATGCCAATGC	6			
mol00885	chrS2	1540	TCCAGGCCCGCG	2			
mol03579	chrS1	8259	TTTTACAACAGG	1			
mol00927	chrS2	10753	ACGCCGGACTCG	2			
mol00359	chrS2	5888	CCTTTCTCTGAT	3	P180	b	diverse
mol05121	chrS1	13233	ATTACCAAGCCG	1			
mol01653	chrS2	12309	TTCGCCTGTCGG	1			
mol02810	chrS2	4304	GATCTGCAGCGA	3			
mol05162	chrS1	7670	GAGCGAAGGGTT	2			
mol03791	chrS1	3152	GCGTACGTATCT	2			
mol00631	chrS1	3695	CGCATCGTCGTA	2			
mol01720	chrS2	7843	CTCGTCTCCCGG	2			
mol05558	chrS2	18799	GACTGCTTGGAT	1			
mol01491	chrS1	17902	GAGATTGGAAAT	2			
mol05850	chrS1	12231	AAATTAGTTATT	5			
mol00760	chrS1	18625	AGAATTCTTTGG	2			
mol03236	chrS2	4378	GCCTTCCGGCAG	2			
mol05604	chrS2	18568	ATACACGGGGTC	3			
mol04684	chrS2	509	GTCTAGCCACAT	2			
mol03729	chrS2	17272	CGGGGATAGATA	1			
mol04932	chrS2	2725	ATCAGAAGGCAC	2			
mol01847	chrS1	86	ATAATAGTAAGG	1			
mol02975	chrS1	18243	TCGATCCAGCCC	1			
mol02798	chrS1	3785	CGTATCGGACCG	5			
mol03578	chrS2	2864	CTGTCCTCCTTT	2			
mol01441	chrS1	15459	AAACCTTTTGGG	1			
mol04306	chrS2	6917	GGATCTTCTGCC	1			
mol00679	chrS2	19695	GCCGGAGACTCC	3			
mol01470	chrS1	18754	TGTCAGATTAGG	1			
mol04882	chrS2	14186	GAACATTGGTCC	1			
mol05441	chrS2	14440	TTGTTAGTGTAA	3			
mol02990	chrS2	3095	TTTTCACCCTCA	8			
mol03607	chrS2	4596	CCGCTAAGAGCA	4			
mol02982	chrS2	19222	TCGGATATGGTC	1			
mol03353	chrS2	3435	GGAACGGAGTAC	1			
mol02218	chrS2	1615	CTGGACACAGAG	1			
mol05446	chrS2	1182	ATCAAGCGGCTC	1			
mol01730	chrS1	17602	GTCGTCCGGTTG	4			
mol03788	chrS2	5917	CCGGGGAATCCC	2			
mol01481	chrS2	19113	CAGAGTGTTTGT	4			
mol00069	chrS1	19478	TAGGGCTTGAGA	3	P035	b	hamming1
mol03823	chrS2	2915	GTTTGGCGTGCT	2			
mol05612	chrS2	10805	GGCAGCTGTTAG	5			
mol00628	chrS2	8430	GTCAGTGTACGA	2			
mol03407	chrS2	6109	CCTGCCTCCCAC	3			
mol00275	chrS2	16585	AGCTAACTAGAC	4	P138	b	hamming1
mol03863	chrS2	6707	GTGATTAACGCC	4			
mol00155	chrS1	7297	TGTTCTCATTCT	3	P078	b	hamming1
mol01782	chrS2	17195	GCTAGAGGGAAG	3			
mol02152	chrS1	17031	CACATAGTCCCG	2			
mol03477	chrS1	8085	GTTAAAATCCAC	5			
mol04013	chrS1	9822	TGCCCATGTCGT	2			
mol04185	chrS1	8272	GCTATTGCAAAC	3			
mol04771	chrS2	6472	TTACACGTCTAG	5			
mol03039	chrS1	1314	GCTGGATCCCGT	2			
mol05217	chrS1	18833	ACACTCCATCCC	1			
mol01792	chrS1	9565	TTGCTTTTACCC	2			
mol01569	chrS1	1328	GCATGGAGTTCC	5			
mol01104	chrS2	3363	TCTGCCCCATGC	1			
mol03636	chrS1	4453	ACTCCGCGAAGT	4			
mol04521	chrS1	13202	TTTTCGAACTTG	2			
mol03908	chrS2	13017	ACTAACAAATAA	2			
mol02998	chrS1	8142	TATAATAACAAG	2			
mol03283	chrS2	3320	TGCCCTGGGTCT	1			
mol00555	chrS1	18196	GATGGAGACCGA	3	P278	b	diverse
mol03895	chrS1	12325	CTTTGTGGGTTC	5			
mol02789	chrS2	15167	TGAAGCGACTCT	1			
mol03946	chrS2	7122	ATGACAGGCGTT	3			
mol03819	chrS2	15159	AGATGAATTCCG	1			
mol01554	chrS1	4220	CGTCAATCTCGC	1			
mol05708	chrS1	16192	CATGACTCACCG	1			
mol01947	chrS2	11013	TTAAGCCTTAGA	3			
mol00995	chrS1	4753	GTTTCAGGATCT	3			
mol00994	chrS2	5416	TGGTAACTCAAT	4			
mol05381	chrS1	14191	AACTTCTGAGAC	2			
mol00455	chrS1	19831	GCATCCAGTAAC	4	P228	b	diverse
mol01422	chrS2	14581	AGTGTCAGGACG	4			
mol01775	chrS1	6175	TTTCTTTGACTG	3			
mol05299	chrS2	12167	GGCAGACATGGT	1			
mol05876	chrS1	12461	TAAGCAGGAGAT	4			
mol03591	chrS2	1650	TTTATTCTGTCA	2			
mol02921	chrS2	10477	TCCTGTGCCACT	1			
mol05954	chrS2	9531	TGCTAAAACGCC	3			
mol05952	chrS1	15688	GGGGCTACCGTC	2			
mol03912	chrS1	10445	TCACCTGTCTCC	1			
mol01806	chrS2	15583	TAAACCAGTTGG	2			
mol02361	chrS2	5679	TTGGCCTCACGA	2			
mol00575	chrS1	7117	GCTTTGGCGGGT	3	P288	b	diverse
mol00638	chrS2	5019	GCCCCCAGCTTA	2			
mol03018	chrS2	13765	CGAAAATCTGGT	2			
mol05222	chrS2	5521	CCGAGTTATAGG	1			
mol05711	chrS1	6405	TCGGCCTGCGCA	1			
mol05577	chrS1	6850	TTACGGTCGAAG	1			
mol05677	chrS1	13764	CATAATCGACCG	1			
mol02834	chrS2	2408	GGCCCTTGACTC	3			
mol02414	chrS2	12149	GGCCCGTTGAAT	3			
mol05180	chrS1	2308	AACACGATAATA	1			
mol01719	chrS1	13813	TTTAGTCACAAG	2			
mol04827	chrS1	6895	TGCAAAGCTAAC	2			
mol02619	chrS1	11971	CTAGCTTATTAA	8			
mol01971	chrS2	16269	TTAGGAAGTGAG	3			
mol00606	chrS1	2064	GAGGCGAAAGCA	2			
mol04927	chrS2	12236	GGAGCAATCTGG	2			
mol02285	chrS2	18857	CTAGGTACCAGA	3			
mol00786	chrS1	16578	ACTGCGAACACG	3			
mol05415	chrS2	1288	GCGTGGTCGAGA	2			
mol04196	chrS1	8424	AAATATAAGCAG	1			
mol02521	chrS1	1951	CCCGTCGTTTAC	4			
mol03778	chrS1	15079	GCAGCCATAACA	2			
mol04124	chrS2	11793	CCGATTCGGAGT	2			
mol00182	chrS1	8354	GCAAGAACCTGG	3	P092	a	hamming1
mol02542	chrS2	11491	AGTCCAACCATT	1			
mol05044	chrS2	6189	TTCGGTCTCGTT	3			
mol00036	chrS1	18965	CATTTCCCTCCG	3	P019	a	hamming1
mol02247	chrS2	15723	GCTGATAGCTGG	2			
mol03267	chrS1	2731	CTCCTTAATGTC	1			
mol00607	chrS1	16371	AAAAAGACTTTA	1			
mol01777	chrS1	10029	AAACACAGCCTC	3			
mol04603	chrS1	16391	GGGCCACAGCCG	3			
mol05256	chrS1	18016	CTCGCACGGCCT	3			
mol00037	chrS1	18965	CATTTGCCTCCG	4	P019	b	hamming1
mol01980	chrS2	5984	AACAAGCCAGCC	1			
mol02232	chrS2	16749	GATGTGGAGCAC	1			
mol03068	chrS2	19650	CTACTGGCGATG	2			
mol01093	chrS2	19510	ACACGAATAGGG	2			
mol00973	chrS2	16640	CACGGTATGCCA	1			
mol02997	chrS1	1519	GGTTGGTCCTAC	3			
mol01652	chrS1	12858	GGCGCGATCTGC	1			
mol02698	chrS1	8859	AGTCCTAACCAA	3			
mol05985	chrS1	12584	GCCGCAGGATTT	1			
mol03613	chrS1	354	GATTACGGTCCA	1			
mol01408	chrS2	13806	CTCCCAGCTTTG	1			
mol03656	chrS2	2185	CATAAGTCACTG	2			
mol05959	chrS1	951	TTTGTAGTTGCC	4			
mol03916	chrS1	775	TCGACTTTGTTA	1			
mol05697	chrS1	4162	TGGTCACTATCG	1			
mol02829	chrS2	10861	TAGTCATCGAGG	4			
mol05083	chrS2	10636	CAGGGGGGTTAA	6			
mol00499	chrS1	17927	GCTCTTCGAAGT	4	P250	b	diverse
mol03160	chrS1	18392	GGTATTTTGATG	1			
mol02347	chrS1	6379	AGCCACGTAGAT	1			
mol04662	chrS1	8798	GAGTTTGTGAAT	2			
mol03918	chrS1	14068	GGAGAACATTTG	4			
mol04156	chrS1	14396	CCTTCATTCTAC	3			
mol05027	chrS2	14668	GTAGTTTGCTAC	1			
mol04551	chrS2	11271	TTATGGGCGTAT	1			
mol02252	chrS1	3778	GTTGTGCTGGGT	1			
mol04498	chrS1	17331	TTTCCTGAGAAG	6			
mol01961	chrS2	4375	CGCTTTGGGGGA	5			
mol04617	chrS1	4800	ATAACTCGAATC	1			
mol00272	chrS2	5420	CCTTTGCAGAGT	3	P137	a	hamming1
mol01128	chrS1	7071	CCAAAGATTCCG	3			
mol05466	chrS2	6634	CCAAGTGGAGTA	2			
mol00392	chrS2	3127	GTGTGAGCTTTA	3	P197	a	diverse
mol04186	chrS2	5990	AGAGGAGATAAT	1			
mol05951	chrS2	5351	GACGCATGATCG	2			
mol00570	chrS2	14442	TGGCCAACTATC	3	P286	a	diverse
mol01789	chrS1	12012	TGTTAGTAAGTA	2			
mol02093	chrS2	6024	GGGCGAGTACAC	4			
mol00439	chrS2	8401	ACCTAACCGGGG	3	P220	b	diverse
mol02289	chrS2	8482	CTAGACGGGTTT	2			
mol03258	chrS1	11113	CCGTGTCGATAC	6			
mol04202	chrS2	15182	CTGGGTTAGGCT	2			
mol01236	chrS2	9153	AAAGTTTCCTTA	4			
mol02267	chrS1	12009	TATGTAGCAAAT	1			
mol02760	chrS2	4680	CGCGGATTCGCT	1			
mol04845	chrS1	15142	GCCTTAATCACC	2			
mol02357	chrS1	6395	CTGGGCAGACCT	2			
mol00320	chrS1	9134	TAGACTACAAAA	3	P161	a	diverse
mol03106	chrS2	7829	CCTGTTGCTGAA	4			
mol03482	chrS1	5137	CATCGGCAGATG	5			
mol04377	chrS1	1847	TCGAGACTAAAA	1			
mol01814	chrS2	13742	TGCAGCCGATAC	5			
mol00011	chrS1	1786	GACGTTTTATCA	4	P006	b	hamming1
mol05498	chrS2	13261	GTCGGCCCGGGG	3			
mol04794	chrS2	5354	GTCTTAAGCTAA	1			
mol03573	chrS2	16484	GTAGGACGAGGT	2			
mol03777	chrS2	16645	CTCGGCGTGACC	5			
mol05363	chrS1	3846	GGACAGGGGTCC	3			
mol01601	chrS2	17722	CAAGTATCTTTC	3			
mol01905	chrS1	17344	AACTTATCAGTG	3			
mol02365	chrS2	11053	TTAACGAGCATG	1			
mol03959	chrS2	10455	TCGAAAGTTCAG	3			
mol01817	chrS2	8534	AGTCGAGAAGTT	3			
mol01796	chrS1	214	AGTGTCAAGTCT	1			
mol05016	chrS1	12468	GTATCTCCGTCG	3			
mol03925	chrS1	3021	CCCCAGATATAG	4			
mol04981	chrS1	2511	GTACTCTACAAA	3			
mol04720	chrS1	12920	GATCAGCAACCG	4			
mol01064	chrS1	12288	AAACGAGACCCC	1			
mol04707	chrS2	2925	CGACCAGTCCAT	3			
mol02724	chrS1	9952	AACCCGAATCCA	1			
mol01781	chrS2	1838	TTATAGTGACAG	3			
mol02025	chrS1	6124	TCGTTCCGATAG	2			
mol01559	chrS1	15624	ATGCGAGACATC	3			
mol04419	chrS2	18082	CCACTGCAGTAA	5			
mol04838	chrS2	12593	GTTACACCCTCC	2			
mol00859	chrS1	9875	GGCATGCTATTC	2			
mol05983	chrS1	7931	TCGGAAACGGGA	1			
mol04275	chrS2	11410	ATCTGTAAAAGC	1			
mol03109	chrS2	8090	CCAAGTCCCCTT	2			
mol04418	chrS1	1912	GTTTCTCAGCTG	4			
mol05611	chrS2	8899	TTCTACACTTGC	1			
mol04227	chrS1	2965	AAACAACCGGGT	1			
mol05151	chrS1	11382	TACGTATGCCCG	3			
mol05323	chrS1	1469	GAGAATTCGTTC	3			
mol04172	chrS2	11016	CTCTTCCATAAC	4			
mol01364	chrS1	12431	ACCACGTCAACG	2			
mol02838	chrS1	14399	AATTCGAAGGAT	1			
mol00557	chrS1	18223	GCTGTGATAAGA	4	P279	b	diverse
mol04429	chrS2	13630	TCGCTATCTGAA	2			
mol01301	chrS2	16153	CAGACGATTAGG	4			
mol01178	chrS2	8551	CCCCCCGACGCT	3			
mol02111	chrS2	16113	AAACACTATCCG	1			
mol02654	chrS2	2863	CCAGCTGTCGCA	1			
mol03686	chrS2	6218	TAAAACGGACGT	4			
mol02886	chrS2	1652	ATGAAGGGAAAC	1			
mol03608	chrS2	1020	TCCACTTTTCAC	6			
mol01550	chrS2	4554	AAGAGACATTTT	1			
mol01592	chrS2	5125	TGTCCGAGCAAT	4			
mol05131	chrS2	8423	TATCAAGATTTG	1			
mol01523	chrS2	12671	CTCTCAATGAAT	6			
mol03859	chrS1	7309	GTACACGATTTC	1			
mol05011	chrS1	2533	GAGAACATGGAT	1			
mol04642	chrS2	13855	CAGCGTTACCGG	3			
mol03671	chrS2	12799	AGAAAAGTTGAC	8			
mol02313	chrS2	2876	ATCCGCTTATGT	5			
mol00740	chrS1	13924	TTGAATAGACAT	1			
mol00705	chrS1	17954	TCATGTCTCGAC	4			
mol01302	chrS1	5096	GGGATAGCTTTA	1			
mol00834	chrS1	17182	CGTCATCCCCAA	3			
mol02835	chrS2	18776	TGGAGCATATCT	3			
mol02800	chrS1	344	ACTTAAGCTTAG	1			
mol04293	chrS2	6313	GCATTCACCCAC	3			
mol05987	chrS1	14581	TTTCCCGAACGG	2			
mol00747	chrS1	5766	AGCCATTGCTGA	1			
mol01726	chrS2	17195	CGGCAGGTCTTG	8			
mol05546	chrS1	8307	TACACTAGTCGT	3			
mol04790	chrS1	2989	AGTTTCAGGTAA	1			
mol02871	chrS1	16098	CATGCGTGTTGC	3			
mol01766	chrS1	7310	TTTATAATTATT	6			
mol04859	chrS1	17694	AGGTCTCAGCGT	2			
mol01759	chrS1	5423	TGTCTTGTTTAG	3			
mol03272	chrS2	8340	CTCGGTGTAAAA	6			
mol00625	chrS1	2035	AGCAACATGCGA	3			
mol04264	chrS1	12419	AACCTGCCATCC	5			
mol02100	chrS2	15758	CACACGGTGAGG	2			
mol02493	chrS1	3604	ATGGCCTTCAGC	2			
mol03268	chrS2	6093	AATATACTAGAA	2			
mol01923	chrS2	18766	GGGCACTTGACC	2			
mol03046	chrS2	17862	ATCGATTGGTCC	1			
mol05519	chrS2	6375	CAGCCGGTGCAG	5			
mol03303	chrS2	8738	AAAATCGATTAG	2			
mol04060	chrS2	16649	TCTCAGTAGATA	1			
mol00258	chrS1	4465	CGGATGTGACCG	3	P130	a	hamming1
mol04560	chrS2	9394	TACAGCCGCTTA	4			
mol00405	chrS1	14404	GTTCCGTACTTT	3	P203	b	diverse
mol05303	chrS1	3942	TGTATCGGCAAA	1			
mol00750	chrS2	8941	CATAGAAACCTG	2			
mol02632	chrS1	11983	AGACGCCACTCG	5			
mol04139	chrS2	18395	CCGAATGGCACA	1			
mol05053	chrS1	3364	TTCCATGGTAGA	2			
mol01464	chrS2	10532	CTGTAGGACCGT	4			
mol04400	chrS2	7030	GATCGCCCAAAT	3			
mol03864	chrS1	13052	TGGGCATCCACA	1			
mol01528	chrS2	6457	GATGAGATACTA	8			
mol02599	chrS1	9705	GACTCATTTCAG	3			
mol03239	chrS1	11327	TGCGTGACTTCA	5			
mol04815	chrS1	2225	CCGGTTGCCGTC	4			
mol00016	chrS2	15900	TCGGTCGGAGTT	3	P009	a	hamming1
mol03515	chrS2	16442	AGAGACCGCAGC	3			
mol01783	chrS2	10375	ATAGGCTGGAGG	3			
mol03898	chrS2	2857	CTAAGTTTCCAG	3			
mol02161	chrS1	10614	TCATCGTCCCCG	2			
mol02378	chrS2	801	AGTGAGTCCTGA	1			
mol00548	chrS2	10795	GACGCCTGGCTT	3	P275	a	diverse
mol01729	chrS2	13827	CGACCTTGACGG	4			
mol05778	chrS1	11306	ATGCGACGATGG	4			
mol04736	chrS2	19609	GGGACGTTGGCT	2			
mol01654	chrS1	15503	TCCGTTGCCCCC	4			
mol05060	chrS1	19052	AGCCTCGACTCT	3			
mol05192	chrS2	14474	TTCCTGTTGCGC	1			
mol00587	chrS1	10106	CAAGTGATAAAC	3	P294	b	diverse
mol03285	chrS1	10756	CGGGACCGCCTG	1			
mol05313	chrS2	3045	CGTAGCTACGTC	5			
mol05099	chrS2	12208	AGCGTCGATAGA	4			
mol01048	chrS1	4281	CCAGGTTCTCCG	1			
mol01185	chrS2	9856	AACAAAATGGTC	2			
mol05700	chrS1	3842	GGCGGGGGGCCT	5			
mol00808	chrS1	16919	TTCCTAAGTAGC	2			
mol05335	chrS2	7058	GGTGAGACTTCT	2			
mol02236	chrS2	15279	GGCTCTTGTATG	3			
mol00467	chrS1	12488	ATGACTTCGAAG	4	P234	b	diverse
mol05514	chrS1	16724	AACCTGTGGTTT	2			
mol02362	chrS1	16809	CGAACCCACTTG	3			
mol00356	chrS2	11380	TTTTCAGCAAAA	4	P179	a	diverse
mol04361	chrS2	7960	GTCATTAATATA	4			
mol04020	chrS2	2645	TTCATTGAAGGC	1			
mol03077	chrS2	8882	TTCTTGACGACA	3			
mol01074	chrS1	11462	ACTCAGAACTAT	3			
mol02486	chrS2	9299	GCGTGCTGGAGG	1			
mol04586	chrS1	12123	ATATGGTCCTTC	1			
mol05480	chrS1	4075	AGAGATCCCTGA	4			
mol00187	chrS1	2380	AACTATACAATG	4	P094	b	hamming1
mol02301	chrS2	6854	GGGCCGGATAAT	3			
mol00170	chrS2	10003	GGATTATCATGG	3	P086	a	hamming1
mol03617	chrS1	12630	GGATGGTGGCCC	1			
mol05695	chrS2	12563	CAAGAATACCGA	2			
mol02478	chrS2	11729	TGATGAGCTACG	3			
mol00595	chrS1	2600	GCTCTAGTATAG	4	P298	b	diverse
mol05096	chrS2	11455	TGTGGGCCCAGT	5			
mol02132	chrS2	11821	CATAGCACCAGG	2			
mol00941	chrS2	17790	TTACACTTGCTC	1			
mol04729	chrS1	8424	CCCATAAGCTTT	1			
mol01954	chrS1	9729	AGGCCATATATT	5			
mol04120	chrS2	16979	ATTCATGTCCTC	1			
mol02220	chrS2	17889	GCAAACGACGCG	1			
mol01885	chrS2	16065	GAGGGTAGGAAT	1			
mol00365	chrS1	11835	TGCGAACTCCAC	3	P183	b	diverse
mol02672	chrS2	4534	TGTGTTACTTTT	4			
mol05990	chrS2	18501	AAATGCGAACAT	1			
mol03203	chrS2	12946	TCTGATCACACA	5			
mol00762	chrS1	3843	CATTAGACCGCC	2			
mol04352	chrS2	12701	AAACCGAACGTG	3			
mol04840	chrS1	8606	GAGCATATACAC	1			
mol00598	chrS1	13582	TGAGTGGCTTTA	3	P300	a	diverse
mol00629	chrS2	10178	TCCCATCTAGGT	1			
mol02157	chrS1	12729	CAGCCAGGCAAG	2			
mol04984	chrS1	8600	GAGAGGGGCTTC	2			
mol01951	chrS2	9124	AATATGGAGATT	1			
mol04178	chrS2	10878	AGTCACGAGAAT	1			
mol04555	chrS2	2496	ATAGTAGCCTCA	4			
mol00152	chrS2	17651	GAGATGGCGCCA	3	P077	a	hamming1
mol05544	chrS2	9693	TAACTTTGACCC	3			
mol04706	chrS2	7248	CCGCCCTTCGAG	1			
mol05179	chrS2	995	GTGAAAATGGAT	1			
mol00028	chrS1	9710	CTACACCATGGT	3	P015	a	hamming1
mol03320	chrS2	711	TACAGCCTGTAT	3			
mol05271	chrS1	5768	ACGTGGCCTAGT	1			
mol05212	chrS1	11820	CAGGCATATCAA	3			
mol03534	chrS1	12932	CGTTAGTATCCT	3			
mol00630	chrS2	10935	TCGTGATCGAGC	1			
mol02541	chrS1	17365	ACAGCAATTGTG	2			
mol04410	chrS1	17858	CTTATGTGATTT	3			
mol03857	chrS1	12588	TATAAGGGCGAG	3			
mol04646	chrS2	9348	TTGTCTATATGT	8			
mol01972	chrS2	12479	CCATCGGCTGAA	1			
mol03159	chrS1	5118	GAGCGGATTAGC	2			
mol01434	chrS1	5540	GTTCTTGATGCA	1			
mol03383	chrS2	7421	ACACGGGTCAGA	2			
mol04647	chrS1	14015	TTTAATGGCATG	1			
mol00340	chrS1	13772	CCATCACCACAA	4	P171	a	diverse
mol02032	chrS1	10383	AGCGCGATTCAG	3			
mol05758	chrS2	12512	GGCACCCGCGCG	4			
mol04040	chrS2	16937	TATGCCTTAAGG	2			
mol00388	chrS1	14720	ACCTCTGGTGTA	4	P195	a	diverse
mol04133	chrS2	18017	TTTGGTAGGGAG	5			
mol03692	chrS2	1047	CTGCTAAGGCCT	6			
mol02470	chrS2	7303	CACTCCCCCAGA	1			
mol00489	chrS1	10353	CTAATGAGTTTA	3	P245	b	diverse
mol02561	chrS1	2812	GTAACCGTGCGG	3			
mol04576	chrS2	15080	GTCCGGTTCGTG	1			
mol04009	chrS2	12031	TTCCCCACTGTG	3			
mol05478	chrS2	8952	TGCGCGTTCCAG	3			
mol04545	chrS2	2316	CTGCACTCGCTT	2			
mol01678	chrS1	3554	TGGCATATCAAA	5			
mol01376	chrS2	16459	GCCCCGGAAAGT	2			
mol03319	chrS1	8798	TTCAAGCTAATG	3			
mol05149	chrS2	10234	CGATTACAGTTT	5			
mol04463	chrS1	6869	TCCAGGTCTGGA	2			
mol00362	chrS1	14017	CGACATACAAAG	4	P182	a	diverse
mol04543	chrS1	7958	TAGTCCCTGCGC	4			
mol03831	chrS1	18274	CATTGTGGTGTA	3			
mol04641	chrS2	18668	TATTGAGCAGTC	1			
mol02462	chrS1	5290	GCAAAACATCGA	1			
mol04246	chrS1	13020	AAAGATAATGCT	1			
mol04010	chrS2	8240	CTTCCGTGTACG	4			
mol05020	chrS2	5275	TGCACGAGATGT	1			
mol02286	chrS1	16292	AGCCCTCAGATT	1			
mol01946	chrS2	7840	CACTGAACATGC	2			
mol05061	chrS2	11301	ACCCGGTATGAT	8			
mol01010	chrS2	7663	GCCCGACAGGCC	3			
mol04874	chrS2	14385	CCACCTTGTACG	1			
mol02076	chrS2	10225	CACTGGGCCGGT	1			
mol01143	chrS2	18194	ATGGACCCACTA	1			
mol01628	chrS1	16031	AGAATCACCTCG	4			
mol02176	chrS2	8318	TAGCGGGATCAG	1			
mol01109	chrS1	1288	CCCCCACTCTGT	1			
mol00539	chrS1	9975	GACCTCTGAGAC	3	P270	b	diverse
mol01448	chrS2	14456	CTCACGAAGGTT	3			
mol05254	chrS2	2478	ACCCCGGTGACT	8			
mol02708	chrS2	6603	TCACCGAGACGA	2			
mol03811	chrS1	16600	TCCAATATTAAT	5			
mol02011	chrS2	13066	CTCTGTGCCTGC	1			
mol01555	chrS1	19403	GTTAGAGGGAGA	2			
mol03377	chrS1	13814	TCACAATATCTC	2			
mol05260	chrS1	829	TAGCGGCTGCGC	1			
mol05484	chrS2	17661	GAGAGACAACGA	3			
mol05902	chrS1	10810	ATCGTGAAATAG	6			
mol04439	chrS2	2258	TGTAAGGGTCTA	5			
mol05848	chrS1	1863	CATTATTAGTCA	2			
mol03706	chrS2	14892	ACGTGGTCGTCA	1			
mol00666	chrS2	3073	ATACCTTACTCC	2			
mol04813	chrS1	10427	CCTAGTCCGGTC	3			
mol03437	chrS2	17332	TTGCTAGGCTCT	5			
mol01405	chrS1	15491	GAACGGCTCTAT	3			
mol00838	chrS1	2620	AATAGTGGACCC	4			
mol03531	chrS2	12471	ACAAATACCGAC	5			
mol03598	chrS1	1343	TCCAAAGCATTT	2			
mol03521	chrS2	10119	TGGGCCTCCTAG	2			
mol00869	chrS2	3174	GTGCATTAAGTA	3			
mol02015	chrS2	915	CCCGGGAGGCTT	1			
mol01312	chrS1	802	AATAACTCCTCG	8			
mol02658	chrS1	13509	TTGGCGGATCTA	2			
mol04703	chrS1	15916	TGCAAAAGTTGA	1			
mol01631	chrS2	5468	TGCAATCTAGGA	5			
mol03727	chrS1	19785	GACCCCTGCTGG	1			
mol02104	chrS1	4674	CCCGTCTAGTAG	2			
mol01063	chrS1	9428	AATACTCAAAGG	3			
mol03655	chrS1	11568	GTGGGAATACCC	4			
mol01500	chrS2	3574	GCCTCAGTTTCT	1			
mol03694	chrS2	13969	ATGTGAGATTAA	5			
mol00220	chrS1	8354	CGGTCGTTACCG	4	P111	a	hamming1
mol04205	chrS2	405	GACTCGTGGGGC	2			
mol04568	chrS2	3139	GGAGGATTAACT	2			
mol00071	chrS2	13513	TGTAGGTCCACG	3	P036	b	hamming1
mol01609	chrS1	2720	ATGAGGATGGCG	1			
mol00857	chrS2	5388	GATGCACACCGC	4			
mol05831	chrS1	15431	GAGGCGATATCG	5			
mol01058	chrS2	15818	CTAGTTGTACAA	2			
mol01697	chrS1	5764	TCGGCTTGCCAT	5			
mol02416	chrS2	7175	TATTGTATAGTA	2			
mol03680	chrS2	1274	AACTCCGTGCAC	1			
mol00437	chrS1	9195	CTCGAATCAAAA	4	P219	b	diverse
mol02719	chrS2	6252	ACCAATACCACA	6			
mol00829	chrS2	10319	TTCTTTAATCAC	1			
mol03990	chrS1	19598	CTAGGGGTGCTC	2			
mol01217	chrS2	14689	GGCTTACTCGAC	2			
mol00070	chrS2	13513	TGTAGGCCCACG	3	P036	a	hamming1
mol01320	chrS2	11848	CACGATTTGTCA	2			
mol00743	chrS1	19075	CCATCGAACCCA	1			
mol00961	chrS2	8818	TCTCGTGCAACC	1			
mol00643	chrS2	16012	CCGCCTTCAACA	1			
mol05551	chrS2	7019	GATACTCACGTG	2			
mol01272	chrS1	7724	AAGCGTAACGCA	3			
mol05015	chrS2	17102	CATCTCTTTTCG	2			
mol02377	chrS2	9517	CAAAGGTGCCAT	5			
mol01858	chrS1	19710	CCGTGCAACATT	4			
mol03835	chrS1	10298	AGAAATAGGTGG	4			
mol01435	chrS1	6997	ACTGAAGGCTGT	2			
mol04344	chrS2	2034	GGAATTAATCCG	3			
mol03834	chrS2	14203	GTCACCTTCCAG	4			
mol05698	chrS1	6841	AGTTGTCCCCAC	1			
mol00093	chrS1	14918	GCAAATTGGCCT	3	P047	b	hamming1
mol00047	chrS1	14150	ATCTGGTGGGCT	3	P024	b	hamming1
mol05897	chrS2	14374	TATAGACGAGCC	2			
mol03387	chrS1	16683	GGCGGCCGAGGA	2			
mol03445	chrS1	8746	TTCGCACTCGAG	1			
mol02028	chrS1	18250	CGATAGTGATCG	3			
mol03389	chrS2	17476	GTTTGGTTATTC	2			
mol03061	chrS1	18544	ATTTACCTGGTC	4			
mol04161	chrS1	4219	TCGTATCCAGGT	1			
mol00278	chrS2	12148	TTCGCCTGGGCT	3	P140	a	hamming1
mol00867	chrS2	10478	GGATGTTTGAAT	4			
mol04332	chrS1	13927	TCCAGTGCGTAG	3			
mol01248	chrS2	12601	ATAACTGTCCCA	3			
mol04273	chrS2	16442	ACGTGGCTGGTG	3			
mol00161	chrS1	7907	AAGCATGTCGAA	4	P081	b	hamming1
mol04742	chrS2	5286	TAGAATACAACA	2			
mol03051	chrS2	14821	AGCCCGTCCGGT	3			
mol01179	chrS1	13356	ATTCTATGATCA	1			
mol00701	chrS1	15781	AGGCCATTATGA	1			
mol01997	chrS2	6521	AGTCCGTCATGA	2			
mol03430	chrS2	2513	GGTCTCTAGCCG	5			
mol05651	chrS2	15157	TGTCTCGTCACC	1			
mol00713	chrS2	13659	CTTCTAGCGAGT	3			
mol04401	chrS2	13876	TTAACAGTACCT	2			
mol00214	chrS1	11216	AGCCCGAAGGTC	3	P108	a	hamming1
mol01367	chrS1	4296	AGGGCTCGCACG	5			
mol04319	chrS1	17396	AAATAGGATGCT	4			
mol03868	chrS1	12198	CAGATTAGAATG	2			
mol01831	chrS1	15756	AAAATGGTATGC	6			
mol00328	chrS2	15812	TAGCATCTTAAT	3	P165	a	diverse
mol01492	chrS2	12489	ATTCTCTCAGTA	6			
mol04394	chrS1	14145	TACCAGCTACCG	1			
mol04159	chrS2	14792	TGAGGCCTGAAG	1			
mol00005	chrS1	14195	ATTCCTACTCGA	4	P003	b	hamming1
mol03609	chrS2	8325	CCACTTACCTTA	2			
mol05858	chrS2	279	AGGCCCTATATG	2			
mol04988	chrS1	6429	GCCCGACTACAG	1			
mol02885	chrS2	6339	AATGGCAACTCA	2			
mol05137	chrS2	9773	ATGACCTCGACT	1			
mol00833	chrS1	7500	TAAGTGTACTTG	1			
mol01760	chrS1	13859	GCAATGGCTTCT	1			
mol05372	chrS1	19076	ATCAAGCTCGCC	2			
mol00008	chrS1	7907	ATATGCAATCAG	3	P005	a	hamming1
mol00655	chrS2	17656	AGTTATGAACCG	2			
mol01008	chrS1	16518	GGAGAAAGCTTC	5			
mol01244	chrS1	3147	CCGGTCCATATT	2			
mol04286	chrS2	3567	TGATTCTGTCGT	4			
mol00756	chrS2	1564	GTGGGAATGCCA	2			
mol04263	chrS2	5735	TAGTTGGATAAC	1			
mol02214	chrS2	3163	AGGGCATATATC	3			
mol01247	chrS2	12090	CTATCAATGACA	3			
mol05104	chrS1	13202	ACATAGAACCAT	8			
mol03180	chrS1	9032	TGACGCTTTATT	1			
mol03134	chrS2	12184	AAATGCCTATCT	5			
mol01428	chrS2	3000	GAAGCACCACGG	3			
mol02422	chrS2	16178	TAGCTCCAGATT	1			
mol05184	chrS1	12953	CATGTGGGTGAA	5			
mol05075	chrS2	1202	GGCGTGGTATTT	1			
mol05244	chrS1	16830	TGCAGAGCGACG	5			
mol01409	chrS2	18471	ACGGGCACTGAG	3			
mol02842	chrS1	4343	TAGGGGTCCCAC	8			
mol01356	chrS1	9887	TACGGAAGGCGA	2			
mol05143	chrS1	16006	TCAAATTCGTTG	4			
mol03841	chrS1	19023	CGTGGTAACCAG	2			
mol02977	chrS1	19364	TAGAACAGGTAA	3			
mol05384	chrS1	8554	GCTACTTCTTCA	2			
mol05633	chrS1	8440	CACTGGGGGGAT	5			
mol04800	chrS2	17950	TAAAAATCACTC	3			
mol03127	chrS2	14495	CCCCCTGAATTC	1			
mol04330	chrS2	16872	GGTCCTGGAACC	1			
mol02943	chrS1	11442	CTGCAACCTTCA	1			
mol05334	chrS1	9100	CAGGGCGGTGGC	1			
mol05189	chrS1	7463	AATTATGGCTAT	3			
mol04496	chrS2	6132	CTCCGCAAATCA	3			
mol01487	chrS2	8423	GTTTCTTTGCTT	3			
mol05167	chrS2	14138	TGAGTTGGATTA	3			
mol03877	chrS1	14654	GAGTAAACGGAT	1			
mol03322	chrS2	7114	TTTAGCCACCGT	3			
mol01826	chrS1	8166	AAATGCGGGCAC	3			
mol04953	chrS1	10409	CTCAATCAGAGC	6			
mol05048	chrS1	5556	GCCTTTAGATGG	2			
mol02207	chrS1	12522	GAGCTTACAACG	1			
mol01675	chrS1	9010	CCTGTTGGTCTG	2			
mol01327	chrS1	17150	CGCTGTATATCA	3			
mol01137	chrS1	10125	TGCACATTTTCA	8			
mol02786	chrS2	1494	AAGTCCCCATGA	2			
mol04818	chrS1	19417	GATAATTTTCTA	1			
mol02442	chrS2	15294	GAAGCCCCACGT	5			
mol01567	chrS2	8016	CGACGAGGCCGA	3			
mol03152	chrS2	16979	CACTTCAGTTGG	1			
mol01644	chrS2	4574	AACTAATCGGCC	2			
mol01586	chrS2	1991	GCGCTAGCGACC	1			
mol01445	chrS2	12227	GCGGGTCACCAT	6			
mol01733	chrS2	3309	CCGTGGTACGTA	2			
mol03499	chrS2	9153	CGTATAGGTTTA	3			
mol04789	chrS1	17147	AAGGGGTGGGGA	8			
mol02370	chrS1	7848	GCCAAGTGGTGG	4			
mol01194	chrS1	3454	ATTACACCGGGT	1			
mol02513	chrS2	3750	GCCGGCCAGGGG	1			
mol03971	chrS2	10640	GCGCAGACCGCA	2			
mol00711	chrS1	4285	CCGACTTAATAG	8			
mol04121	chrS2	19755	TTTTTCAATGTA	4			
mol04090	chrS1	17516	CCGAGAAGGTTA	1			
mol02964	chrS2	8773	AGATTGGATGCA	2			
mol01427	chrS2	12448	ACCCATATTGGG	5			
mol00497	chrS1	10456	CACAGCGGACAG	3	P249	b	diverse
mol00176	chrS2	17902	ACTTACTTTTAA	4	P089	a	hamming1
mol00967	chrS2	14243	CAGCAAGCTTTC	1			
mol01811	chrS2	2524	TCGTAGGTACAT	2			
mol05688	chrS1	4664	GAGGTGAATGTA	3			
mol01610	chrS1	16231	TATATAGACGTC	3			
mol05939	chrS2	5540	TGCGCTATCTGG	4			
mol03952	chrS2	14311	ATAATACACGTG	1			
mol05453	chrS1	10874	GAGCAAAATACG	1			
mol01930	chrS2	6256	GAGGAGCCGGAA	8			
mol01170	chrS1	12244	CACAAGATAATG	1			
mol04502	chrS1	17418	GTATTTAATGGG	3			
mol00344	chrS2	17144	GCTGCGCTTCAA	3	P173	a	diverse
mol00185	chrS1	16204	GACGGACTTATG	4	P093	b	hamming1
mol03305	chrS1	9337	GAGCAATATCGA	3			
mol01976	chrS1	14755	AGAACAGCATAA	1			
mol02506	chrS2	1591	AAGTGATAACGA	1			
mol02048	chrS1	3701	ACACTGCTAAGG	3			
mol04222	chrS1	14423	TACGGATGGATT	1			
mol02948	chrS2	13091	TGTGTGAGTTTG	5			
mol03569	chrS2	14772	AATTATCCTGAG	6			
mol05904	chrS1	7525	AAGCCTATAAAA	1			
mol00259	chrS1	4465	CGGATGTGACAG	4	P130	b	hamming1
mol02412	chrS1	7210	CTGATCCCAAAC	5			
mol00160	chrS1	7907	CAGCATGTCGAA	3	P081	a	hamming1
mol02970	chrS2	4376	GAATATACTAAG	3			
mol01223	chrS1	9094	TTGTGGTAGACA	1			
mol04283	chrS1	1866	GGCCACTCAGGG	3			
mol05590	chrS1	11511	TATCGCACGTCT	8			
mol02098	chrS2	767	ACCGCCCTAGAG	2			
mol01725	chrS2	17213	CGTAAGAGCAAC	2			
mol00525	chrS2	4401	TGGATTTACGAA	4	P263	b	diverse
mol04977	chrS1	12059	CGTAACAGAGAC	3			
mol01458	chrS1	7190	CGGCGAGCGTGT	1			
mol02144	chrS1	133	CAGGATTGATTA	5			
mol04426	chrS2	8702	GAGGATATCTTC	3			
mol00232	chrS1	2736	CCGGAGAACCTA	3	P117	a	hamming1
mol05108	chrS1	145	CGGCCCATAGTG	2			
mol05635	chrS2	17510	ATGTATTAAAAC	1			
mol01391	chrS2	10878	GAGGCAACCATA	4			
mol00186	chrS1	2380	AACTATACAATC	4	P094	a	hamming1
mol01406	chrS2	13301	CATGGTATACGG	1			
mol05703	chrS1	15685	TTCTGACCATTT	3			
mol02449	chrS1	19709	AACGGCTTAACT	3			
mol03093	chrS2	7633	AGAGTTACACTC	2			
mol04148	chrS2	18609	AGATCATCGACA	1			
mol02250	chrS1	13996	AGGGTCAGCACC	3			
mol05936	chrS1	8617	CGCGTGGTGTTC	8			
mol05541	chrS2	7404	CAAGTTGGCTTG	3			
mol04333	chrS1	2445	CGCTCCGCAACG	1			
mol05327	chrS1	14687	CACTAGTGTGGG	1			
mol02045	chrS1	13442	AGCATGGGCCCT	5			
mol02639	chrS1	18385	TCATGCTGTTCG	4			
mol05086	chrS2	3999	AGCGACCTAGTT	8			
mol02004	chrS2	19242	TTAGAGCAACGA	1			
mol00832	chrS2	19685	GATGCGTCCCCG	1			
mol00310	chrS1	16219	ATACTCCGGTAC	3	P156	a	diverse
mol00648	chrS1	17405	TAAGGAAAGTGT	6			
mol01032	chrS2	6273	AATATGTCAGTC	3			
mol03827	chrS1	15416	ACTGACAAGGTG	2			
mol01838	chrS1	5243	CCGCAAATAGCC	2			
mol00615	chrS2	14168	AGTCTTCGAATG	2			
mol02715	chrS1	6347	TGTGTGGTAATC	3			
mol03828	chrS2	11479	CAGACTCAATCT	1			
mol05474	chrS2	11685	CGTTCCTGCCTA	1			
mol01674	chrS2	5866	TTTGCCCCACGG	5			
mol02118	chrS2	13155	ATCTTCGTAGGG	2			
mol03325	chrS2	11483	ACCTTATTAAAG	3			
mol00916	chrS2	10231	TTTTGGTCGTTC	2			
mol03932	chrS1	3918	TAAGGAGACTTG	6			
mol03800	chrS1	14997	AACCCATCACCG	3			
mol01784	chrS2	2359	TAGTCGCAACTG	2			
mol01878	chrS1	8760	ACCTCAGTCCTG	2			
mol01497	chrS1	7425	CAGATACGACTC	3			
mol05109	chrS2	17631	AATAGAGTGGGG	1			
mol04884	chrS2	14807	CTTTAGGTAACC	5			
mol01820	chrS1	6441	AGCGAGATGGTG	2			
mol02792	chrS2	9280	ATGAGCTCGATA	1			
mol04459	chrS2	12217	TGCGCGGAGGAT	4			
mol04626	chrS1	16756	GACCACTGATGC	3			
mol04207	chrS2	8478	TCGGCGAATCTC	2			
mol05829	chrS1	16073	TAGGTAATCCGC	2			
mol00989	chrS2	6636	AAAAAGCATCGA	8			
mol04688	chrS1	1867	CCCCGCTTTACA	1			
mol02738	chrS2	1058	AACAATTCTTCA	3			
mol03012	chrS1	11070	AACCTGTTTCCC	1			
mol01299	chrS1	14018	GCAATACCGAGT	3			
mol04112	chrS1	1885	GGGTTAATCTAG	2			
mol03375	chrS2	5473	GCACACAAGAGC	2			
mol02610	chrS2	12062	AGATTCTCAAGC	2			
mol01591	chrS2	850	GTCCCCTAGATA	2			
mol00135	chrS2	10111	TTTATTCCCGGT	3	P068	b	hamming1
mol03132	chrS1	9435	TGTCAAAGCGGG	1			
mol05885	chrS1	2783	AGAAGTGCAGAG	1			
mol02962	chrS1	17693	CCTCGTCCGCGT	5			
mol01712	chrS2	16045	ACCGCGGACTTT	8			
mol01449	chrS1	7233	CTGTCCCTACAG	2			
mol05164	chrS1	7354	TCCTCCAATGTA	6			
mol05713	chrS1	4453	ATATGTGCATGT	3			
mol05154	chrS1	2240	CTGTACTGTTAT	1			
mol04834	chrS2	5150	TTCTCCTCATAT	5			
mol01788	chrS1	19156	GAGCAACCTAAC	5			
mol01251	chrS2	6084	AAGTGGTGAAGC	5			
mol00156	chrS1	2055	CTATTTCGTTAT	4	P079	a	hamming1
mol04244	chrS1	19496	CAGGTTTCCATG	2			
mol02799	chrS2	6667	TCAGTTCGTCCG	3			
mol00319	chrS1	7220	CCGCCTTCGCTG	4	P160	b	diverse
mol01963	chrS1	13173	CGTCATACCATG	3			
mol00102	chrS1	7678	CCCGAAAATCGA	3	P052	a	hamming1
mol05879	chrS2	15750	CGAACTGATAGC	1			
mol04472	chrS1	12301	TAACACGAGAAG	3			
mol00891	chrS2	7569	CCTGGTGGCGTA	1			
