UMI	median_counts_pre	times_observed_pre	total_counts_pre	median_counts_post	times_observed_post	total_counts_post
AAAAAACCAGCT	2	1	2	2	1	2
AAAAAAGTCGAA	1	1	1	0	0	0
AAAAAGAAATCT	1	1	1	1	1	1
AAAAAGACTTTA	1	1	1	1	1	1
AAAAAGCATCGA	8	1	8	8	1	8
AAAAAGCGCATA	5	1	5	6	1	6
AAAAAGGGCATA	1	1	1	0	0	0
AAAAAGTATGAC	4	1	4	5	1	5
AAAAAGTTTGAC	1	1	1	0	0	0
AAAAATGATCGC	6	1	6	6	1	6
AAAACACAGGGT	2	1	2	2	1	2
AAAACGAGAGAC	1	1	1	1	1	1
AAAACGAGGCGT	2	1	2	2	1	2
AAAACGGACCAT	6	1	6	6	1	6
AAAACGGATTGA	1	1	1	1	1	1
AAAACGGCGGCG	1	1	1	1	1	1
AAAACTGGTTTA	6	1	6	6	1	6
AAAAGACAGCCA	1	1	1	1	1	1
AAAAGACCGATA	1	1	1	1	1	1
AAAAGCATTGTA	3	1	3	3	1	3
AAAAGCCTCCAA	1	1	1	1	1	1
AAAAGCGATTTT	1	1	1	0	0	0
AAAAGCGGTCGC	1	1	1	0	0	0
AAAAGGGATTTT	3	1	3	4	1	4
AAAAGTAAACCA	4	1	4	4	1	4
AAAATACAATCG	2	1	2	2	1	2
AAAATCGATTAG	2	1	2	2	1	2
AAAATCGTATGG	1	1	1	1	1	1
AAAATGGTATGC	5	1	5	6	1	6
AAAATGTGATTG	3	1	3	3	1	3
AAAATGTTGTGC	3	1	3	3	1	3
AAAATTTTAAGC	1	1	1	0	0	0
AAACAACCGGGT	1	1	1	1	1	1
AAACAATCATGT	1	1	1	0	0	0
AAACACAGCCTC	3	1	3	3	1	3
AAACACCACTCA	2	1	2	2	1	2
AAACACGACTAC	2	1	2	2	1	2
AAACACTATCCG	1	1	1	1	1	1
AAACACTGATAC	4	1	4	5	1	5
AAACAGCAACGT	5	1	5	5	1	5
AAACATACTCGT	1	1	1	2	1	2
AAACATGCTGTT	2	1	2	2	1	2
AAACCAATTCGA	1	1	1	1	1	1
AAACCATACATG	1	1	1	1	1	1
AAACCCACGAGG	1	1	1	1	1	1
AAACCCTGATCC	3	1	3	3	1	3
AAACCGAACGTG	3	1	3	3	1	3
AAACCGAACTCA	1	1	1	0	0	0
AAACCGACTCGC	4	1	4	4	1	4
AAACCGGCTCCA	2	1	2	2	1	2
AAACCTACTCGT	1	1	1	0	0	0
AAACCTCCCACA	6	1	6	6	1	6
AAACCTTTTGGG	1	1	1	1	1	1
AAACGAGACCCC	1	1	1	1	1	1
AAACGAGCGCCC	4	1	4	4	1	4
AAACGCCCCTCT	1	1	1	1	1	1
AAACGCCGCGTG	3	1	3	3	1	3
AAACGCCTTTAT	4	1	4	4	1	4
AAACGTACTATG	4	1	4	4	1	4
AAACTACACTAG	1	1	1	1	1	1
AAACTGAACTCA	3	1	3	4	1	4
AAACTGCAATTC	1	1	1	1	1	1
AAACTGGTCCCG	3	1	3	3	1	3
AAACTGTACTCA	4	1	4	4	1	4
AAAGACACTCCA	3	1	3	3	1	3
AAAGACAGATAG	1	1	1	0	0	0
AAAGACGAAATA	3	1	3	3	1	3
AAAGACTGCCAG	5	1	5	5	1	5
AAAGAGAAACCG	1	1	1	1	1	1
AAAGAGCAGCAC	2	1	2	2	1	2
AAAGAGGACGAA	1	1	1	1	1	1
AAAGAGGCTAGA	2	1	2	2	1	2
AAAGATAAAAAA	1	1	1	0	0	0
AAAGATAAATAA	3	1	3	4	1	4
AAAGATAATGCT	1	1	1	1	1	1
AAAGATCCTCGA	3	1	3	3	1	3
AAAGCCTGGGAA	7	1	7	8	1	8
AAAGCCTGGGCA	1	1	1	0	0	0
AAAGGAACTGAG	2	1	2	2	1	2
AAAGGACCTCGC	3	1	3	3	1	3
AAAGGAGAGAAG	1	1	1	1	1	1
AAAGGCTAGGCT	1	1	1	0	0	0
AAAGGCTCGGCT	2	1	2	3	1	3
AAAGGCTGCAAC	1	1	1	1	1	1
AAAGGTAATGAC	1	1	1	0	0	0
AAAGGTCGAGCG	6	1	6	6	1	6
AAAGGTTATGTG	5	1	5	5	1	5
AAAGGTTCCTGG	1	1	1	1	1	1
AAAGTAAAAACG	1	1	1	0	0	0
AAAGTAAACACG	5	1	5	6	1	6
AAAGTATACAAC	1	1	1	2	1	2
AAAGTCCTGGCT	2	1	2	2	1	2
AAAGTGACGTGG	3	1	3	3	1	3
AAAGTTGCACAT	1	1	1	1	1	1
AAAGTTTCCTTA	4	1	4	4	1	4
AAATAAAACAGA	3	1	3	3	1	3
AAATAAAACTAC	1	1	1	0	0	0
AAATAAACAGTT	4	1	4	5	1	5
AAATAACAGTTA	2	1	2	2	1	2
AAATAAGTAGTG	4	1	4	5	1	5
AAATAATCATGT	6	1	6	8	1	8
AAATAATTGGTG	1	1	1	0	0	0
AAATACGGGCAT	3	1	3	3	1	3
AAATAGGATGCT	3	1	3	4	1	4
AAATATAAGCAG	1	1	1	1	1	1
AAATATACAATC	1	1	1	0	0	0
AAATATCCTTAC	6	1	6	6	1	6
AAATCAACATAA	3	1	3	3	1	3
AAATCATTGGAG	3	1	3	6	1	6
AAATCATTGGTG	2	1	2	0	0	0
AAATCCCATGCT	1	1	1	1	1	1
AAATCGTTCATG	4	1	4	4	1	4
AAATCTGGGGAG	3	1	3	3	1	3
AAATCTGTGCCC	1	1	1	2	1	2
AAATCTGTGTCC	1	1	1	0	0	0
AAATGAAATGCT	1	1	1	1	1	1
AAATGAGACAGT	3	1	3	4	1	4
AAATGCCAATGC	5	1	5	6	1	6
AAATGCCAGTGC	1	1	1	0	0	0
AAATGCCTATCT	5	1	5	5	1	5
AAATGCGAACAT	1	1	1	1	1	1
AAATGCGGGCAC	3	1	3	3	1	3
AAATGCGTACGA	6	1	6	8	1	8
AAATGCGTACGN	1	1	1	0	0	0
AAATGCGTACTA	1	1	1	0	0	0
AAATGTGAGTGC	2	1	2	2	1	2
AAATGTGCTTGT	3	1	3	3	1	3
AAATGTGTTCGT	4	1	4	4	1	4
AAATGTTGTATG	1	1	1	0	0	0
AAATGTTGTGTG	3	1	3	4	1	4
AAATTAAACTAC	3	1	3	4	1	4
AAATTAGTTATT	5	1	5	5	1	5
AAATTCCAAAAT	1	1	1	2	1	2
AAATTCCAGAAT	1	1	1	0	0	0
AAATTCCGCCGT	1	1	1	1	1	1
AAATTTTGATCG	4	1	4	4	1	4
AACAAAATAGGT	4	1	4	5	1	5
AACAAAATGGTC	2	1	2	2	1	2
AACAAGAAGATA	3	1	3	3	1	3
AACAAGCCAGCC	1	1	1	1	1	1
AACAATCGGTTG	2	1	2	2	1	2
AACAATGATCAG	5	1	5	5	1	5
AACAATTCTTCA	3	1	3	3	1	3
AACACCATGCCC	1	1	1	1	1	1
AACACGATAATA	1	1	1	1	1	1
AACACGATTGTT	4	1	4	4	1	4
AACACGCTCAGT	2	1	2	2	1	2
AACACGGGTGGT	1	1	1	1	1	1
AACACTAAAGTC	3	1	3	3	1	3
AACACTAAGACG	2	1	2	2	1	2
AACACTCTCTGG	2	1	2	2	1	2
AACACTTGGTAG	1	1	1	1	1	1
AACAGCAGGTCC	3	1	3	4	1	4
AACAGCAGGTTC	1	1	1	0	0	0
AACAGCCAGCTC	2	1	2	2	1	2
AACAGCCTATCT	1	1	1	1	1	1
AACAGCGCCGGC	4	1	4	4	1	4
AACAGCGCTCGA	1	1	1	0	0	0
AACAGCGCTGGA	3	1	3	4	1	4
AACAGGTAAGAA	3	1	3	4	1	4
AACAGTCCGAAC	1	1	1	2	1	2
AACAGTNCGAAC	1	1	1	0	0	0
AACATCCATACG	4	1	4	5	1	5
AACATGAGGCAG	3	1	3	3	1	3
AACATGCAGTTA	1	1	1	0	0	0
AACATGGAAGAA	3	1	3	3	1	3
AACATGTGGATC	2	1	2	2	1	2
AACCAAGCTAGT	1	1	1	1	1	1
AACCACCTTTCA	1	1	1	1	1	1
AACCAGGGGTCC	5	1	5	6	1	6
AACCAGGGGTTC	1	1	1	0	0	0
AACCATGTTTTA	2	1	2	2	1	2
AACCCATCACCG	2	1	2	3	1	3
AACCCATGGAGG	1	1	1	2	1	2
AACCCCCCGGCT	3	1	3	3	1	3
AACCCGAAAAGC	2	1	2	2	1	2
AACCCGAATCCA	1	1	1	1	1	1
AACCCGGAAATT	2	1	2	2	1	2
AACCCGTTGCCC	2	1	2	2	1	2
AACCCTACCACG	4	1	4	4	1	4
AACCCTACGACG	4	1	4	4	1	4
AACCGACTTTTA	1	1	1	1	1	1
AACCGCACTGAC	1	1	1	1	1	1
AACCGTCGATTA	3	1	3	3	1	3
AACCTACAACCA	8	1	8	8	1	8
AACCTATATACC	4	1	4	4	1	4
AACCTATGGAGG	1	1	1	0	0	0
AACCTCGAGTGA	2	1	2	2	1	2
AACCTCTACTGC	3	1	3	3	1	3
AACCTGCCATCC	5	1	5	5	1	5
AACCTGCGTCAA	3	1	3	3	1	3
AACCTGTGGTTT	2	1	2	2	1	2
AACCTGTTTCCC	1	1	1	1	1	1
AACGAACTTGTG	1	1	1	1	1	1
AACGAAGACTGT	1	1	1	1	1	1
AACGAAGCGGGA	2	1	2	2	1	2
AACGAAGTCAAA	3	1	3	3	1	3
AACGACCGCCAC	3	1	3	3	1	3
AACGATATGTCG	4	1	4	4	1	4
AACGCAATACAA	1	1	1	1	1	1
AACGCCGTAGTT	3	1	3	4	1	4
AACGCGGCTAAT	1	1	1	1	1	1
AACGCGTATTTA	4	1	4	4	1	4
AACGCTCTATGG	3	1	3	3	1	3
AACGGACAGGTA	3	1	3	3	1	3
AACGGCCCGTAA	4	1	4	7	1	7
AACGGCCGGTAA	2	1	2	0	0	0
AACGGCGCTTTT	2	1	2	2	1	2
AACGGCTTAACT	3	1	3	3	1	3
AACGGCTTGAAC	1	1	1	0	0	0
AACGGGGTTTCA	3	1	3	4	1	4
AACGGTCGGTAA	1	1	1	0	0	0
AACGNGGTTTCA	1	1	1	0	0	0
AACGTAAACATG	3	1	3	3	1	3
AACGTCGTAGTT	1	1	1	0	0	0
AACGTGGGGATG	2	1	2	2	1	2
AACGTGTGGATT	4	1	4	4	1	4
AACGTTACGTTG	1	1	1	1	1	1
AACGTTACTCGG	1	1	1	0	0	0
AACGTTTGACAT	1	1	1	1	1	1
AACTAATCGGCC	2	1	2	2	1	2
AACTACCGCGTT	1	1	1	1	1	1
AACTAGCAATGC	1	1	1	2	1	2
AACTAGCGATGC	1	1	1	0	0	0
AACTATACAATC	3	1	3	4	1	4
AACTATACAATG	4	1	4	4	1	4
AACTATCAAGTA	2	1	2	2	1	2
AACTCACGTCAG	2	1	2	2	1	2
AACTCATCACCG	1	1	1	0	0	0
AACTCCGTGCAC	1	1	1	1	1	1
AACTCCTGGGGA	1	1	1	1	1	1
AACTCGCATCAG	1	1	1	1	1	1
AACTCGGTGAAT	1	1	1	1	1	1
AACTCGTGCGCC	1	1	1	1	1	1
AACTCTACGCAC	3	1	3	3	1	3
AACTGAAACTTG	1	1	1	1	1	1
AACTGCACGTTA	2	1	2	2	1	2
AACTGCCAATGA	5	1	5	5	1	5
AACTGCGCCGGC	4	1	4	4	1	4
AACTGCGTCCAA	2	1	2	2	1	2
AACTGCGTGCGG	1	1	1	1	1	1
AACTGCTAGTGG	4	1	4	4	1	4
AACTGCTGACAC	6	1	6	6	1	6
AACTTAATACGC	1	1	1	1	1	1
AACTTAATTATA	1	1	1	1	1	1
AACTTACCATTA	3	1	3	3	1	3
AACTTACTTTGC	3	1	3	3	1	3
AACTTATCAGTG	2	1	2	3	1	3
AACTTCCGTTTA	1	1	1	1	1	1
AACTTCGCCAAT	1	1	1	1	1	1
AACTTCTCTGGA	1	1	1	1	1	1
AACTTCTGAGAC	2	1	2	2	1	2
AACTTGCAGTTA	5	1	5	6	1	6
AACTTGGAATTA	5	1	5	6	1	6
AACTTGGAGTTA	1	1	1	0	0	0
AACTTGGCTCGG	3	1	3	3	1	3
AACTTGGTTTAT	4	1	4	4	1	4
AACTTTCCGTAT	4	1	4	5	1	5
AACTTTCCGTGT	1	1	1	0	0	0
AACTTTCTGGGA	1	1	1	0	0	0
AACTTTTGAGTT	4	1	4	4	1	4
AACTTTTTGGGA	3	1	3	4	1	4
AAGAAAACCAGG	2	1	2	2	1	2
AAGAAAGATCAT	1	1	1	1	1	1
AAGAAATCATTG	4	1	4	4	1	4
AAGAACACACGG	1	1	1	1	1	1
AAGAACCCATTT	1	1	1	1	1	1
AAGAAGACGCCT	1	1	1	1	1	1
AAGAAGAGTTCC	4	1	4	4	1	4
AAGAAGTCTACG	3	1	3	3	1	3
AAGAATGGAGAA	2	1	2	2	1	2
AAGAATTCGCCC	1	1	1	1	1	1
AAGACAAGAGAT	3	1	3	3	1	3
AAGACAATTCGA	4	1	4	4	1	4
AAGACGGTATAT	4	1	4	4	1	4
AAGAGAATCTAT	1	1	1	1	1	1
AAGAGACATTTT	1	1	1	1	1	1
AAGAGACGACTG	1	1	1	1	1	1
AAGAGCGGTCGC	6	1	6	8	1	8
AAGAGTAACTGC	1	1	1	1	1	1
AAGATATTGTAC	1	1	1	1	1	1
AAGATGACACGT	2	1	2	2	1	2
AAGATGATAAGT	2	1	2	2	1	2
AAGATTGACGGA	1	1	1	1	1	1
AAGATTTCGGTG	4	1	4	4	1	4
AAGCACAATCAT	2	1	2	2	1	2
AAGCACGTCTAT	1	1	1	1	1	1
AAGCATGTCGAA	4	1	4	7	1	7
AAGCCCTATCAT	3	1	3	3	1	3
AAGCCGCACGTG	2	1	2	2	1	2
AAGCCGCGAGAT	2	1	2	2	1	2
AAGCCTATAAAA	1	1	1	1	1	1
AAGCGAAGAAGG	1	1	1	1	1	1
AAGCGATCAGAA	4	1	4	4	1	4
AAGCGCCCGTAA	3	1	3	3	1	3
AAGCGCGAATAC	1	1	1	1	1	1
AAGCGGACTGTG	2	1	2	2	1	2
AAGCGGCGGTCG	3	1	3	3	1	3
AAGCGTAACGCA	2	1	2	3	1	3
AAGCGTCCGCAG	2	1	2	3	1	3
AAGCGTCTGCAG	1	1	1	0	0	0
AAGCGTTTAAAG	1	1	1	1	1	1
AAGCTAATTGTC	2	1	2	2	1	2
AAGCTCACAATG	1	1	1	2	1	2
AAGCTCGAGTCA	1	1	1	1	1	1
AAGGAAACCGAC	3	1	3	3	1	3
AAGGAAATGCTA	3	1	3	3	1	3
AAGGACGGCCCA	6	1	6	6	1	6
AAGGACGGGAAT	1	1	1	1	1	1
AAGGAGACAAGG	7	1	7	8	1	8
AAGGCACAAATA	5	1	5	5	1	5
AAGGCACACTGA	2	1	2	3	1	3
AAGGCAGACTGA	1	1	1	0	0	0
AAGGCAGCCTGT	4	1	4	5	1	5
AAGGCAGGCTGT	1	1	1	0	0	0
AAGGCGCGTCAA	1	1	1	1	1	1
AAGGCTAGGACG	1	1	1	1	1	1
AAGGCTTCAGCG	3	1	3	3	1	3
AAGGGGTCCGCG	2	1	2	2	1	2
AAGGGGTGGGGA	7	1	7	8	1	8
AAGGGGTGGTGA	1	1	1	0	0	0
AAGGGTGCGAAC	6	1	6	6	1	6
AAGGGTGGCTAC	2	1	2	2	1	2
AAGGTAGGAGCT	2	1	2	2	1	2
AAGGTAGGGTAC	1	1	1	1	1	1
AAGGTAGTGTTT	1	1	1	1	1	1
AAGGTATACAAC	1	1	1	0	0	0
AAGGTATCCACC	1	1	1	0	0	0
AAGGTATCCAGC	2	1	2	3	1	3
AAGGTCCCAAAC	2	1	2	2	1	2
AAGGTCCGTGGA	3	1	3	3	1	3
AAGGTCGGCTGC	2	1	2	2	1	2
AAGGTCTGCTTA	2	1	2	2	1	2
AAGGTGTGTATC	5	1	5	5	1	5
AAGGTTGACGCG	3	1	3	3	1	3
AAGNGTAACGCA	1	1	1	0	0	0
AAGTAATCATGT	1	1	1	0	0	0
AAGTACATTAGT	1	1	1	0	0	0
AAGTACGCGTAA	5	1	5	5	1	5
AAGTACTTGTAA	3	1	3	3	1	3
AAGTACTTTCAA	1	1	1	1	1	1
AAGTAGATTTAT	1	1	1	1	1	1
AAGTAGTTTCGA	5	1	5	5	1	5
AAGTCCCCATGA	2	1	2	2	1	2
AAGTCGCAAGAA	1	1	1	1	1	1
AAGTCGTTTTAA	3	1	3	3	1	3
AAGTGATAACGA	1	1	1	1	1	1
AAGTGGAGTTCG	1	1	1	1	1	1
AAGTGGTGAAGA	1	1	1	0	0	0
AAGTGGTGAAGC	4	1	4	5	1	5
AAGTGTATTCGC	3	1	3	3	1	3
AAGTGTCGTGCA	2	1	2	2	1	2
AAGTGTGTAGCC	1	1	1	1	1	1
AAGTGTGTATCA	1	1	1	1	1	1
AAGTTAAACCAT	1	1	1	1	1	1
AAGTTAATCCCT	2	1	2	2	1	2
AAGTTAGGTGAA	1	1	1	1	1	1
AAGTTCAGCTTG	2	1	2	2	1	2
AAGTTGAGAGGG	1	1	1	1	1	1
AAGTTGCCACTA	3	1	3	4	1	4
AAGTTGCCAGTA	3	1	3	3	1	3
AAGTTGCCAGTT	2	1	2	2	1	2
AAGTTGCCCCTA	1	1	1	0	0	0
AAGTTTTGAAAA	2	1	2	2	1	2
AANTAAACAGTT	1	1	1	0	0	0
AATAAAGTCGAA	3	1	3	4	1	4
AATAACAGATCA	1	1	1	0	0	0
AATAACCACTAC	2	1	2	2	1	2
AATAACCGATAA	2	1	2	2	1	2
AATAACCTGCTT	6	1	6	6	1	6
AATAACTCCTCC	1	1	1	0	0	0
AATAACTCCTCG	7	1	7	8	1	8
AATAAGCACGTC	1	1	1	1	1	1
AATAAGTATCGA	3	1	3	3	1	3
AATACCACTCTG	2	1	2	2	1	2
AATACCAGATCA	3	1	3	4	1	4
AATACGCCGGAA	4	1	4	4	1	4
AATACTCAAAGG	2	1	2	3	1	3
AATAGAGTGGGG	1	1	1	1	1	1
AATAGGCGAGGT	6	1	6	6	1	6
AATAGTGGACCC	4	1	4	4	1	4
AATAGTGGATTT	2	1	2	2	1	2
AATATACTAGAA	2	1	2	2	1	2
AATATATTCGTA	2	1	2	2	1	2
AATATGGAGATT	1	1	1	1	1	1
AATATGTCAGTC	3	1	3	3	1	3
AATATGTGGTGA	1	1	1	1	1	1
AATCAATTATTC	1	1	1	0	0	0
AATCAATTTCTC	1	1	1	0	0	0
AATCAATTTTTC	6	1	6	8	1	8
AATCACATGGCT	2	1	2	2	1	2
AATCACCACCAA	3	1	3	5	1	5
AATCACCACTAA	1	1	1	0	0	0
AATCACCTCTGC	1	1	1	1	1	1
AATCAGGAACGC	1	1	1	1	1	1
AATCAGGATTCG	6	1	6	6	1	6
AATCAGGCCATG	2	1	2	2	1	2
AATCAGGTAGAC	3	1	3	4	1	4
AATCAGGTGGAC	1	1	1	0	0	0
AATCATCGAGTG	1	1	1	1	1	1
AATCCAACTAGA	2	1	2	2	1	2
AATCCATACCAT	3	1	3	3	1	3
AATCCCCCCAGC	1	1	1	1	1	1
AATCCCTATGTA	1	1	1	1	1	1
AATCCGACTCGC	3	1	3	4	1	4
AATCCGATTAGA	3	1	3	3	1	3
AATCCGCTGTCA	5	1	5	5	1	5
AATCCGGAGTCC	1	1	1	1	1	1
AATCCTAGTGGG	3	1	3	3	1	3
AATCCTCGTTAC	1	1	1	1	1	1
AATCGATAGAGT	2	1	2	2	1	2
AATCGATCCTCT	2	1	2	2	1	2
AATCGCGTCCAG	3	1	3	4	1	4
AATCGCTTAGAC	2	1	2	2	1	2
AATCGGTGCCTA	1	1	1	1	1	1
AATCGTGTCTCA	5	1	5	5	1	5
AATCTCGAGGAC	2	1	2	2	1	2
AATCTGGGGGCT	1	1	1	2	1	2
AATGAAGTGGCC	2	1	2	2	1	2
AATGACAACTCA	1	1	1	2	1	2
AATGAGGTCTCG	5	1	5	5	1	5
AATGAGTCTGCA	1	1	1	1	1	1
AATGATCCGACT	3	1	3	4	1	4
AATGATCGGACT	1	1	1	0	0	0
AATGCCGGTCGT	4	1	4	4	1	4
AATGCGCGATAC	5	1	5	5	1	5
AATGCTAACCTG	1	1	1	1	1	1
AATGCTCTAGCC	2	1	2	2	1	2
AATGCTGCGGTT	2	1	2	3	1	3
AATGGAATCAAA	2	1	2	3	1	3
AATGGCAACTCA	1	1	1	0	0	0
AATGGCGACGTT	5	1	5	5	1	5
AATGGCGTCAGG	3	1	3	3	1	3
AATGGGGGTTCG	1	1	1	1	1	1
AATGGTGGCCAA	1	1	1	0	0	0
AATGGTGTATGG	4	1	4	4	1	4
AATGTCACTCGA	1	1	1	1	1	1
AATGTCATAGAT	1	1	1	0	0	0
AATGTCATAGCT	3	1	3	4	1	4
AATGTCGTAGCT	3	1	3	3	1	3
AATGTGCGGCGC	1	1	1	0	0	0
AATGTGGGGCGC	2	1	2	3	1	3
AATGTGTATAGG	4	1	4	4	1	4
AATGTTAGTCAT	3	1	3	3	1	3
AATGTTCCGGAG	5	1	5	6	1	6
AATGTTCCGGAT	1	1	1	0	0	0
AATNCTCAAAGG	1	1	1	0	0	0
AATTAACCAACG	1	1	1	1	1	1
AATTAACTGGAG	1	1	1	2	1	2
AATTAACTGGNG	1	1	1	0	0	0
AATTACTACCTG	1	1	1	1	1	1
AATTATCCTGAG	6	1	6	6	1	6
AATTATCGTTCA	3	1	3	4	1	4
AATTATGGCTAT	3	1	3	3	1	3
AATTCAAAGAAG	1	1	1	1	1	1
AATTCAACGCCA	3	1	3	3	1	3
AATTCCCATGCG	5	1	5	5	1	5
AATTCGAAGGAT	1	1	1	1	1	1
AATTCGACCAGC	2	1	2	2	1	2
AATTCGACTCAC	1	1	1	0	0	0
AATTCGAGAGGG	1	1	1	1	1	1
AATTCGCCTCAC	4	1	4	5	1	5
AATTCGGCCCCA	1	1	1	1	1	1
AATTCTCTACAG	3	1	3	3	1	3
AATTCTTCGGGG	8	1	8	8	1	8
AATTGAGACCCA	1	1	1	1	1	1
AATTGCTGTAGG	2	1	2	2	1	2
AATTGGATACTG	2	1	2	2	1	2
AATTGGCATAGG	8	1	8	8	1	8
AATTGTCATAGA	1	1	1	1	1	1
AATTGTCGTTCA	1	1	1	0	0	0
AATTTAAGTGGG	1	1	1	3	1	3
AATTTAGCCCGA	2	1	2	2	1	2
AATTTAGTCACC	1	1	1	1	1	1
AATTTCAAACAC	1	1	1	1	1	1
AATTTCGAGTCA	1	1	1	1	1	1
AATTTGGATCGC	2	1	2	3	1	3
AATTTTAGTGGG	1	1	1	0	0	0
ACAAAATATCCA	2	1	2	2	1	2
ACAAAATGCGAT	1	1	1	0	0	0
ACAAACGAGTTC	3	1	3	3	1	3
ACAAACTCGTCA	2	1	2	2	1	2
ACAAAGCTGGGC	3	1	3	3	1	3
ACAAATACCGAC	5	1	5	5	1	5
ACAACAAACCGC	3	1	3	4	1	4
ACAACACATTGT	2	1	2	2	1	2
ACAACCAGCTGA	3	1	3	3	1	3
ACAACCTCCCAA	2	1	2	2	1	2
ACAACTATAGGT	2	1	2	2	1	2
ACAACTCAAAAG	5	1	5	5	1	5
ACAAGAATGACT	1	1	1	1	1	1
ACAAGACACTCC	2	1	2	2	1	2
ACAAGACCCGCG	3	1	3	3	1	3
ACAAGATCCTAA	1	1	1	2	1	2
ACAAGGGGATAC	2	1	2	2	1	2
ACAAGTTTCTCA	3	1	3	3	1	3
ACAATGGGACCA	1	1	1	0	0	0
ACAATTGCGATG	1	1	1	1	1	1
ACACAATATTTA	1	1	1	1	1	1
ACACACTCTTAT	2	1	2	2	1	2
ACACAGATTCGT	1	1	1	1	1	1
ACACAGGGAAAC	3	1	3	4	1	4
ACACCCAGTCCC	1	1	1	1	1	1
ACACCCTGAGCT	3	1	3	3	1	3
ACACCGGCATAG	2	1	2	2	1	2
ACACCGTTGAAC	5	1	5	5	1	5
ACACCTTGATTA	4	1	4	5	1	5
ACACCTTGATTC	1	1	1	0	0	0
ACACCTTTGGTG	1	1	1	1	1	1
ACACGAATAGGG	2	1	2	2	1	2
ACACGACAGCAA	4	1	4	4	1	4
ACACGATCCTAA	1	1	1	0	0	0
ACACGCAACAAC	1	1	1	1	1	1
ACACGCTCCAGC	2	1	2	3	1	3
ACACGGGTCAGA	2	1	2	2	1	2
ACACGGGTCATA	2	1	2	2	1	2
ACACGGTACTTG	1	1	1	1	1	1
ACACGTGTGGCT	1	1	1	1	1	1
ACACTCCAAAGT	1	1	1	1	1	1
ACACTCCATCCC	1	1	1	1	1	1
ACACTGCATAAT	8	1	8	8	1	8
ACACTGCGCTGA	2	1	2	2	1	2
ACACTGCTAAGG	3	1	3	3	1	3
ACACTGGTGCTA	1	1	1	0	0	0
ACACTGGTGCTT	7	1	7	8	1	8
ACACTTAACACG	1	1	1	2	1	2
ACACTTATCACG	1	1	1	0	0	0
ACACTTCACGTG	2	1	2	2	1	2
ACACTTTCTCCG	3	1	3	3	1	3
ACAGAATACACG	4	1	4	5	1	5
ACAGAATAGACG	1	1	1	0	0	0
ACAGAATTGGCC	3	1	3	3	1	3
ACAGAATTGGCG	4	1	4	4	1	4
ACAGACAGATAG	4	1	4	5	1	5
ACAGACGGTGCG	1	1	1	1	1	1
ACAGACTATTGA	1	1	1	1	1	1
ACAGACTGAAGC	1	1	1	0	0	0
ACAGAGGGAAGT	6	1	6	6	1	6
ACAGCAATTGTG	2	1	2	2	1	2
ACAGCATCTTCC	2	1	2	2	1	2
ACAGCATGAATA	2	1	2	3	1	3
ACAGCATGAATC	1	1	1	0	0	0
ACAGCGACAGCC	1	1	1	1	1	1
ACAGCGACTGTG	1	1	1	0	0	0
ACAGCGCATTAG	1	1	1	1	1	1
ACAGCTAGTTTG	2	1	2	2	1	2
ACAGGAGGTTGC	1	1	1	0	0	0
ACAGGAGGTTTC	3	1	3	4	1	4
ACAGGCCTCCTT	4	1	4	4	1	4
ACAGGTAAATTG	2	1	2	2	1	2
ACAGGTAGCTCT	4	1	4	4	1	4
ACAGNAGCATAC	1	1	1	0	0	0
ACAGTAGCATAC	3	1	3	4	1	4
ACAGTATGACAG	1	1	1	1	1	1
ACAGTCGTACTG	1	1	1	0	0	0
ACAGTGAGAGAC	2	1	2	2	1	2
ACAGTGCAGCAA	1	1	1	0	0	0
ACAGTGTAGCAA	3	1	3	4	1	4
ACAGTTTCCACT	3	1	3	3	1	3
ACATAACCATGG	1	1	1	1	1	1
ACATACTGAAGC	2	1	2	3	1	3
ACATAGAACCAT	8	1	8	8	1	8
ACATAGTCAATC	2	1	2	2	1	2
ACATATGATCCC	5	1	5	5	1	5
ACATATGGCGCA	3	1	3	4	1	4
ACATCGACGTAG	1	1	1	1	1	1
ACATCTGGAAAT	2	1	2	2	1	2
ACATGAGACAGT	1	1	1	0	0	0
ACATGAGCCCCA	2	1	2	2	1	2
ACATGATGACCA	2	1	2	2	1	2
ACATGCTAATAG	1	1	1	1	1	1
ACATGGAATAGC	1	1	1	0	0	0
ACATGGAATATC	4	1	4	5	1	5
ACATGGTTCCCA	1	1	1	0	0	0
ACATGTCCGCGA	2	1	2	2	1	2
ACATGTGTGTTA	3	1	3	3	1	3
ACATTACCATAT	1	1	1	1	1	1
ACATTCCCAGTC	2	1	2	2	1	2
ACATTGCGTAGG	1	1	1	1	1	1
ACATTGTGATTC	3	1	3	3	1	3
ACATTTGTCCAT	3	1	3	3	1	3
ACCAAACTGGGA	4	1	4	4	1	4
ACCAAAGTTCGT	1	1	1	1	1	1
ACCAAGACAAGA	1	1	1	1	1	1
ACCAAGTTCCCG	2	1	2	4	1	4
ACCAATACCACA	6	1	6	6	1	6
ACCAATGGTAAA	1	1	1	0	0	0
ACCAATGGTAAG	2	1	2	3	1	3
ACCACACGCATA	1	1	1	1	1	1
ACCACATGAGGA	2	1	2	3	1	3
ACCACATTTCTG	2	1	2	2	1	2
ACCACCCTATAT	3	1	3	3	1	3
ACCACCTTTGGC	5	1	5	5	1	5
ACCACGCTTTCA	4	1	4	5	1	5
ACCACGGAAGTA	3	1	3	3	1	3
ACCACGTCAACG	2	1	2	2	1	2
ACCACTGAAGAG	1	1	1	2	1	2
ACCACTGAAGGG	1	1	1	0	0	0
ACCACTTTTAGT	3	1	3	3	1	3
ACCAGAAGCAGT	1	1	1	1	1	1
ACCAGATGAACA	3	1	3	3	1	3
ACCAGCAGGTAA	5	1	5	5	1	5
ACCAGCTGACGT	3	1	3	3	1	3
ACCAGGCTTTCA	1	1	1	0	0	0
ACCAGGTCGGAG	1	1	1	1	1	1
ACCAGGTTCCCG	1	1	1	0	0	0
ACCAGTTTAAGA	2	1	2	2	1	2
ACCATAATAGTC	2	1	2	3	1	3
ACCATAATAGTN	1	1	1	0	0	0
ACCATATAACGT	1	1	1	1	1	1
ACCATCACCCCG	1	1	1	1	1	1
ACCATCCCCTCT	1	1	1	1	1	1
ACCATCCTTGCG	1	1	1	1	1	1
ACCATGGGACCA	1	1	1	0	0	0
ACCATTGATCCA	2	1	2	2	1	2
ACCATTGCGGAA	4	1	4	4	1	4
ACCCACTGACAA	3	1	3	3	1	3
ACCCACTTCATG	1	1	1	1	1	1
ACCCATATTGGG	5	1	5	5	1	5
ACCCATGGAAAA	5	1	5	5	1	5
ACCCCGGTGACT	8	1	8	8	1	8
ACCCGACGTCAT	1	1	1	1	1	1
ACCCGCTCGTCG	2	1	2	2	1	2
ACCCGGTATGAT	7	1	7	8	1	8
ACCCNGTATGAT	1	1	1	0	0	0
ACCCTAGCGCTG	1	1	1	1	1	1
ACCCTATAACGG	1	1	1	1	1	1
ACCCTGTGAATA	1	1	1	1	1	1
ACCCTTGGCTTG	1	1	1	1	1	1
ACCCTTGGTTAT	1	1	1	1	1	1
ACCCTTTCCTCA	3	1	3	3	1	3
ACCCTTTTTACT	1	1	1	1	1	1
ACCGAACCTCGT	1	1	1	1	1	1
ACCGAGCTATGA	1	1	1	1	1	1
ACCGAGNCGCAT	1	1	1	1	1	1
ACCGAGTATTTC	2	1	2	2	1	2
ACCGATCGCTCA	2	1	2	2	1	2
ACCGCAGCAACA	3	1	3	4	1	4
ACCGCCCTAGAG	2	1	2	2	1	2
ACCGCCGACAGA	3	1	3	3	1	3
ACCGCGGACTTT	8	1	8	8	1	8
ACCGGACAGTTA	4	1	4	4	1	4
ACCGGAGTGTGC	1	1	1	1	1	1
ACCGGCACCCCT	6	1	6	6	1	6
ACCGGCAGAAAC	2	1	2	3	1	3
ACCGGCAGAGAC	1	1	1	0	0	0
ACCGGGCAGTTA	3	1	3	3	1	3
ACCGGGGAATGG	1	1	1	0	0	0
ACCGGGGCTAGT	5	1	5	5	1	5
ACCGGTAAGTCT	1	1	1	1	1	1
ACCGTGGAATGG	2	1	2	3	1	3
ACCGTGNAATAG	1	1	1	1	1	1
ACCTAACCGGGG	3	1	3	3	1	3
ACCTATAACGGT	4	1	4	4	1	4
ACCTATCAACGA	1	1	1	1	1	1
ACCTCAGCAACA	1	1	1	0	0	0
ACCTCAGTCCTG	2	1	2	2	1	2
ACCTCGGGGTTT	3	1	3	3	1	3
ACCTCGTCCCCC	1	1	1	0	0	0
ACCTCTCGCCGG	3	1	3	3	1	3
ACCTCTGACCAA	2	1	2	2	1	2
ACCTCTGGTGTA	4	1	4	4	1	4
ACCTGAATTATG	3	1	3	3	1	3
ACCTGACCGGTG	2	1	2	2	1	2
ACCTGCGTGCTA	1	1	1	1	1	1
ACCTGGAATGAA	1	1	1	0	0	0
ACCTGGGACTTA	1	1	1	1	1	1
ACCTGGGGTGCG	3	1	3	3	1	3
ACCTGGTGGGCT	4	1	4	4	1	4
ACCTGGTTCCCA	2	1	2	3	1	3
ACCTGGTTTTGT	2	1	2	2	1	2
ACCTGTAAACGA	3	1	3	3	1	3
ACCTGTCCTGTC	2	1	2	2	1	2
ACCTTAGAACTT	1	1	1	1	1	1
ACCTTAGTCTTC	4	1	4	4	1	4
ACCTTATTAAAG	3	1	3	3	1	3
ACCTTCAATTTA	1	1	1	1	1	1
ACCTTCGTTGCC	1	1	1	1	1	1
ACCTTGCCGCTC	6	1	6	6	1	6
ACCTTGTATTGC	3	1	3	3	1	3
ACCTTTACTGAT	8	1	8	8	1	8
ACCTTTATTAGT	1	1	1	2	1	2
ACCTTTGAAGGC	4	1	4	4	1	4
ACCTTTGTTAGT	1	1	1	0	0	0
ACCTTTTAAATA	2	1	2	2	1	2
ACGAAACAGGAC	4	1	4	4	1	4
ACGAACCACCAT	2	1	2	2	1	2
ACGAAGACGAAA	1	1	1	2	1	2
ACGAAGCAAGAC	2	1	2	2	1	2
ACGAAGCCGAAA	1	1	1	0	0	0
ACGAAGTTCCCG	1	1	1	0	0	0
ACGAATACTCAC	4	1	4	4	1	4
ACGAATACTCCC	3	1	3	3	1	3
ACGACAAACCGC	1	1	1	0	0	0
ACGACAACAGGC	1	1	1	0	0	0
ACGACACCCAGC	3	1	3	3	1	3
ACGACATCAGGC	2	1	2	3	1	3
ACGACCTCGATC	1	1	1	1	1	1
ACGACGTCACAA	3	1	3	3	1	3
ACGAGATCCGAC	2	1	2	2	1	2
ACGAGATCGAGT	1	1	1	1	1	1
ACGAGCTACCGG	1	1	1	2	1	2
ACGAGTGTGGTC	1	1	1	1	1	1
ACGATACCACTA	2	1	2	2	1	2
ACGATCCCGTAG	1	1	1	1	1	1
ACGATCGGAGCA	2	1	2	2	1	2
ACGATTACCTCC	6	1	6	6	1	6
ACGATTGAAAGA	1	1	1	1	1	1
ACGCAACCACGG	1	1	1	1	1	1
ACGCAACGGATT	1	1	1	1	1	1
ACGCAATAAATG	1	1	1	1	1	1
ACGCACATGATG	4	1	4	4	1	4
ACGCACTACTGT	6	1	6	6	1	6
ACGCAGAACATG	4	1	4	4	1	4
ACGCAGCCGTGG	1	1	1	1	1	1
ACGCAGCTGAAC	1	1	1	2	1	2
ACGCAGCTGTAC	1	1	1	0	0	0
ACGCCGACGGGA	1	1	1	1	1	1
ACGCCGCCTCGA	1	1	1	1	1	1
ACGCCGGACTCG	2	1	2	2	1	2
ACGCCGGTACGG	1	1	1	0	0	0
ACGCCGTGCAAC	1	1	1	0	0	0
ACGCCTGTACGG	2	1	2	3	1	3
ACGCGAAGAATG	4	1	4	4	1	4
ACGCGATACTAA	2	1	2	2	1	2
ACGCGCAATGTA	3	1	3	3	1	3
ACGCGCCATGAC	8	1	8	8	1	8
ACGCGCCGTGGC	1	1	1	1	1	1
ACGCGGTGCAAC	5	1	5	6	1	6
ACGCGTTCCGCG	2	1	2	2	1	2
ACGCTAAGAGCA	1	1	1	0	0	0
ACGCTAGAGCTA	1	1	1	1	1	1
ACGCTAGGACTG	3	1	3	3	1	3
ACGCTCCTGTGT	1	1	1	1	1	1
ACGCTCTAAAGG	2	1	2	2	1	2
ACGCTCTGCAAT	1	1	1	2	1	2
ACGCTGCCCTCT	1	1	1	1	1	1
ACGCTGGCGCTA	2	1	2	2	1	2
ACGCTGTTTGAG	1	1	1	1	1	1
ACGCTTTGCAAT	1	1	1	0	0	0
ACGGAAAAGCGC	2	1	2	2	1	2
ACGGAAGTGGCT	1	1	1	1	1	1
ACGGAATAATGG	1	1	1	0	0	0
ACGGAATAGTGG	3	1	3	4	1	4
ACGGAATGAAAG	3	1	3	3	1	3
ACGGACCGGGGC	1	1	1	1	1	1
ACGGCAACACAG	1	1	1	1	1	1
ACGGCCGAACAT	3	1	3	3	1	3
ACGGCCTTTATG	3	1	3	3	1	3
ACGGCGAATTAG	2	1	2	2	1	2
ACGGCGGCGGCG	3	1	3	3	1	3
ACGGCTTTCACT	2	1	2	2	1	2
ACGGGACGAGTA	1	1	1	0	0	0
ACGGGAGAAACA	1	1	1	1	1	1
ACGGGATAAGGC	1	1	1	1	1	1
ACGGGCACTGAG	3	1	3	3	1	3
ACGGGCTACCGG	1	1	1	0	0	0
ACGGGCTTCCAA	4	1	4	4	1	4
ACGGGGACCTAG	2	1	2	2	1	2
ACGGTATATCCC	1	1	1	0	0	0
ACGGTATATCGC	3	1	3	4	1	4
ACGGTCATCCTT	5	1	5	5	1	5
ACGGTCGGAGTT	3	1	3	3	1	3
ACGGTTCAATGT	4	1	4	4	1	4
ACGTAAAAACCT	1	1	1	1	1	1
ACGTAATGGAGT	3	1	3	3	1	3
ACGTAGACTTCT	3	1	3	3	1	3
ACGTAGCTAGTC	1	1	1	1	1	1
ACGTCACACATA	4	1	4	4	1	4
ACGTCCGTACCT	4	1	4	4	1	4
ACGTCGTCATAT	1	1	1	1	1	1
ACGTGATCGATC	5	1	5	5	1	5
ACGTGCATATTC	4	1	4	4	1	4
ACGTGGCCTAGT	1	1	1	1	1	1
ACGTGGCTGGTG	3	1	3	3	1	3
ACGTGGTCGTCA	1	1	1	1	1	1
ACGTTCGGATCT	5	1	5	5	1	5
ACGTTGAGAGCT	2	1	2	2	1	2
ACGTTTAGCGAG	1	1	1	1	1	1
ACTAAAAACGCG	2	1	2	2	1	2
ACTAAACCTGAC	3	1	3	3	1	3
ACTAACAAATAA	2	1	2	2	1	2
ACTAACATGCAG	4	1	4	4	1	4
ACTAAGTGATTG	2	1	2	2	1	2
ACTAATGCGCTA	1	1	1	1	1	1
ACTAATTTAAGA	2	1	2	3	1	3
ACTAATTTAAGT	1	1	1	0	0	0
ACTACACCTCAA	1	1	1	1	1	1
ACTACACTTTGA	4	1	4	4	1	4
ACTACCGCCGCG	2	1	2	2	1	2
ACTACGCCGGAA	3	1	3	3	1	3
ACTACGGGTGTA	3	1	3	3	1	3
ACTACGTGAAGT	2	1	2	2	1	2
ACTAGCTTCGTA	3	1	3	3	1	3
ACTAGGAGTCAC	1	1	1	1	1	1
ACTAGTGAAGAT	4	1	4	4	1	4
ACTATCATCCCT	3	1	3	3	1	3
ACTATGCAAATC	1	1	1	1	1	1
ACTATGCTTTAC	5	1	5	5	1	5
ACTATGGGACCA	2	1	2	4	1	4
ACTATTACCATG	2	1	2	5	1	5
ACTATTACTAGG	1	1	1	1	1	1
ACTATTCCCATG	1	1	1	0	0	0
ACTATTGCGTTT	1	1	1	0	0	0
ACTATTTCGTTT	3	1	3	4	1	4
ACTCAAACCGTG	2	1	2	2	1	2
ACTCAGAACTAT	3	1	3	3	1	3
ACTCAGGATTAT	3	1	3	3	1	3
ACTCATCCTGTT	2	1	2	2	1	2
ACTCCGCGAAGT	4	1	4	4	1	4
ACTCCTAGCTCG	1	1	1	1	1	1
ACTCGAACACCG	4	1	4	4	1	4
ACTCGCACCGAG	1	1	1	1	1	1
ACTCGGGGCCCC	3	1	3	3	1	3
ACTCGTCGGAAT	4	1	4	4	1	4
ACTCGTGAGCCT	2	1	2	2	1	2
ACTCTATACTAA	1	1	1	0	0	0
ACTCTATACTGA	7	1	7	8	1	8
ACTCTGGGGGCT	1	1	1	0	0	0
ACTCTTACCATG	1	1	1	0	0	0
ACTCTTACTACC	2	1	2	2	1	2
ACTCTTATCGTG	1	1	1	1	1	1
ACTCTTTAAACC	3	1	3	3	1	3
ACTCTTTGAAGT	4	1	4	4	1	4
ACTGAAGGCTGT	1	1	1	2	1	2
ACTGACAAGGTG	2	1	2	2	1	2
ACTGACCCGTGG	1	1	1	1	1	1
ACTGACGAATGC	1	1	1	1	1	1
ACTGAGCTTGGC	2	1	2	2	1	2
ACTGATAAGAAT	1	1	1	1	1	1
ACTGCCACATAT	2	1	2	2	1	2
ACTGCCCCTGAT	2	1	2	2	1	2
ACTGCGAACACG	3	1	3	3	1	3
ACTGCGAGCGCA	2	1	2	3	1	3
ACTGCGNGCGCA	1	1	1	0	0	0
ACTGCGTAGGTT	2	1	2	2	1	2
ACTGCTGACGCT	2	1	2	2	1	2
ACTGGCGGTCTC	6	1	6	6	1	6
ACTGGGGTAGTA	3	1	3	3	1	3
ACTGGGGTTAGA	3	1	3	3	1	3
ACTGGTCTAATG	3	1	3	3	1	3
ACTGGTGGCCCG	4	1	4	4	1	4
ACTGTAAGAACG	3	1	3	3	1	3
ACTGTACCCCGC	1	1	1	1	1	1
ACTGTAGAGGAG	3	1	3	3	1	3
ACTGTAGGCTGT	1	1	1	0	0	0
ACTGTATCAATC	2	1	2	2	1	2
ACTGTATTGGCG	2	1	2	2	1	2
ACTGTCAGAGCG	5	1	5	5	1	5
ACTGTGAGCGAA	1	1	1	1	1	1
ACTGTGCGGGTG	3	1	3	3	1	3
ACTGTGGGTCGA	1	1	1	1	1	1
ACTGTTACCATG	1	1	1	0	0	0
ACTTAAGCTTAG	1	1	1	1	1	1
ACTTAATGAAAA	3	1	3	3	1	3
ACTTACCTTTAA	4	1	4	4	1	4
ACTTACTTTTAA	4	1	4	4	1	4
ACTTAGGCAGTA	1	1	1	1	1	1
ACTTAGGTCTTA	1	1	1	1	1	1
ACTTATAAAGAG	2	1	2	2	1	2
ACTTATTGTTTG	1	1	1	1	1	1
ACTTCATACAAA	4	1	4	4	1	4
ACTTCCCGCTTA	3	1	3	4	1	4
ACTTCGAGAGAT	1	1	1	1	1	1
ACTTCGGTGAAT	1	1	1	1	1	1
ACTTCGTCCGCC	5	1	5	5	1	5
ACTTCGTGGTCC	1	1	1	1	1	1
ACTTCTCCGTTT	1	1	1	1	1	1
ACTTCTTGCGTG	1	1	1	0	0	0
ACTTGAACACCG	3	1	3	3	1	3
ACTTGCACGGCA	1	1	1	1	1	1
ACTTGCGGACAT	4	1	4	4	1	4
ACTTGCGGACCT	4	1	4	4	1	4
ACTTGCTTCAGT	3	1	3	3	1	3
ACTTGGCACCGA	2	1	2	2	1	2
ACTTTTGGCCAC	3	1	3	3	1	3
ACTTTTTCGGCT	1	1	1	1	1	1
AGAAAAGCAACC	1	1	1	1	1	1
AGAAAAGTTGAC	7	1	7	8	1	8
AGAAAAGTTGTC	1	1	1	0	0	0
AGAAACGGTCAA	3	1	3	3	1	3
AGAAATAGGTGG	4	1	4	4	1	4
AGAAATGGGGCG	3	1	3	3	1	3
AGAACAGCATAA	1	1	1	1	1	1
AGAAGAAAATGC	8	1	8	8	1	8
AGAAGAGACGGG	2	1	2	2	1	2
AGAAGCATAAGC	4	1	4	4	1	4
AGAAGGGCCGGG	3	1	3	3	1	3
AGAAGTGCAGAG	1	1	1	1	1	1
AGAATAGCGCGA	4	1	4	4	1	4
AGAATAGCTAAG	2	1	2	2	1	2
AGAATCACCCCG	1	1	1	0	0	0
AGAATCACCTCG	3	1	3	4	1	4
AGAATCTGAAGC	1	1	1	0	0	0
AGAATCTTACAG	2	1	2	2	1	2
AGAATNATATCG	1	1	1	0	0	0
AGAATTAGATCG	1	1	1	0	0	0
AGAATTATATCG	5	1	5	8	1	8
AGAATTCTTTGG	2	1	2	2	1	2
AGAATTTCCCGG	1	1	1	1	1	1
AGAATTTGAACG	1	1	1	3	1	3
AGAATTTTAAGC	2	1	2	3	1	3
AGAATTTTCGCC	1	1	1	1	1	1
AGACAAAACTCT	2	1	2	2	1	2
AGACAACAGAGA	3	1	3	3	1	3
AGACAACCCTTT	1	1	1	1	1	1
AGACAACTTAGA	2	1	2	2	1	2
AGACACATTCAA	3	1	3	3	1	3
AGACAGCTTGCG	1	1	1	1	1	1
AGACAGGGAAAC	1	1	1	0	0	0
AGACATCCTGTC	2	1	2	2	1	2
AGACCACAACCG	3	1	3	3	1	3
AGACCACACTAG	2	1	2	2	1	2
AGACCATACTAA	2	1	2	2	1	2
AGACCCTCTCTC	1	1	1	0	0	0
AGACCCTGTCTC	2	1	2	3	1	3
AGACCGTCATTC	3	1	3	3	1	3
AGACCTCTTTTT	4	1	4	4	1	4
AGACGCCACTCG	5	1	5	5	1	5
AGACGGCACTTC	1	1	1	1	1	1
AGACGGCAGGAG	3	1	3	3	1	3
AGACGGCGCGAC	2	1	2	2	1	2
AGACGGGTAACT	4	1	4	4	1	4
AGACTACTGGCG	5	1	5	5	1	5
AGACTAGTGATT	6	1	6	6	1	6
AGACTATGTGGC	2	1	2	3	1	3
AGACTATGTNGC	1	1	1	0	0	0
AGACTGAAGATG	3	1	3	3	1	3
AGACTGCGCACA	2	1	2	2	1	2
AGACTGGTTTAT	1	1	1	1	1	1
AGACTTTCACCA	5	1	5	5	1	5
AGACTTTCTACT	1	1	1	0	0	0
AGAGAAATGGAT	2	1	2	2	1	2
AGAGAACATGGT	2	1	2	2	1	2
AGAGAACTTACT	1	1	1	1	1	1
AGAGACCGCAGC	3	1	3	3	1	3
AGAGACCGGCAT	1	1	1	1	1	1
AGAGATCCCTGA	4	1	4	4	1	4
AGAGATGGCTGC	2	1	2	3	1	3
AGAGATGTCTGC	1	1	1	0	0	0
AGAGATGTGCCT	3	1	3	3	1	3
AGAGATTGACCC	3	1	3	3	1	3
AGAGATTTCCCC	4	1	4	4	1	4
AGAGCCTTACTC	1	1	1	1	1	1
AGAGCTAGGAAG	2	1	2	2	1	2
AGAGGAGATAAT	1	1	1	1	1	1
AGAGGGTAGGGG	3	1	3	3	1	3
AGAGGGTGGCAA	3	1	3	3	1	3
AGAGGTAACTGC	1	1	1	1	1	1
AGAGGTGTGAGG	2	1	2	2	1	2
AGAGGTTCATCC	1	1	1	2	1	2
AGAGTATCAGAA	1	1	1	0	0	0
AGAGTATTAGAA	4	1	4	5	1	5
AGAGTCAAAAAA	3	1	3	3	1	3
AGAGTCTGAAGC	2	1	2	3	1	3
AGAGTGGCTCTC	3	1	3	3	1	3
AGAGTGGTAGGA	1	1	1	2	1	2
AGAGTGGTAGGG	1	1	1	0	0	0
AGAGTGTAGCAC	4	1	4	4	1	4
AGAGTTACACTC	2	1	2	2	1	2
AGATACATCCTT	1	1	1	0	0	0
AGATACTGACAA	4	1	4	4	1	4
AGATACTTCGAC	4	1	4	4	1	4
AGATAGAGGGTA	4	1	4	4	1	4
AGATAGCGATTC	1	1	1	1	1	1
AGATAGGATGCT	1	1	1	0	0	0
AGATAGGCCAGC	5	1	5	5	1	5
AGATATAGGCAT	1	1	1	0	0	0
AGATATGGGCAT	4	1	4	5	1	5
AGATCAGCAACT	8	1	8	8	1	8
AGATCATCGACA	1	1	1	1	1	1
AGATCCGCAACC	3	1	3	3	1	3
AGATGAATTCCG	1	1	1	1	1	1
AGATGACGAAGG	1	1	1	1	1	1
AGATGAGAGTGA	4	1	4	4	1	4
AGATGCATCGTT	3	1	3	3	1	3
AGATGCCGGAGT	2	1	2	2	1	2
AGATGGTGTAAA	1	1	1	1	1	1
AGATGTCAACCA	3	1	3	4	1	4
AGATTACGCACG	3	1	3	3	1	3
AGATTAGATATG	3	1	3	3	1	3
AGATTCAGGAGA	4	1	4	7	1	7
AGATTCCGGAGA	1	1	1	0	0	0
AGATTCGGGAGA	2	1	2	0	0	0
AGATTCTCAAGC	2	1	2	2	1	2
AGATTCTCCCNG	1	1	1	0	0	0
AGATTCTCCCTG	2	1	2	0	0	0
AGATTCTCCGTG	4	1	4	7	1	7
AGATTGACGTGG	2	1	2	2	1	2
AGATTGGATGCA	2	1	2	2	1	2
AGATTTAGCAAT	1	1	1	0	0	0
AGATTTTAGTCC	1	1	1	1	1	1
AGATTTTCAAAA	1	1	1	0	0	0
AGATTTTCAGAA	2	1	2	3	1	3
AGATTTTCTACT	4	1	4	5	1	5
AGCAAACGAGTC	4	1	4	4	1	4
AGCAAAGCACGA	3	1	3	3	1	3
AGCAACATGCGA	3	1	3	3	1	3
AGCAACTAGGAT	3	1	3	3	1	3
AGCAAGACTCGC	5	1	5	5	1	5
AGCAAGGCCTAT	2	1	2	2	1	2
AGCAAGTGACAA	5	1	5	5	1	5
AGCAATTAAGGT	1	1	1	1	1	1
AGCACACAAGCC	4	1	4	4	1	4
AGCACCTGCGTT	7	1	7	8	1	8
AGCACCTGCTTT	1	1	1	0	0	0
AGCACCTTTTCC	3	1	3	3	1	3
AGCACTCGATAA	1	1	1	1	1	1
AGCACTCTGACG	3	1	3	3	1	3
AGCACTGTTGCG	3	1	3	3	1	3
AGCACTTACATG	3	1	3	4	1	4
AGCACTTACCTG	1	1	1	0	0	0
AGCAGCCTGTTT	1	1	1	1	1	1
AGCAGCTCTATG	1	1	1	1	1	1
AGCAGCTTTCAT	1	1	1	0	0	0
AGCAGGTTTCAT	4	1	4	6	1	6
AGCAGGTTTGAT	1	1	1	0	0	0
AGCATACTCTTG	1	1	1	1	1	1
AGCATATATTGT	4	1	4	4	1	4
AGCATATGCTCA	2	1	2	2	1	2
AGCATCACCTAC	6	1	6	6	1	6
AGCATCATAACA	1	1	1	1	1	1
AGCATCATCCAT	3	1	3	3	1	3
AGCATGCGCAAT	1	1	1	1	1	1
AGCATGGGCCCT	5	1	5	5	1	5
AGCATGTATAAT	2	1	2	2	1	2
AGCATTATATCG	1	1	1	0	0	0
AGCATTCACTGG	5	1	5	5	1	5
AGCATTCCACCC	1	1	1	1	1	1
AGCATTTGCCAT	2	1	2	2	1	2
AGCCAACTCGCA	4	1	4	4	1	4
AGCCACCGCCTA	2	1	2	3	1	3
AGCCACCTTTAT	2	1	2	2	1	2
AGCCACGTAGAT	1	1	1	1	1	1
AGCCACTTATTT	3	1	3	3	1	3
AGCCAGAGCTAG	1	1	1	1	1	1
AGCCATTGCTGA	1	1	1	1	1	1
AGCCCAGACTGC	3	1	3	3	1	3
AGCCCCGGTTTT	1	1	1	1	1	1
AGCCCGAAGGGC	3	1	3	3	1	3
AGCCCGAAGGTC	3	1	3	3	1	3
AGCCCGAGCGTC	2	1	2	2	1	2
AGCCCGTCCGCT	1	1	1	0	0	0
AGCCCGTCCGGT	2	1	2	3	1	3
AGCCCTCAGATT	1	1	1	1	1	1
AGCCCTCGGACT	1	1	1	1	1	1
AGCCCTTAAAGG	2	1	2	3	1	3
AGCCCTTAAGGG	1	1	1	0	0	0
AGCCCTTCGGGC	1	1	1	0	0	0
AGCCCTTCGTGC	2	1	2	3	1	3
AGCCGGACGCAC	3	1	3	3	1	3
AGCCGTGGTAGC	2	1	2	2	1	2
AGCCNCGACTCT	1	1	1	0	0	0
AGCCTCGACTCT	2	1	2	3	1	3
AGCCTCTTCCAG	8	1	8	8	1	8
AGCCTGCTTCCA	5	1	5	5	1	5
AGCCTTCAAGAA	2	1	2	2	1	2
AGCCTTGCTGCT	2	1	2	2	1	2
AGCGAAGCACGA	4	1	4	4	1	4
AGCGAATTCAAT	4	1	4	4	1	4
AGCGACCCCATG	3	1	3	3	1	3
AGCGACCTAGTT	8	1	8	8	1	8
AGCGACGGTCCG	2	1	2	2	1	2
AGCGAGATAAAA	1	1	1	1	1	1
AGCGAGATCAGA	1	1	1	1	1	1
AGCGAGATGGTG	2	1	2	2	1	2
AGCGATAGTTAT	2	1	2	2	1	2
AGCGATTAAGGT	3	1	3	3	1	3
AGCGCCCTAAAG	1	1	1	1	1	1
AGCGCCCTAAGT	2	1	2	4	1	4
AGCGCCCTGAGT	1	1	1	0	0	0
AGCGCCGTAAGT	1	1	1	0	0	0
AGCGCGATTCAG	3	1	3	3	1	3
AGCGCTAGTATN	1	1	1	1	1	1
AGCGCTTTACAG	3	1	3	4	1	4
AGCGGCCTCCAT	1	1	1	0	0	0
AGCGTCCCGCTG	3	1	3	4	1	4
AGCGTCGATAGA	4	1	4	4	1	4
AGCGTCGCCTCC	1	1	1	1	1	1
AGCGTCTACGGT	2	1	2	2	1	2
AGCGTGGGACTA	3	1	3	3	1	3
AGCGTTCTCTAG	1	1	1	0	0	0
AGCNACCGCCTA	1	1	1	0	0	0
AGCTAACTAAAC	4	1	4	4	1	4
AGCTAACTAGAC	4	1	4	4	1	4
AGCTAGGGACAC	5	1	5	5	1	5
AGCTATTACGTA	1	1	1	1	1	1
AGCTCCTAATTT	2	1	2	2	1	2
AGCTCTAAGGTG	1	1	1	1	1	1
AGCTCTACTAGG	3	1	3	3	1	3
AGCTCTCCGGGA	4	1	4	5	1	5
AGCTCTGGAATT	3	1	3	3	1	3
AGCTCTTTCAAC	6	1	6	6	1	6
AGCTGCAGTTAG	4	1	4	4	1	4
AGCTGCCTCCAT	2	1	2	3	1	3
AGCTGCTGAGAT	1	1	1	0	0	0
AGCTGCTGTGAT	4	1	4	5	1	5
AGCTGGCCGACT	2	1	2	2	1	2
AGCTGGGATCAT	1	1	1	1	1	1
AGCTGGGTTAGA	1	1	1	1	1	1
AGCTGGTACAAC	3	2	7	4	2	8
AGCTTATCAGTG	1	1	1	0	0	0
AGCTTCGATCGT	1	1	1	1	1	1
AGCTTGTCCAAA	1	1	1	3	1	3
AGCTTTCAAGCG	3	1	3	4	1	4
AGCTTTCCAGCG	1	1	1	0	0	0
AGCTTTCTCTAG	7	1	7	8	1	8
AGGAACAATCAC	4	1	4	4	1	4
AGGAATCAGTCC	2	1	2	0	0	0
AGGAATCCCCAG	1	1	1	1	1	1
AGGAATNAGTCC	1	1	1	0	0	0
AGGACCCACTTA	5	1	5	5	1	5
AGGACCTCGTAT	1	1	1	1	1	1
AGGACCTGAAGT	3	1	3	3	1	3
AGGACGTAAAAG	3	1	3	3	1	3
AGGACTAGTGAA	4	1	4	5	1	5
AGGACTAGTGAG	1	1	1	0	0	0
AGGAGACGAGAC	1	1	1	1	1	1
AGGAGAGAGCCT	1	1	1	1	1	1
AGGAGCGGTCGC	1	1	1	0	0	0
AGGAGGGGTAAC	2	1	2	2	1	2
AGGATACCGTTG	3	1	3	3	1	3
AGGATACTCGGA	5	1	5	5	1	5
AGGATCAACTCG	2	1	2	2	1	2
AGGATCGTGCAA	5	1	5	5	1	5
AGGCAAAAAATT	4	1	4	4	1	4
AGGCAACTACCC	8	1	8	8	1	8
AGGCACGTACCG	1	1	1	1	1	1
AGGCAGCTCCTG	4	1	4	4	1	4
AGGCAGTAGATT	2	1	2	2	1	2
AGGCAGTAGTAT	3	1	3	3	1	3
AGGCAGTAGTTA	2	1	2	2	1	2
AGGCATATTCGC	1	1	1	1	1	1
AGGCATCATCAG	6	1	6	6	1	6
AGGCCATATATT	5	1	5	5	1	5
AGGCCATTATGA	1	1	1	1	1	1
AGGCCCTATATG	2	1	2	2	1	2
AGGCCGAGGTCC	1	1	1	1	1	1
AGGCCGGAGCCC	5	1	5	5	1	5
AGGCCTTGACNG	1	1	1	1	1	1
AGGCCTTGAGCG	1	1	1	1	1	1
AGGCGCCTTTGA	2	1	2	2	1	2
AGGCGTCAAAAC	4	1	4	4	1	4
AGGCGTGAAAAC	4	1	4	4	1	4
AGGCTACTGGGT	1	1	1	1	1	1
AGGCTCCCAGCT	2	1	2	2	1	2
AGGCTCCGTGTT	3	1	3	3	1	3
AGGCTCGCTTTG	1	1	1	1	1	1
AGGCTGAAGATC	3	1	3	3	1	3
AGGCTGACACTC	1	1	1	0	0	0
AGGCTTGATTAA	2	1	2	2	1	2
AGGGAAACGCCT	1	1	1	1	1	1
AGGGAAGCCATC	1	1	1	2	1	2
AGGGAAGCTCGT	1	1	1	1	1	1
AGGGAAGNCATC	1	1	1	0	0	0
AGGGAAGTGTTA	1	1	1	1	1	1
AGGGACGTGTTG	3	1	3	3	1	3
AGGGAGACAAGG	1	1	1	0	0	0
AGGGAGACATTC	2	1	2	3	1	3
AGGGAGCCATTC	1	1	1	0	0	0
AGGGATAAGTCC	1	1	1	1	1	1
AGGGATTTGGAG	5	1	5	5	1	5
AGGGCATATATC	3	1	3	3	1	3
AGGGCCGGGTAT	2	1	2	2	1	2
AGGGCTCAACCT	1	1	1	1	1	1
AGGGCTCGCACG	5	1	5	5	1	5
AGGGGAATTGTT	3	1	3	4	1	4
AGGGGACGAGTA	4	1	4	5	1	5
AGGGGACTACTT	2	1	2	2	1	2
AGGGGCACCTAC	4	1	4	4	1	4
AGGGGCTATCTC	6	1	6	6	1	6
AGGGGGTATAGG	4	1	4	4	1	4
AGGGGTAAACGT	1	1	1	0	0	0
AGGGGTAAGTTC	1	1	1	1	1	1
AGGGGTGGTGAC	3	1	3	3	1	3
AGGGGTGTAACT	2	1	2	2	1	2
AGGGTAGCCAGA	2	1	2	2	1	2
AGGGTATGAGAT	1	1	1	1	1	1
AGGGTCAGCACC	3	1	3	3	1	3
AGGGTCCACCCG	3	1	3	3	1	3
AGGGTCCCGCTG	4	1	4	4	1	4
AGGGTCGTAGAT	1	1	1	1	1	1
AGGGTCGTGCGA	2	1	2	3	1	3
AGGGTCNTGCGA	1	1	1	0	0	0
AGGGTGGGCGGA	1	1	1	1	1	1
AGGGTGTTCCCA	3	1	3	3	1	3
AGGGTTGCAAAT	1	1	1	1	1	1
AGGTACAAGGAA	5	1	5	5	1	5
AGGTAGTTCACC	2	1	2	2	1	2
AGGTATCCCCTA	3	1	3	5	1	5
AGGTATCCCCTT	1	1	1	0	0	0
AGGTATGCCCTA	1	1	1	0	0	0
AGGTCATGGGAC	1	1	1	0	0	0
AGGTCCAGCTGA	1	1	1	1	1	1
AGGTCGAATACA	2	1	2	2	1	2
AGGTCGATCAAA	1	1	1	1	1	1
AGGTCGTAGCGT	1	1	1	1	1	1
AGGTCGTTATGA	2	1	2	2	1	2
AGGTCTCAGCGT	2	1	2	2	1	2
AGGTCTTGGGAC	2	1	2	3	1	3
AGGTGCACTACA	3	1	3	4	1	4
AGGTGCGACGGA	1	1	1	1	1	1
AGGTGCGCTACA	1	1	1	0	0	0
AGGTGGATGAAA	3	1	3	3	1	3
AGGTGTAAACGT	5	1	5	6	1	6
AGGTTATAGGAC	2	1	2	3	1	3
AGGTTNTAGGAC	1	1	1	0	0	0
AGGTTTACCATA	2	1	2	2	1	2
AGNTGTCAACCA	1	1	1	0	0	0
AGTAACAGCACC	3	1	3	3	1	3
AGTAACCTCCAG	8	1	8	8	1	8
AGTAAGCCCCGC	1	1	1	1	1	1
AGTACAGCACCT	4	1	4	4	1	4
AGTACATTGGAC	2	1	2	2	1	2
AGTACCCTCTCC	1	1	1	1	1	1
AGTACCTGGGCG	4	1	4	4	1	4
AGTACGACTCCG	1	1	1	1	1	1
AGTACGCGTTTG	4	1	4	4	1	4
AGTAGAATGTCC	1	1	1	0	0	0
AGTAGAATGTGC	2	1	2	3	1	3
AGTAGATATTTC	1	1	1	1	1	1
AGTAGCATGGGT	2	1	2	4	1	4
AGTAGCATTGGT	1	1	1	0	0	0
AGTAGCCTTTGG	3	1	3	4	1	4
AGTAGCNTTTGG	1	1	1	0	0	0
AGTAGCTAGAAC	1	1	1	1	1	1
AGTAGCTCGCAC	4	1	4	4	1	4
AGTAGGCTCGAC	2	1	2	2	1	2
AGTAGTAATTCC	4	1	4	4	1	4
AGTAGTCATGCT	3	1	3	3	1	3
AGTAGTGTCAAA	3	1	3	3	1	3
AGTAGTTTCAAA	3	1	3	4	1	4
AGTAGTTTGTTT	1	1	1	1	1	1
AGTAGTTTTAAA	1	1	1	0	0	0
AGTATACAGTGC	1	1	1	1	1	1
AGTATCGCTATT	8	1	8	8	1	8
AGTATCTTGGCA	3	1	3	3	1	3
AGTATTGCAAGC	1	1	1	1	1	1
AGTCACATAATG	6	1	6	6	1	6
AGTCACGAGAAT	1	1	1	1	1	1
AGTCACGAGGTA	2	1	2	2	1	2
AGTCACGCAACT	6	1	6	6	1	6
AGTCACGTTCTT	3	1	3	3	1	3
AGTCAGTATTCG	5	1	5	6	1	6
AGTCATATTAGG	2	1	2	2	1	2
AGTCATTACTAA	1	1	1	1	1	1
AGTCCAACCATT	1	1	1	1	1	1
AGTCCAATATGT	4	1	4	4	1	4
AGTCCAGAAGTT	1	1	1	0	0	0
AGTCCCGTTATA	3	1	3	3	1	3
AGTCCCTGCCCG	2	1	2	2	1	2
AGTCCGTCATGA	2	1	2	2	1	2
AGTCCTAACCAA	3	1	3	3	1	3
AGTCCTTCTCTA	1	1	1	1	1	1
AGTCGAGAAGTT	2	1	2	3	1	3
AGTCGCAGAGCA	3	1	3	3	1	3
AGTCGCCCCGAT	2	1	2	2	1	2
AGTCGCCTCGAT	2	1	2	2	1	2
AGTCGGAACTAT	1	1	1	1	1	1
AGTCGGCGTCTA	5	1	5	5	1	5
AGTCTGAATATA	2	1	2	2	1	2
AGTCTGTCTGGC	1	1	1	0	0	0
AGTCTTCGAATG	2	1	2	2	1	2
AGTCTTCGGCGC	1	1	1	1	1	1
AGTCTTTGATGA	4	1	4	4	1	4
AGTGAGTCCTGA	1	1	1	1	1	1
AGTGAGTCTGGT	1	1	1	1	1	1
AGTGAGTGACGG	2	1	2	2	1	2
AGTGATCATTAA	3	1	3	3	1	3
AGTGCAATTGCA	2	1	2	2	1	2
AGTGCCAACTAC	5	1	5	5	1	5
AGTGCGAATATC	3	1	3	3	1	3
AGTGCGGGGTAC	2	1	2	2	1	2
AGTGCGGTCCGT	3	1	3	3	1	3
AGTGCTGCGGTT	1	1	1	0	0	0
AGTGGAATCAAA	1	1	1	0	0	0
AGTGGATCCACC	4	1	4	4	1	4
AGTGGCGCCTAC	3	1	3	3	1	3
AGTGGCGGCAGT	1	1	1	1	1	1
AGTGGCTCTCGG	2	1	2	2	1	2
AGTGGGACACAT	3	1	3	3	1	3
AGTGGTAGTATT	4	1	4	4	1	4
AGTGGTGGCCAA	5	1	5	6	1	6
AGTGGTTCATCC	1	1	1	0	0	0
AGTGTAAGTTTC	5	1	5	5	1	5
AGTGTCAACCAG	1	1	1	1	1	1
AGTGTCAACTCG	1	1	1	1	1	1
AGTGTCAAGTCT	1	1	1	1	1	1
AGTGTCAGGACG	3	1	3	4	1	4
AGTGTCATACTG	5	1	5	5	1	5
AGTGTCGTTCAT	2	1	2	2	1	2
AGTGTGGTTCAT	6	1	6	6	1	6
AGTGTGTCTGGC	2	1	2	3	1	3
AGTGTGTGTCTC	3	1	3	3	1	3
AGTTAAAAGGCT	1	1	1	1	1	1
AGTTACATCCTA	1	1	1	0	0	0
AGTTACATCCTT	2	1	2	4	1	4
AGTTACGGGGAG	4	1	4	4	1	4
AGTTAGTGTGTG	1	1	1	3	1	3
AGTTATGAACCG	2	1	2	2	1	2
AGTTATGAGGAG	1	1	1	0	0	0
AGTTATGGGGAG	3	1	3	4	1	4
AGTTATGTCCTA	1	1	1	1	1	1
AGTTCAAGGGTC	2	1	2	3	1	3
AGTTCAAGGGTT	1	1	1	0	0	0
AGTTCAATTCTA	1	1	1	1	1	1
AGTTCGGAATTG	2	1	2	2	1	2
AGTTGACAGACT	3	1	3	4	1	4
AGTTGACAGTCT	1	1	1	0	0	0
AGTTGGTCCACA	1	1	1	0	0	0
AGTTGTATCTAA	1	1	1	1	1	1
AGTTGTCCCCAC	1	1	1	1	1	1
AGTTTCAGGTAA	1	1	1	1	1	1
AGTTTGGATCGC	1	1	1	0	0	0
ANCACATGAGGA	1	1	1	0	0	0
ATAAAACCATCT	5	1	5	5	1	5
ATAAACACCATA	4	1	4	4	1	4
ATAAACTGGTGT	1	1	1	0	0	0
ATAAATCCACCA	4	1	4	4	1	4
ATAAATTCACTC	1	1	1	2	1	2
ATAACAATTCAG	2	1	2	2	1	2
ATAACACGGTGT	3	1	3	3	1	3
ATAACGACACCG	3	1	3	3	1	3
ATAACGTGAGAA	5	1	5	6	1	6
ATAACTCGAATC	1	1	1	1	1	1
ATAACTCGCAAC	1	1	1	0	0	0
ATAACTGTCCCA	3	1	3	3	1	3
ATAACTTCGAAG	1	1	1	0	0	0
ATAACTTGAGAA	1	1	1	0	0	0
ATAAGAACGACT	1	1	1	1	1	1
ATAAGGAATGCA	1	1	1	0	0	0
ATAAGGTAGGTG	3	1	3	3	1	3
ATAAGTAACTTT	2	1	2	2	1	2
ATAAGTCAAACA	1	1	1	1	1	1
ATAATACACGTG	1	1	1	1	1	1
ATAATAGCATCC	1	1	1	1	1	1
ATAATAGTAAGG	1	1	1	1	1	1
ATAATCGGGANC	1	1	1	0	0	0
ATAATCGGGATC	2	1	2	3	1	3
ATAATGAGCTCG	3	1	3	3	1	3
ATAATGCACTGG	1	1	1	1	1	1
ATAATGGCCAGT	3	1	3	3	1	3
ATAATGTGCGAT	4	1	4	4	1	4
ATAATTACACGC	7	1	7	8	1	8
ATAATTCTAGAT	1	1	1	1	1	1
ATAATTGGACCC	2	1	2	2	1	2
ATACAACGTTTG	2	1	2	3	1	3
ATACAAGCCTAG	2	1	2	2	1	2
ATACAAGGATCA	3	1	3	3	1	3
ATACACGGGGTC	3	1	3	3	1	3
ATACAGCGTTTG	1	1	1	0	0	0
ATACAGCTACCA	1	1	1	0	0	0
ATACAGTCCCTT	3	1	3	3	1	3
ATACATGCATAG	2	1	2	2	1	2
ATACATGGAAGT	2	1	2	2	1	2
ATACATGTCTAC	2	1	2	2	1	2
ATACCAAATAAC	1	1	1	1	1	1
ATACCACACTTA	5	1	5	5	1	5
ATACCACTGAGA	3	1	3	4	1	4
ATACCCCGACCC	3	1	3	3	1	3
ATACCGATGCCT	4	1	4	4	1	4
ATACCTAGGCTG	5	1	5	5	1	5
ATACCTTACTCC	2	1	2	2	1	2
ATACCTTATGGG	1	1	1	1	1	1
ATACGACAAAGC	2	1	2	2	1	2
ATACGACATGGT	2	1	2	2	1	2
ATACGCACACTC	3	1	3	3	1	3
ATACGCCTGTAT	1	1	1	1	1	1
ATACGCTAATGC	1	1	1	1	1	1
ATACGCTCAATT	3	1	3	3	1	3
ATACGGCGGCGA	1	1	1	1	1	1
ATACTACCTACA	1	1	1	0	0	0
ATACTACGGACA	2	1	2	0	0	0
ATACTACGGNCA	1	1	1	0	0	0
ATACTATTTTTC	1	1	1	1	1	1
ATACTCCGGTAC	3	1	3	3	1	3
ATACTCGATTCT	3	1	3	3	1	3
ATACTCTAGAGT	1	1	1	1	1	1
ATACTCTGACAG	4	1	4	4	1	4
ATACTGCCTATT	1	1	1	0	0	0
ATACTGTGCGTT	1	1	1	1	1	1
ATACTTACTTGC	1	1	1	1	1	1
ATACTTTATATA	1	1	1	1	1	1
ATAGAAGATAAT	4	1	4	4	1	4
ATAGAAGGCAGG	2	1	2	3	1	3
ATAGAAGGCAGT	1	1	1	0	0	0
ATAGACCCGGTG	2	1	2	2	1	2
ATAGACCTCAAT	2	1	2	2	1	2
ATAGATAATCAA	2	1	2	2	1	2
ATAGATCCCACG	1	1	1	1	1	1
ATAGATTTCCCC	4	1	4	4	1	4
ATAGCAAGAGAT	3	1	3	3	1	3
ATAGCACTGAGA	1	1	1	0	0	0
ATAGCATATCCC	2	1	2	2	1	2
ATAGCGACTGTG	2	1	2	3	1	3
ATAGCGCCTCAT	3	1	3	3	1	3
ATAGCGTGCGCC	2	1	2	3	1	3
ATAGCTACGTTT	1	1	1	1	1	1
ATAGCTCGGCAA	4	1	4	4	1	4
ATAGCTCTGGAG	4	1	4	4	1	4
ATAGCTGATTAT	2	1	2	2	1	2
ATAGGAATGCAT	2	1	2	2	1	2
ATAGGATGACCT	4	1	4	4	1	4
ATAGGATTATAA	4	1	4	4	1	4
ATAGGCAACGTG	4	1	4	4	1	4
ATAGGCCGGCAG	3	1	3	3	1	3
ATAGGCTGAGAG	2	1	2	2	1	2
ATAGGCTGGAGG	3	1	3	3	1	3
ATAGGGGGTAAC	5	1	5	5	1	5
ATAGTAGCCTCA	4	1	4	4	1	4
ATAGTCCACCGT	1	1	1	1	1	1
ATAGTCGCGGCG	6	1	6	6	1	6
ATAGTCGCGTCC	6	1	6	6	1	6
ATAGTCGTACAG	1	1	1	0	0	0
ATAGTCGTACTG	5	1	5	8	1	8
ATAGTCGTATTG	1	1	1	0	0	0
ATAGTCTTCACA	3	1	3	3	1	3
ATAGTCTTGCTA	4	1	4	4	1	4
ATAGTTACACGC	1	1	1	0	0	0
ATAGTTCCCTAT	1	1	1	1	1	1
ATAGTTGGGCGT	6	1	6	6	1	6
ATATAAGTTGAC	4	1	4	4	1	4
ATATACCGCGCA	2	1	2	2	1	2
ATATAGCTACCA	2	1	2	3	1	3
ATATAGTTATAA	1	1	1	1	1	1
ATATATAAATAC	1	1	1	1	1	1
ATATATTAAGGT	5	1	5	5	1	5
ATATCAAAGTCC	4	1	4	5	1	5
ATATCAAAGTCN	1	1	1	0	0	0
ATATCAGCACGC	4	1	4	4	1	4
ATATCGAGCCAA	2	1	2	2	1	2
ATATCGTAGAGG	2	1	2	2	1	2
ATATCGTATAGC	1	1	1	1	1	1
ATATCGTCGACG	2	1	2	2	1	2
ATATCGTTTCTC	1	1	1	1	1	1
ATATCTCGAGGG	1	1	1	1	1	1
ATATCTCTCCTC	2	1	2	2	1	2
ATATCTGACTTA	1	1	1	1	1	1
ATATCTTACCCA	1	1	1	1	1	1
ATATGAAATCAG	3	1	3	3	1	3
ATATGCAATCAG	3	1	3	3	1	3
ATATGCAGAAAC	5	1	5	6	1	6
ATATGCAGAGAC	1	1	1	0	0	0
ATATGCTGCAGT	4	1	4	4	1	4
ATATGGAATGCA	7	1	7	8	1	8
ATATGGTCCTTC	1	1	1	1	1	1
ATATGTCCGGTT	1	1	1	1	1	1
ATATGTGCATGT	3	1	3	3	1	3
ATATTATATTGA	2	1	2	2	1	2
ATATTCAAAAGG	1	1	1	1	1	1
ATATTCTTGGTA	3	1	3	3	1	3
ATATTGCCGTAT	2	1	2	2	1	2
ATATTTAAATCA	4	1	4	4	1	4
ATCAAACAGTCT	3	1	3	3	1	3
ATCAACGGGACA	3	1	3	3	1	3
ATCAAGAAGTGA	2	1	2	2	1	2
ATCAAGCGGCTC	1	1	1	1	1	1
ATCAAGCTCGCC	2	1	2	2	1	2
ATCAAGGGACTC	3	1	3	3	1	3
ATCAAGTTTCCC	1	1	1	1	1	1
ATCAANTTTCGC	1	1	1	1	1	1
ATCACACGCCGA	1	1	1	1	1	1
ATCACCATTCAA	3	1	3	3	1	3
ATCACCCCCGGA	3	1	3	3	1	3
ATCACGCGGTAC	1	1	1	1	1	1
ATCACTTCAAAG	2	1	2	2	1	2
ATCAGAAGGCAC	1	1	1	2	1	2
ATCAGAAGGCAT	1	1	1	0	0	0
ATCAGAGGATGA	1	1	1	1	1	1
ATCAGGAGTTCG	2	1	2	2	1	2
ATCAGGTAAGAA	1	1	1	0	0	0
ATCAGGTTAACA	1	1	1	0	0	0
ATCAGTGTCGGC	3	1	3	3	1	3
ATCANCGGTCAG	1	1	1	3	1	3
ATCATAATGTGT	3	1	3	3	1	3
ATCATCGATCAG	1	1	1	0	0	0
ATCATCGGTCAG	1	1	1	0	0	0
ATCATCTGAGGT	4	1	4	4	1	4
ATCATCTGGACT	4	1	4	4	1	4
ATCATGAGTGAT	1	1	1	1	1	1
ATCCAGAAGACG	3	1	3	3	1	3
ATCCATGTGATC	1	1	1	2	1	2
ATCCATGTGATG	1	1	1	0	0	0
ATCCATTCTGGC	3	1	3	3	1	3
ATCCCAATTTGG	5	1	5	5	1	5
ATCCCACGTTGG	3	1	3	3	1	3
ATCCCCCAGTCC	5	1	5	5	1	5
ATCCCCCTAGCC	1	1	1	1	1	1
ATCCCCTACAAC	4	1	4	4	1	4
ATCCCGGACGTC	1	1	1	1	1	1
ATCCCTCGTCGC	2	1	2	2	1	2
ATCCGACCCCAA	2	1	2	2	1	2
ATCCGCTTATGT	5	1	5	5	1	5
ATCCGGAAGACG	4	1	4	4	1	4
ATCCGTCCGGCA	1	1	1	0	0	0
ATCCGTCGATTA	3	1	3	4	1	4
ATCCGTTGATTA	1	1	1	0	0	0
ATCCTACCTACA	4	1	4	5	1	5
ATCCTGTCGAAC	2	1	2	2	1	2
ATCCTTCCGGCA	2	1	2	3	1	3
ATCCTTCCTTTA	1	1	1	1	1	1
ATCGACAGGTTT	1	1	1	1	1	1
ATCGACCCCCTT	3	1	3	3	1	3
ATCGACTAAAAG	5	1	5	5	1	5
ATCGATTGGTCC	1	1	1	1	1	1
ATCGCACCTTAT	1	1	1	1	1	1
ATCGCAGGAAGA	3	1	3	3	1	3
ATCGCCAACCGT	1	1	1	1	1	1
ATCGCCCAACCA	1	1	1	0	0	0
ATCGCCCAACTA	2	1	2	3	1	3
ATCGCGCCACTA	2	1	2	2	1	2
ATCGCTAGATCC	1	1	1	1	1	1
ATCGCTTTACAG	1	1	1	0	0	0
ATCGGATGCACT	2	1	2	2	1	2
ATCGTAGCCCTT	1	1	1	0	0	0
ATCGTAGCCTTT	3	1	3	4	1	4
ATCGTAGCGTGG	1	1	1	1	1	1
ATCGTGAAATAG	5	1	5	5	1	5
ATCGTTCGCATC	2	1	2	2	1	2
ATCTAACTAGTA	1	1	1	1	1	1
ATCTACGGGTAG	3	1	3	3	1	3
ATCTCACTACCG	2	1	2	2	1	2
ATCTCAGCTGCA	5	1	5	5	1	5
ATCTCATGTACG	2	1	2	2	1	2
ATCTCGAGGATC	1	1	1	1	1	1
ATCTCGGGAGTA	2	1	2	2	1	2
ATCTCGGGGTCG	1	1	1	0	0	0
ATCTCGGGGTGG	3	1	3	4	1	4
ATCTCTATCGCA	1	1	1	0	0	0
ATCTCTATCGCT	7	1	7	8	1	8
ATCTGAGCTACT	3	1	3	3	1	3
ATCTGCAAGTTG	5	1	5	5	1	5
ATCTGGAATGAA	4	1	4	5	1	5
ATCTGGGCAGAA	4	1	4	4	1	4
ATCTGGTGGGCT	3	1	3	3	1	3
ATCTGTAAAAGC	1	1	1	1	1	1
ATCTTAGTCCCG	1	1	1	1	1	1
ATCTTCGACGTC	1	1	1	1	1	1
ATCTTCGCGTCG	3	1	3	3	1	3
ATCTTCGTAGGG	2	1	2	2	1	2
ATCTTCTACGGC	3	1	3	3	1	3
ATCTTGCGCGTA	4	1	4	5	1	5
ATCTTGCGTGTA	1	1	1	0	0	0
ATCTTGCTATGG	1	1	1	1	1	1
ATCTTGTCCAAA	1	1	1	0	0	0
ATCTTGTCCATA	1	1	1	0	0	0
ATCTTTTTCTCC	4	1	4	4	1	4
ATGAAACTAACA	3	1	3	3	1	3
ATGAACTGCTCG	1	1	1	1	1	1
ATGAAGACGTAT	3	1	3	3	1	3
ATGAAGGGAAAC	1	1	1	1	1	1
ATGAATTCGATT	3	1	3	3	1	3
ATGACAGGCGTT	3	1	3	3	1	3
ATGACATGCTCC	2	1	2	2	1	2
ATGACCACGCAT	2	1	2	2	1	2
ATGACCCTTTGT	1	1	1	1	1	1
ATGACCTCGACT	1	1	1	1	1	1
ATGACGGTCCCC	1	1	1	1	1	1
ATGACTGTGGCT	2	1	2	2	1	2
ATGACTTCGAAG	3	1	3	4	1	4
ATGAGACGGCAT	4	1	4	4	1	4
ATGAGACTTGAA	2	1	2	2	1	2
ATGAGCGGAATC	4	2	8	4	2	8
ATGAGCTCGATA	1	1	1	1	1	1
ATGAGGATGGCG	1	1	1	1	1	1
ATGAGGCCGGAT	2	1	2	2	1	2
ATGAGGCTTTTC	2	1	2	2	1	2
ATGAGTCCACAA	1	1	1	1	1	1
ATGAGTGCACCA	2	1	2	2	1	2
ATGAGTTTTGCG	1	1	1	1	1	1
ATGATACAAATA	3	1	3	3	1	3
ATGATACAAATG	3	1	3	4	1	4
ATGATAGCTCTG	4	1	4	4	1	4
ATGATCAACTGC	1	1	1	1	1	1
ATGATGCCGAGC	1	1	1	1	1	1
ATGATTCCCCCG	4	1	4	4	1	4
ATGATTCTACCG	2	1	2	2	1	2
ATGATTGGGTAC	1	1	1	1	1	1
ATGATTTCTGTC	2	1	2	2	1	2
ATGCACTTTAGG	1	1	1	1	1	1
ATGCAGATGCCA	2	1	2	2	1	2
ATGCAGCTAAAG	1	1	1	0	0	0
ATGCAGCTAAGG	5	1	5	7	1	7
ATGCAGCTCAGG	1	1	1	0	0	0
ATGCAGCTCCTG	3	1	3	3	1	3
ATGCAGCTTAGG	1	1	1	1	1	1
ATGCATACTCAT	2	1	2	2	1	2
ATGCATATGTTA	7	1	7	8	1	8
ATGCATCGCAAT	1	1	1	0	0	0
ATGCATCGCATT	3	1	3	4	1	4
ATGCCAATTTGT	1	1	1	1	1	1
ATGCCAGCGCGG	2	1	2	2	1	2
ATGCCATGGCGT	1	1	1	1	1	1
ATGCCCAGATGC	2	1	2	2	1	2
ATGCCGCCATCC	3	1	3	3	1	3
ATGCCGGACAAC	1	1	1	2	1	2
ATGCCGGACACC	1	1	1	0	0	0
ATGCGACGATGG	4	1	4	4	1	4
ATGCGAGACATC	3	1	3	3	1	3
ATGCGATGCCTA	1	1	1	0	0	0
ATGCGATGTGTA	1	1	1	1	1	1
ATGCGATTCTTT	4	1	4	4	1	4
ATGCGGCGCATT	3	1	3	3	1	3
ATGCGGCGGGCC	1	1	1	1	1	1
ATGCGGTGCCTA	4	1	4	5	1	5
ATGCGTCTCGCC	1	1	1	2	1	2
ATGCGTTACGCA	4	1	4	4	1	4
ATGCGTTGCCGC	1	1	1	2	1	2
ATGCGTTGCCGG	1	1	1	0	0	0
ATGCTAAACACA	1	1	1	0	0	0
ATGCTAAACAGA	7	1	7	8	1	8
ATGCTATCGCGA	2	1	2	2	1	2
ATGCTCAGTCGG	3	1	3	3	1	3
ATGCTCCTCTTA	4	1	4	4	1	4
ATGCTGAATACG	2	1	2	2	1	2
ATGCTGACACTC	5	1	5	6	1	6
ATGCTGCCTGAG	1	1	1	1	1	1
ATGCTGGGGTGA	5	1	5	5	1	5
ATGCTGTCAACG	1	2	3	1	2	3
ATGCTTGACGAG	2	1	2	2	1	2
ATGGAACAGCAC	1	1	1	0	0	0
ATGGAACAGTAC	2	1	2	3	1	3
ATGGAACTTTCC	2	1	2	2	1	2
ATGGACCCACTA	1	1	1	1	1	1
ATGGACCCATCC	3	1	3	3	1	3
ATGGAGTAGAGA	1	1	1	0	0	0
ATGGAGTTGGAT	2	1	2	2	1	2
ATGGATATGTTA	1	1	1	0	0	0
ATGGATATTAGT	3	1	3	3	1	3
ATGGCAAATAAC	1	1	1	1	1	1
ATGGCAACCCTG	5	1	5	5	1	5
ATGGCAGATTTT	4	1	4	5	1	5
ATGGCAGTTTTT	1	1	1	0	0	0
ATGGCCTCGTGG	3	1	3	3	1	3
ATGGCCTTCAGC	2	1	2	2	1	2
ATGGCGCTAGTA	1	1	1	0	0	0
ATGGCGGGGAGG	4	1	4	4	1	4
ATGGCTTTGGGC	2	1	2	2	1	2
ATGGGGTCGCAC	1	1	1	1	1	1
ATGGTAATCAAC	3	1	3	4	1	4
ATGGTAGCCGAT	1	1	1	1	1	1
ATGGTAGTCAAC	1	1	1	0	0	0
ATGGTCGGTTGT	3	1	3	3	1	3
ATGGTCTACCTC	5	1	5	5	1	5
ATGGTGTGATCG	5	1	5	5	1	5
ATGTACAAAATC	2	1	2	2	1	2
ATGTACGCAGAG	1	1	1	1	1	1
ATGTAGGGGGTA	2	1	2	2	1	2
ATGTAGTTGCAG	5	1	5	5	1	5
ATGTATAGCACG	3	1	3	3	1	3
ATGTATTAAAAC	1	1	1	1	1	1
ATGTCACAGCAG	3	1	3	3	1	3
ATGTCAGACAAA	4	1	4	4	1	4
ATGTCCGGTTTT	1	1	1	1	1	1
ATGTCCTTAACG	1	1	1	1	1	1
ATGTCTATATAT	1	1	1	1	1	1
ATGTCTCAGCGC	2	1	2	2	1	2
ATGTCTCCCTTC	3	1	3	3	1	3
ATGTCTGACTTG	2	1	2	3	1	3
ATGTCTGTCTTG	1	1	1	0	0	0
ATGTCTTCTTAT	1	1	1	1	1	1
ATGTGAGATAAA	1	1	1	0	0	0
ATGTGAGATTAA	4	1	4	5	1	5
ATGTGCCCGAGG	1	1	1	1	1	1
ATGTGGTGTTCT	5	1	5	5	1	5
ATGTGTAGTATA	1	1	1	1	1	1
ATGTGTCTCGCC	1	1	1	0	0	0
ATGTTCTTGCTT	4	1	4	4	1	4
ATGTTGGAAGAT	4	1	4	5	1	5
ATGTTTCATCAC	1	1	1	1	1	1
ATGTTTGACTGG	3	1	3	4	1	4
ATGTTTGACTNG	1	1	1	0	0	0
ATNACTCGGGAT	1	1	1	2	1	2
ATTAAACCAGAT	4	1	4	4	1	4
ATTAAACCTGAG	2	1	2	2	1	2
ATTAAACTGGGA	5	1	5	5	1	5
ATTAAATGTTTA	2	1	2	2	1	2
ATTAACGCCTCC	1	1	1	2	1	2
ATTAACGCCTCN	1	1	1	0	0	0
ATTAAGACATAC	4	1	4	4	1	4
ATTAAGAGTTAT	2	1	2	2	1	2
ATTAAGATAGTG	2	1	2	2	1	2
ATTACACCGGGT	1	1	1	1	1	1
ATTACCAAGCCG	1	1	1	1	1	1
ATTACCCACGGA	1	1	1	0	0	0
ATTACCCCCGGA	3	1	3	4	1	4
ATTACTAAATAC	3	1	3	3	1	3
ATTACTACATCT	1	1	1	1	1	1
ATTACTACGTCT	2	1	2	2	1	2
ATTACTCGGGAT	1	1	1	0	0	0
ATTACTNTAGCC	1	1	1	0	0	0
ATTACTTAATTA	2	1	2	2	1	2
ATTACTTTAGCC	2	1	2	3	1	3
ATTAGAGCCATG	4	1	4	5	1	5
ATTAGAGCGATG	1	1	1	0	0	0
ATTAGCTCATAC	3	1	3	3	1	3
ATTAGGGATTGT	1	1	1	1	1	1
ATTAGGTCAGAG	2	1	2	2	1	2
ATTAGTAACACG	4	1	4	4	1	4
ATTAGTTATTCC	1	1	1	1	1	1
ATTATACGGACA	3	1	3	3	1	3
ATTATCGACCAC	2	1	2	2	1	2
ATTCAATCGATT	1	1	1	1	1	1
ATTCACCCCGTT	2	1	2	2	1	2
ATTCAGGCAATT	2	2	4	2	2	4
ATTCAGGGCTGT	2	1	2	2	1	2
ATTCATCCGCTC	3	1	3	3	1	3
ATTCATGTCCTC	1	1	1	1	1	1
ATTCATTATAGC	2	1	2	2	1	2
ATTCATTGTAGC	5	1	5	5	1	5
ATTCCAACTTTG	5	1	5	5	1	5
ATTCCAAGGCCC	1	1	1	1	1	1
ATTCCATCGTAG	3	1	3	3	1	3
ATTCCGCGTATC	1	1	1	0	0	0
ATTCCTACTCGA	4	1	4	4	1	4
ATTCCTACTCTA	4	1	4	4	1	4
ATTCCTCGTATC	3	1	3	4	1	4
ATTCGAGACCAA	1	1	1	1	1	1
ATTCGCGAGATA	1	1	1	1	1	1
ATTCGGAAGTGC	4	1	4	5	1	5
ATTCGGAAGTGN	1	1	1	0	0	0
ATTCGGGAATTA	1	1	1	1	1	1
ATTCGGGGCCCT	1	1	1	0	0	0
ATTCGGGGGCAC	1	1	1	1	1	1
ATTCGTAACCAC	1	1	1	1	1	1
ATTCGTGGAGAA	5	1	5	5	1	5
ATTCTAACCCTT	4	1	4	4	1	4
ATTCTATGATCA	1	1	1	1	1	1
ATTCTATTTGAA	2	1	2	2	1	2
ATTCTCAATGCA	3	1	3	3	1	3
ATTCTCGCTCCA	4	1	4	4	1	4
ATTCTCGCTTAT	2	1	2	2	1	2
ATTCTCTAAAGC	5	1	5	5	1	5
ATTCTCTCAGTA	6	1	6	6	1	6
ATTCTTAAGTGC	2	1	2	2	1	2
ATTCTTCCACAT	2	1	2	2	1	2
ATTGAAGCGAGC	3	1	3	3	1	3
ATTGAATCTGTG	1	1	1	0	0	0
ATTGAATGTGTG	3	1	3	4	1	4
ATTGACACCATC	2	1	2	2	1	2
ATTGACATCATT	2	1	2	2	1	2
ATTGACGTAGCG	3	1	3	3	1	3
ATTGAGAGCAAT	1	1	1	1	1	1
ATTGAGGAGGGA	8	1	8	8	1	8
ATTGAGGATTCG	1	1	1	1	1	1
ATTGATTCATCT	2	1	2	2	1	2
ATTGCGAGGCGG	1	1	1	1	1	1
ATTGCGCTCAGT	1	1	1	1	1	1
ATTGCGGATAGA	3	1	3	3	1	3
ATTGCGTGCGCC	1	1	1	0	0	0
ATTGGAAACCTA	1	1	1	1	1	1
ATTGGCTGGGCA	2	1	2	2	1	2
ATTGGGAAGACC	1	1	1	2	1	2
ATTGGTGCCAGT	1	1	1	2	1	2
ATTGGTGCTAGT	1	1	1	0	0	0
ATTGGTTCATAA	1	1	1	1	1	1
ATTGTCCGTCAC	2	1	2	3	1	3
ATTGTCCNTCAC	1	1	1	0	0	0
ATTGTCGCTAGG	1	1	1	1	1	1
ATTGTCGGTATT	2	1	2	2	1	2
ATTGTTATCTCG	2	1	2	2	1	2
ATTGTTTTAAGA	3	1	3	3	1	3
ATTTAACGATAG	1	1	1	0	0	0
ATTTACCTGGTC	4	1	4	4	1	4
ATTTAGTGTGTG	1	1	1	0	0	0
ATTTAGTTGCCC	3	1	3	3	1	3
ATTTATCCACGG	2	1	2	2	1	2
ATTTATGTATCG	1	1	1	0	0	0
ATTTATGTCTCG	7	1	7	8	1	8
ATTTATTAGAAC	5	1	5	5	1	5
ATTTCACGATAG	4	1	4	5	1	5
ATTTCAGGATCT	1	1	1	0	0	0
ATTTCAGGGTCA	1	1	1	2	1	2
ATTTCGGGGTCA	1	1	1	0	0	0
ATTTGATTAACT	3	1	3	3	1	3
ATTTGCCACAAT	1	1	1	1	1	1
ATTTGCCCTAGT	3	1	3	3	1	3
ATTTGCGAGTAC	4	1	4	4	1	4
ATTTGCGATTAG	1	1	1	1	1	1
ATTTGCGCCGCG	2	1	2	2	1	2
ATTTGGACTGAA	1	1	1	1	1	1
ATTTGGTCCACA	6	1	6	8	1	8
ATTTGGTCCACC	1	1	1	0	0	0
ATTTTATTAAGC	1	1	1	1	1	1
ATTTTGAGGAAT	5	1	5	6	1	6
ATTTTGAGGNAT	1	1	1	0	0	0
ATTTTGCGATTA	6	1	6	6	1	6
ATTTTGGAAGAT	1	1	1	0	0	0
ATTTTGTGTGTG	1	1	1	0	0	0
ATTTTTTTCTCC	4	1	4	4	1	4
ATTTTTTTTCTA	2	1	2	2	1	2
CAAAACTACTTT	1	1	1	1	1	1
CAAAAGNCATAC	1	1	1	0	0	0
CAAAAGTCATAC	2	1	2	3	1	3
CAAACAACCCAC	3	1	3	3	1	3
CAAACCCACGCG	3	1	3	3	1	3
CAAACCCCGAGC	1	1	1	1	1	1
CAAACCTTCCTC	3	1	3	3	1	3
CAAACGCTGCTC	1	1	1	1	1	1
CAAACGGTATCT	2	1	2	2	1	2
CAAACGTNGGTC	1	1	1	2	1	2
CAAACGTTGGTC	1	1	1	0	0	0
CAAAGAGCAGAT	1	1	1	1	1	1
CAAAGCCACGAC	1	1	1	1	1	1
CAAAGGTACCAT	1	1	1	0	0	0
CAAAGGTGCCAT	4	1	4	5	1	5
CAAAGTAATGCT	1	1	1	1	1	1
CAAAGTAGAAAA	2	1	2	2	1	2
CAAATCACTGGT	2	1	2	2	1	2
CAAATGGAAAGA	1	1	1	1	1	1
CAAATGGGTTAT	4	1	4	4	1	4
CAACAACCACTC	2	1	2	2	1	2
CAACAAGCGGTC	1	1	1	1	1	1
CAACAGACTAGG	8	1	8	8	1	8
CAACATGACGCC	3	1	3	5	1	5
CAACATGACGCG	1	1	1	0	0	0
CAACATTAGTAG	1	1	1	1	1	1
CAACATTCAATC	5	1	5	5	1	5
CAACCCAACACC	1	1	1	1	1	1
CAACCCCCTACG	1	1	1	1	1	1
CAACCCGACCCT	1	1	1	1	1	1
CAACCGCTTATG	1	1	1	0	0	0
CAACCGTGTGAT	4	1	4	5	1	5
CAACCTCCCTGA	3	1	3	3	1	3
CAACGAGGAGCA	3	1	3	3	1	3
CAACGATGCTCA	4	1	4	5	1	5
CAACGGTGTGAT	1	1	1	0	0	0
CAACGTTAAATT	3	1	3	4	1	4
CAACTAAATGTC	3	1	3	3	1	3
CAACTAGCGGAA	2	1	2	2	1	2
CAACTAGGCGCC	1	1	1	1	1	1
CAACTGCTTATG	4	1	4	6	1	6
CAACTGCTTTTG	1	1	1	0	0	0
CAACTTGCCCTT	1	1	1	0	0	0
CAACTTGTCCTT	2	1	2	3	1	3
CAACTTTAAATT	1	1	1	0	0	0
CAAGAATACCGA	2	1	2	2	1	2
CAAGAATCGGCG	6	1	6	6	1	6
CAAGACGAATAG	2	1	2	2	1	2
CAAGAGAATTGG	1	1	1	1	1	1
CAAGATGAGTAC	1	1	1	1	1	1
CAAGCGAGCATA	4	1	4	6	1	6
CAAGCGGCTGGT	1	1	1	2	1	2
CAAGCGGCTTGT	1	1	1	0	0	0
CAAGCGTGCATA	1	1	1	0	0	0
CAAGCGTGGAGC	6	1	6	6	1	6
CAAGCTTACTGG	1	1	1	1	1	1
CAAGGAATAGCT	5	1	5	5	1	5
CAAGGATTGCCG	1	1	1	1	1	1
CAAGGCTCACTT	2	1	2	3	1	3
CAAGGCTCCCTT	1	1	1	0	0	0
CAAGGGACAGGC	1	1	1	0	0	0
CAAGGGACAGTC	4	1	4	5	1	5
CAAGGGCAGCAA	4	1	4	4	1	4
CAAGGGGTAAAC	1	1	1	1	1	1
CAAGTATCTTTC	3	1	3	3	1	3
CAAGTGATAAAC	3	1	3	3	1	3
CAAGTGCCGACA	1	1	1	0	0	0
CAAGTGTAGAGC	3	1	3	3	1	3
CAAGTTCATAAG	2	1	2	2	1	2
CAAGTTGGCTTG	3	1	3	3	1	3
CAATAATAGTGG	4	1	4	4	1	4
CAATACTACCGA	3	1	3	3	1	3
CAATACTTTACC	3	1	3	3	1	3
CAATACTTTTAA	1	1	1	1	1	1
CAATAGAAGGCG	5	1	5	6	1	6
CAATATAAGTCA	3	1	3	4	1	4
CAATATACAGGG	3	1	3	3	1	3
CAATATGACGCC	1	1	1	0	0	0
CAATATTCAAAC	3	1	3	3	1	3
CAATATTCCAAC	3	1	3	3	1	3
CAATCACTGCTA	2	1	2	2	1	2
CAATCCGAGTCA	1	1	1	2	1	2
CAATCCGAGTCT	1	1	1	0	0	0
CAATCGAAAAGT	2	1	2	2	1	2
CAATCGAAGGCG	1	1	1	0	0	0
CAATCGAGTGGA	2	1	2	2	1	2
CAATCTAAGTCA	1	1	1	0	0	0
CAATGAGCACAT	4	1	4	4	1	4
CAATGCAAAGCT	3	1	3	3	1	3
CAATGCATCCTG	3	1	3	3	1	3
CAATGCTGCTGA	1	1	1	1	1	1
CAATGGGATTGT	1	1	1	1	1	1
CAATGGGGCCAG	2	1	2	2	1	2
CAATGTGACACC	1	1	1	1	1	1
CAATGTGCTGTG	2	1	2	2	1	2
CAATGTTTTTAC	3	1	3	3	1	3
CAATTAAACGGG	1	1	1	1	1	1
CAATTAACATCG	1	1	1	1	1	1
CAATTACGCTCA	3	1	3	4	1	4
CAATTCCAGTCG	2	1	2	2	1	2
CAATTCGGGCAG	1	1	1	1	1	1
CAATTCGTGCAG	5	1	5	5	1	5
CAATTCTCATTG	5	1	5	5	1	5
CAATTGCGAAGG	1	1	1	2	1	2
CAATTGCGANGG	1	1	1	0	0	0
CAATTGTTGCTC	1	1	1	1	1	1
CAATTTCACAGG	2	1	2	3	1	3
CAATTTCCCAGG	1	1	1	0	0	0
CACAAAATGAAA	1	1	1	2	1	2
CACAAAATGCAA	1	1	1	0	0	0
CACAAAGATGTT	1	1	1	0	0	0
CACAACCCAGGG	1	1	1	1	1	1
CACAACTTAACT	4	1	4	4	1	4
CACAAGATAATG	1	1	1	1	1	1
CACAAGGTGACT	1	1	1	0	0	0
CACAAGTATTCC	1	1	1	1	1	1
CACAAGTCACAT	3	1	3	3	1	3
CACACAAATTGG	3	1	3	3	1	3
CACACACTGGTA	2	1	2	2	1	2
CACACAGCTAGA	2	1	2	3	1	3
CACACATCTCAA	3	1	3	3	1	3
CACACCCCTCCC	3	1	3	3	1	3
CACACCGCTAGA	1	1	1	0	0	0
CACACGATGTCT	5	1	5	5	1	5
CACACGGTGAGG	2	1	2	2	1	2
CACACTTAAGTG	4	1	4	4	1	4
CACAGAGACGAT	4	1	4	4	1	4
CACAGCGGACAG	3	1	3	3	1	3
CACAGCGTGCCT	2	1	2	2	1	2
CACAGCTCAGGC	1	1	1	1	1	1
CACAGCTCCGAC	1	1	1	0	0	0
CACAGCTCCGAT	4	1	4	5	1	5
CACAGCTCCTCT	4	1	4	4	1	4
CACAGCTTGAAC	1	1	1	0	0	0
CACATAGTCCCG	2	1	2	2	1	2
CACATCAGCCCA	2	1	2	2	1	2
CACATCCATACG	1	1	1	0	0	0
CACATTTAGGAC	4	1	4	6	1	6
CACATTTAGGAT	1	1	1	0	0	0
CACCACGATATC	2	1	2	2	1	2
CACCCATGGAGG	1	1	1	1	1	1
CACCCCCTTACC	2	1	2	2	1	2
CACCCCGTGGTG	1	1	1	0	0	0
CACCCCTTGTTA	1	1	1	1	1	1
CACCCCTTTGAA	3	1	3	3	1	3
CACCCGAAAGGC	1	1	1	1	1	1
CACCCGCACAAA	1	1	1	1	1	1
CACCCGCGGCGA	5	1	5	5	1	5
CACCCGGTTTAG	7	1	7	8	1	8
CACCCGGTTTNG	1	1	1	0	0	0
CACCCTAGCAAT	3	1	3	3	1	3
CACCCTGTGTGC	1	1	1	1	1	1
CACCGACACCTA	3	1	3	3	1	3
CACCGCAAAAAT	4	1	4	4	1	4
CACCGGAATACC	3	1	3	3	1	3
CACCGGTTTTGC	4	1	4	4	1	4
CACCGTAGGCAC	5	1	5	5	1	5
CACCGTCAGTAT	1	1	1	0	0	0
CACCGTCGGTAT	5	1	5	6	1	6
CACCTACCTACT	1	1	1	1	1	1
CACCTCTCAGGT	1	1	1	1	1	1
CACCTCTTGACG	1	1	1	1	1	1
CACCTGGCTCCT	3	1	3	4	1	4
CACCTTGCGGGG	1	1	1	1	1	1
CACGAAACAGGG	1	1	1	1	1	1
CACGAAGACCCC	2	1	2	2	1	2
CACGACCTGATC	2	1	2	2	1	2
CACGACTTAGCT	2	1	2	2	1	2
CACGAGGCGGGC	3	1	3	3	1	3
CACGATTACCTG	3	1	3	3	1	3
CACGATTTGTCA	2	1	2	2	1	2
CACGCAGTAACC	1	1	1	0	0	0
CACGCATATCAC	3	1	3	3	1	3
CACGCATTTGGT	4	1	4	4	1	4
CACGCCCAGTAC	5	1	5	5	1	5
CACGCCCTGCAA	1	1	1	1	1	1
CACGCGCGTGTA	1	1	1	1	1	1
CACGCGTCTCTA	2	1	2	2	1	2
CACGCTCGCTGT	5	1	5	5	1	5
CACGGACACCTT	1	1	1	0	0	0
CACGGCCAGGGA	1	1	1	1	1	1
CACGGCGTATAC	1	1	1	1	1	1
CACGGCTAATTG	4	1	4	4	1	4
CACGGCTTGAAC	3	1	3	5	1	5
CACGGGCACCTT	5	1	5	6	1	6
CACGGGCTATTG	2	1	2	2	1	2
CACGGTATGCCA	1	1	1	1	1	1
CACGGTCGACCA	1	1	1	1	1	1
CACGTCTGACAT	3	1	3	3	1	3
CACTAACGGCCA	3	1	3	3	1	3
CACTAATCTAGT	4	1	4	5	1	5
CACTAATGTGTG	2	1	2	2	1	2
CACTACACATAA	1	1	1	1	1	1
CACTACCCGGCC	2	1	2	2	1	2
CACTACGCTGAT	1	1	1	1	1	1
CACTACGTTGAG	3	1	3	3	1	3
CACTAGTAGCCA	1	1	1	1	1	1
CACTAGTGTGGG	1	1	1	1	1	1
CACTCAACTTAA	4	1	4	4	1	4
CACTCAGTAACC	2	1	2	3	1	3
CACTCAGTGCGG	2	1	2	3	1	3
CACTCAGTGCTG	1	1	1	0	0	0
CACTCCCCCAGA	1	1	1	1	1	1
CACTCGAGGGTT	4	1	4	4	1	4
CACTCGCACNAA	1	1	1	1	1	1
CACTCTTGACAA	1	1	1	1	1	1
CACTGAACATGC	2	1	2	2	1	2
CACTGAACTTGA	4	1	4	4	1	4
CACTGGGCCGGT	1	1	1	1	1	1
CACTGGGGGGAT	5	1	5	5	1	5
CACTGGTCTTAG	3	1	3	3	1	3
CACTGTACCCCG	2	1	2	2	1	2
CACTGTACTATA	1	1	1	1	1	1
CACTGTAGGTCG	1	1	1	1	1	1
CACTGTGTGGAC	3	1	3	3	1	3
CACTGTTGGTGC	3	1	3	3	1	3
CACTNATCTAGT	1	1	1	0	0	0
CACTTACACTCG	4	1	4	4	1	4
CACTTCAGTTGG	1	1	1	1	1	1
CACTTGCCTCCT	5	1	5	5	1	5
CACTTGGCTCCT	1	1	1	0	0	0
CACTTGGGCACA	2	1	2	2	1	2
CAGAAAAAAGCC	2	1	2	2	1	2
CAGAACGTATTA	2	1	2	2	1	2
CAGAAGCTGGCC	2	1	2	2	1	2
CAGACAAAACAC	8	1	8	8	1	8
CAGACAAATGAG	4	1	4	4	1	4
CAGACAAGGCAC	1	1	1	1	1	1
CAGACATAGTGA	1	1	1	1	1	1
CAGACATATACG	3	1	3	3	1	3
CAGACGAAAGAC	1	1	1	1	1	1
CAGACGATTAGG	3	1	3	4	1	4
CAGACGATTATG	1	1	1	0	0	0
CAGACTAAGCTG	3	1	3	3	1	3
CAGACTAGAAGC	2	1	2	2	1	2
CAGACTCAATCT	1	1	1	1	1	1
CAGACTGGATAG	1	1	1	1	1	1
CAGAGAACGATA	3	1	3	3	1	3
CAGAGCAATTAG	1	1	1	1	1	1
CAGAGCATTGCC	2	1	2	2	1	2
CAGAGCTCAGAG	1	1	1	1	1	1
CAGAGGAGATAA	1	1	1	0	0	0
CAGAGGAGATAC	7	1	7	8	1	8
CAGAGTAGTAGT	3	1	3	3	1	3
CAGAGTGCTAGG	2	1	2	2	1	2
CAGAGTGGTGCC	3	1	3	3	1	3
CAGAGTGTTTGT	4	1	4	4	1	4
CAGAGTTCCCAC	3	1	3	4	1	4
CAGAGTTGTAGT	1	1	1	1	1	1
CAGAGTTTCCAC	1	1	1	0	0	0
CAGATACGACTC	3	1	3	3	1	3
CAGATAGGTTAT	3	1	3	3	1	3
CAGATCGGTCGC	3	1	3	4	1	4
CAGATGGAAGAG	3	1	3	3	1	3
CAGATTAGAATG	2	1	2	2	1	2
CAGATTTAGGAC	1	1	1	0	0	0
CAGATTTCTCAA	3	1	3	3	1	3
CAGCAAAGCTTC	2	1	2	2	1	2
CAGCAACAGATG	3	1	3	3	1	3
CAGCAACTGGGA	2	1	2	2	1	2
CAGCAAGCTTTC	1	1	1	1	1	1
CAGCACGGGGTC	1	1	1	1	1	1
CAGCAGCTGACC	1	1	1	1	1	1
CAGCATGTCGAA	2	1	2	0	0	0
CAGCCAATACTA	1	1	1	1	1	1
CAGCCACCCGTT	3	1	3	3	1	3
CAGCCAGGCAAG	1	1	1	2	1	2
CAGCCATTCTGA	1	1	1	1	1	1
CAGCCCAGCTAC	1	1	1	1	1	1
CAGCCCAGGATC	1	1	1	1	1	1
CAGCCCATCTAG	4	1	4	5	1	5
CAGCCCTTTGCA	3	1	3	3	1	3
CAGCCGGGCAAG	1	1	1	0	0	0
CAGCCGGTGCAG	4	1	4	5	1	5
CAGCCGNTGCAG	1	1	1	0	0	0
CAGCCGTCGAAT	1	1	1	1	1	1
CAGCCTAATGTT	3	1	3	3	1	3
CAGCGAAACCTT	2	1	2	2	1	2
CAGCGATGGTAC	2	1	2	2	1	2
CAGCGGATGAAA	5	1	5	5	1	5
CAGCGGCCTAGG	4	1	4	4	1	4
CAGCGTTAACTC	1	1	1	1	1	1
CAGCGTTACCGG	3	1	3	3	1	3
CAGCTCGAGCCT	2	1	2	2	1	2
CAGCTGGCATAC	1	1	1	1	1	1
CAGCTTTGATGG	2	1	2	2	1	2
CAGGAAACAAAC	5	1	5	5	1	5
CAGGAAAGTGCA	3	1	3	3	1	3
CAGGAATTTTGT	2	1	2	2	1	2
CAGGAGCCAACA	1	1	1	0	0	0
CAGGAGCCGACA	3	1	3	7	1	7
CAGGAGTCGTTC	6	1	6	6	1	6
CAGGATTGATTA	5	1	5	5	1	5
CAGGCACGGCTC	2	1	2	2	1	2
CAGGCATACTCT	1	1	1	1	1	1
CAGGCATATCAA	1	2	3	1	2	3
CAGGCCAGTCGC	1	1	1	1	1	1
CAGGCCGAAATA	1	1	1	1	1	1
CAGGGACCTACG	1	1	1	1	1	1
CAGGGCCAATGA	4	1	4	4	1	4
CAGGGCGGTGGC	1	1	1	1	1	1
CAGGGGCGTGAA	2	1	2	2	1	2
CAGGGGGAATGA	5	1	5	5	1	5
CAGGGGGGTTAA	6	1	6	6	1	6
CAGGGTGCGGTA	1	1	1	1	1	1
CAGGGTGGGTCT	3	1	3	3	1	3
CAGGTAGCGGGA	6	1	6	6	1	6
CAGGTGCCGACA	2	1	2	0	0	0
CAGGTTAAAGGA	1	1	1	1	1	1
CAGGTTACGCAT	3	1	3	3	1	3
CAGGTTTCCATG	2	1	2	2	1	2
CAGNCCATCTAG	1	1	1	0	0	0
CAGTACCCTTAA	2	1	2	2	1	2
CAGTACCTCAGG	1	1	1	1	1	1
CAGTAGGTGGGC	3	1	3	3	1	3
CAGTCACGGTCG	2	1	2	2	1	2
CAGTCCAATTGA	1	1	1	1	1	1
CAGTCCACTCGT	1	1	1	1	1	1
CAGTCCTAGCTC	3	1	3	3	1	3
CAGTCGACTCGA	4	1	4	4	1	4
CAGTGACTGGCT	1	1	1	1	1	1
CAGTGCCCCATG	1	1	1	0	0	0
CAGTGCCCTATG	2	1	2	3	1	3
CAGTGGAGGTGC	4	1	4	4	1	4
CAGTGTACGAGT	3	1	3	3	1	3
CAGTGTATGCTT	1	1	1	0	0	0
CAGTGTCTGCAT	4	1	4	4	1	4
CAGTGTCTGCTT	3	1	3	4	1	4
CAGTTACCAAGT	2	1	2	2	1	2
CAGTTCATAACT	2	1	2	2	1	2
CAGTTCGCGTTG	1	1	1	1	1	1
CAGTTGTTGTNG	1	1	1	0	0	0
CAGTTGTTGTTG	2	1	2	3	1	3
CAGTTTACTTTG	2	1	2	2	1	2
CATAAAAGATCA	2	1	2	2	1	2
CATAAAAGGCAG	6	1	6	6	1	6
CATAAAATTCAA	5	1	5	5	1	5
CATAAACCGGCA	1	1	1	0	0	0
CATAAACTGGCA	4	1	4	6	1	6
CATAAATAGTGC	3	1	3	3	1	3
CATAACCATGCA	1	1	1	1	1	1
CATAAGTCACTG	2	1	2	2	1	2
CATAATCGACCG	1	1	1	1	1	1
CATAATCTGGCA	1	1	1	0	0	0
CATACAAGAGTA	3	1	3	3	1	3
CATACAATCTGT	4	1	4	5	1	5
CATACACATCCA	1	1	1	0	0	0
CATACAGATCCA	2	1	2	3	1	3
CATACANTCTGT	1	1	1	0	0	0
CATACGGCGACT	1	1	1	1	1	1
CATACGGCTAAA	3	1	3	3	1	3
CATACTCCTCGT	2	1	2	3	1	3
CATACTTGGCCG	1	1	1	1	1	1
CATAGAAACCTG	1	1	1	2	1	2
CATAGAAACCTT	1	1	1	0	0	0
CATAGAATCAGG	1	1	1	1	1	1
CATAGACGATCT	2	1	2	2	1	2
CATAGCACCAGG	2	1	2	2	1	2
CATAGGATCACT	1	1	1	0	0	0
CATAGGCTGAAT	2	1	2	2	1	2
CATAGGCTTGTT	2	1	2	2	1	2
CATAGTCTGCGC	2	1	2	2	1	2
CATATAGTCGGT	1	1	1	0	0	0
CATATAGTCGTT	2	1	2	3	1	3
CATATATGCAAC	3	1	3	3	1	3
CATATGATCACT	5	1	5	6	1	6
CATCACTCGGAG	4	1	4	4	1	4
CATCAGCAGATG	1	1	1	0	0	0
CATCAGTGGCAG	1	1	1	0	0	0
CATCAGTGGCTG	2	1	2	3	1	3
CATCATAATCGC	3	1	3	3	1	3
CATCATCAGTCG	2	1	2	2	1	2
CATCCAACATGG	5	1	5	5	1	5
CATCCAAGATGA	5	1	5	5	1	5
CATCCACTAAAT	1	1	1	1	1	1
CATCGCGTCCAG	1	1	1	0	0	0
CATCGGCAGATG	4	1	4	5	1	5
CATCGGGCAGCT	5	1	5	5	1	5
CATCGGGTACGT	1	1	1	1	1	1
CATCNTTATACG	1	1	1	0	0	0
CATCTCTTTTCG	2	1	2	2	1	2
CATCTTGGGTTC	1	1	1	1	1	1
CATCTTTAAACG	1	1	1	0	0	0
CATCTTTATACG	4	1	4	8	1	8
CATCTTTATACN	1	1	1	0	0	0
CATGACTCACCG	1	1	1	1	1	1
CATGAGAGGAGC	1	1	1	1	1	1
CATGAGCTTTTT	1	1	1	1	1	1
CATGAGGACCAT	3	1	3	3	1	3
CATGAGGACCGA	3	1	3	3	1	3
CATGAGGTCACC	3	1	3	3	1	3
CATGAGTGACCT	1	1	1	1	1	1
CATGAGTGGTGC	1	1	1	1	1	1
CATGAGTTTAGG	2	1	2	2	1	2
CATGCAGCAGAT	3	1	3	3	1	3
CATGCCATAGAT	4	1	4	4	1	4
CATGCGTCATTA	2	1	2	2	1	2
CATGCGTGTTGC	3	1	3	3	1	3
CATGCTAATTGC	5	1	5	5	1	5
CATGGCAGTAAT	1	1	1	1	1	1
CATGGGCCGCTC	5	1	5	5	1	5
CATGGTAGGTTA	1	1	1	1	1	1
CATGGTATACGG	1	1	1	1	1	1
CATGGTCTAAGA	2	1	2	2	1	2
CATGTATAGAAG	3	1	3	3	1	3
CATGTATGTAGC	2	1	2	2	1	2
CATGTCTAGCGT	4	1	4	4	1	4
CATGTGAGACCG	3	1	3	3	1	3
CATGTGCAGCAA	3	1	3	3	1	3
CATGTGGCGGAA	2	2	5	3	2	6
CATGTGGGTGAA	5	1	5	5	1	5
CATGTTACGCAT	3	1	3	3	1	3
CATGTTCTTGTC	3	1	3	3	1	3
CATTAAAAGTGG	1	1	1	1	1	1
CATTAAGTCGGA	1	1	1	1	1	1
CATTACCGGCTC	2	1	2	2	1	2
CATTACTCACGC	1	1	1	1	1	1
CATTACTCATTC	1	1	1	0	0	0
CATTACTGATTC	2	1	2	3	1	3
CATTAGACAGAT	1	1	1	1	1	1
CATTAGACCGCC	2	1	2	2	1	2
CATTATCCGAAT	2	1	2	3	1	3
CATTATGCGGAA	1	1	1	0	0	0
CATTATGCGGAC	2	1	2	3	1	3
CATTATTAGTCA	2	1	2	2	1	2
CATTATTCGTGG	4	1	4	4	1	4
CATTCGACTCCC	4	1	4	4	1	4
CATTCGTCTCCC	4	1	4	4	1	4
CATTCGTGGTGT	1	1	1	1	1	1
CATTCTAGGTCA	2	1	2	2	1	2
CATTCTTGGAGA	4	1	4	4	1	4
CATTGAAGATCC	1	1	1	1	1	1
CATTGAATCACC	1	1	1	1	1	1
CATTGCTGCTGC	8	1	8	8	1	8
CATTGGAGAAAA	2	1	2	2	1	2
CATTGGCCGTAC	2	1	2	2	1	2
CATTGGTGGTGT	3	1	3	3	1	3
CATTGTGCGGAC	1	1	1	1	1	1
CATTGTGGTGTA	3	1	3	3	1	3
CATTTACGCTCA	1	1	1	0	0	0
CATTTCCCTCCG	3	1	3	3	1	3
CATTTGCCTCCG	4	1	4	4	1	4
CCAAAAGGGTCA	1	1	1	1	1	1
CCAAACGGTAAT	4	1	4	4	1	4
CCAAAGATTCCG	3	1	3	3	1	3
CCAAATTGGCAG	2	1	2	2	1	2
CCAACAATCATG	1	1	1	0	0	0
CCAACGAACGTA	1	1	1	0	0	0
CCAACGATACAC	2	1	2	2	1	2
CCAACGATCATG	4	1	4	5	1	5
CCAACGCCCTTT	3	1	3	3	1	3
CCAAGAAGCTTA	1	1	1	1	1	1
CCAAGCACCTAT	1	1	1	1	1	1
CCAAGCCATCGG	3	1	3	3	1	3
CCAAGGTAACGG	6	1	6	6	1	6
CCAAGGTATCTA	4	1	4	4	1	4
CCAAGTCCACTT	1	1	1	1	1	1
CCAAGTCCCCTT	2	1	2	2	1	2
CCAAGTCTTATT	4	1	4	4	1	4
CCAAGTGGAGTA	2	1	2	2	1	2
CCAAGTGGATGA	3	1	3	3	1	3
CCAATGACGAAG	4	1	4	4	1	4
CCAATGCCCAGT	2	1	2	2	1	2
CCAATTACGCCT	1	1	1	1	1	1
CCAATTCCCCGA	2	1	2	2	1	2
CCAATTCTTTCT	1	1	1	1	1	1
CCACAAGATCTA	3	1	3	3	1	3
CCACAAGGCAAA	1	1	1	1	1	1
CCACAATTCTCC	1	1	1	1	1	1
CCACACGAAGGA	3	1	3	3	1	3
CCACACTTGCTT	3	1	3	3	1	3
CCACAGATACCC	2	1	2	2	1	2
CCACAGTTCTGC	1	1	1	1	1	1
CCACATCGCCCG	5	1	5	5	1	5
CCACATGATAAC	1	1	1	1	1	1
CCACCAACAGTT	1	1	1	1	1	1
CCACCAACTATG	3	1	3	3	1	3
CCACCAGCCATG	3	1	3	3	1	3
CCACCCCAGTGT	2	1	2	3	1	3
CCACCCCTGTGT	1	1	1	0	0	0
CCACCCGGGTCT	1	1	1	1	1	1
CCACCCTAATAT	1	1	1	1	1	1
CCACCTACCCGG	1	1	1	1	1	1
CCACCTCTTTTA	2	1	2	2	1	2
CCACCTTGTACG	1	1	1	1	1	1
CCACCTTTTCTC	3	1	3	3	1	3
CCACGAAGCACT	2	1	2	2	1	2
CCACGATGCTCA	1	1	1	0	0	0
CCACGCTCCAGC	1	1	1	0	0	0
CCACGGCCGTTT	2	1	2	2	1	2
CCACGTAAGAGA	2	1	2	2	1	2
CCACGTATTAGG	1	1	1	2	1	2
CCACGTCGAACA	5	1	5	5	1	5
CCACTGCAGTAA	5	1	5	5	1	5
CCACTGTCCCGA	1	1	1	1	1	1
CCACTTACCTTA	2	1	2	2	1	2
CCAGAAAATCAT	3	1	3	3	1	3
CCAGAACATACC	1	1	1	1	1	1
CCAGAGCTATAA	2	1	2	2	1	2
CCAGCCATATCT	3	1	3	3	1	3
CCAGCGAACCGT	5	1	5	5	1	5
CCAGCGCTGAAC	5	1	5	6	1	6
CCAGCGCTGCAC	1	1	1	0	0	0
CCAGCTGTCGCA	1	1	1	1	1	1
CCAGGAGTGCCT	3	1	3	3	1	3
CCAGGCGAGGAT	1	1	1	1	1	1
CCAGGTTCTCCG	1	1	1	1	1	1
CCAGTACTCATG	5	1	5	5	1	5
CCAGTACTGCGC	4	1	4	4	1	4
CCAGTGGCACGA	1	1	1	1	1	1
CCAGTTACGCGA	8	1	8	8	1	8
CCAGTTGCAAAA	2	1	2	2	1	2
CCATAACAGGAG	1	1	1	2	1	2
CCATAACAGGAN	1	1	1	0	0	0
CCATAAGCATAT	3	1	3	3	1	3
CCATAATTTTGA	1	1	1	1	1	1
CCATAGGCCGTT	1	1	1	1	1	1
CCATATGCCGAA	1	1	1	1	1	1
CCATCACAGACC	2	1	2	4	1	4
CCATCACCACAA	3	1	3	4	1	4
CCATCACCCCNC	1	1	1	0	0	0
CCATCACCCCTC	3	1	3	4	1	4
CCATCACCGCAA	1	1	1	0	0	0
CCATCAGTATCA	4	1	4	4	1	4
CCATCCCTCATA	5	1	5	5	1	5
CCATCCGCCTGA	2	1	2	2	1	2
CCATCGAACCCA	1	1	1	1	1	1
CCATCGAACGTA	2	1	2	3	1	3
CCATCGACCTGA	1	1	1	1	1	1
CCATCGGCTGAA	1	1	1	1	1	1
CCATCTCAGACC	1	1	1	0	0	0
CCATCTGCGATT	2	1	2	2	1	2
CCATCTTCTATC	2	1	2	2	1	2
CCATGAAACTAA	4	1	4	4	1	4
CCATGAACTTAC	3	1	3	3	1	3
CCATGAGTAACA	1	1	1	0	0	0
CCATGAGTATGA	1	1	1	0	0	0
CCATGATTATGA	3	1	3	5	1	5
CCATGGTACGTA	1	1	1	2	1	2
CCATGTATTAGG	1	1	1	0	0	0
CCATGTGTAACA	3	1	3	4	1	4
CCATGTGTGTTA	3	1	3	3	1	3
CCATTAAACTTA	2	1	2	2	1	2
CCATTACCGGGA	2	1	2	2	1	2
CCATTCGATGCG	1	1	1	1	1	1
CCATTCGGACTT	3	1	3	3	1	3
CCATTGAGGGAA	1	1	1	1	1	1
CCATTTTTCGGA	1	1	1	1	1	1
CCCAAAGATGTT	5	1	5	6	1	6
CCCAACACACCG	3	1	3	3	1	3
CCCAAGCAACAC	1	1	1	0	0	0
CCCAAGCCGGCT	1	1	1	1	1	1
CCCAAGGATACC	4	1	4	4	1	4
CCCAATCGCATA	2	1	2	2	1	2
CCCACCAATTAT	1	1	1	1	1	1
CCCACCGTACTG	3	1	3	3	1	3
CCCACGTCCTAC	2	1	2	4	1	4
CCCACGTCTTAC	1	1	1	0	0	0
CCCACGTGTGAG	1	1	1	1	1	1
CCCACGTNCTAC	1	1	1	0	0	0
CCCACTCGAATT	2	1	2	2	1	2
CCCAGCAGACGT	4	1	4	5	1	5
CCCAGCAGANGT	1	1	1	0	0	0
CCCAGCAGTCCC	3	1	3	3	1	3
CCCAGTACACGA	3	1	3	3	1	3
CCCAGTTAATTG	1	2	2	1	2	2
CCCATAAGCTTT	1	1	1	1	1	1
CCCATCCAACAC	3	1	3	6	1	6
CCCATCGATGAC	4	1	4	4	1	4
CCCATCGATTAC	3	1	3	3	1	3
CCCATGAGCCGG	2	1	2	2	1	2
CCCATGCAACAC	2	1	2	0	0	0
CCCATTCCTGTC	2	1	2	2	1	2
CCCCAACTGGGT	7	1	7	8	1	8
CCCCAACTTGGT	1	1	1	0	0	0
CCCCACAGAACG	1	1	1	1	1	1
CCCCAGATATAG	4	1	4	4	1	4
CCCCATAGCTGT	3	1	3	3	1	3
CCCCATCCTCAG	3	1	3	3	1	3
CCCCCACTCTGT	1	1	1	1	1	1
CCCCCATACGGC	3	1	3	3	1	3
CCCCCCAAATCC	1	1	1	1	1	1
CCCCCCGACGCT	3	1	3	3	1	3
CCCCCGGGAAAA	4	1	4	7	1	7
CCCCCGTCGGTT	2	1	2	2	1	2
CCCCCTAACCTT	1	1	1	1	1	1
CCCCCTGAATTC	1	1	1	1	1	1
CCCCGCTTTACA	1	1	1	1	1	1
CCCCGGCTACCG	1	2	3	1	2	3
CCCCGGGCTCCC	3	1	3	3	1	3
CCCCGTGCTATC	5	1	5	5	1	5
CCCCGTTCCGGC	3	1	3	3	1	3
CCCCTCTTCGGG	3	1	3	3	1	3
CCCGAAAATCGA	3	1	3	3	1	3
CCCGAAACGTCC	5	1	5	5	1	5
CCCGACGCGTGC	1	1	1	1	1	1
CCCGACTAACTC	4	1	4	4	1	4
CCCGAGAATCGA	4	1	4	4	1	4
CCCGATCGACCG	1	1	1	1	1	1
CCCGCGTACGCC	6	1	6	6	1	6
CCCGCTAAGAAG	2	1	2	2	1	2
CCCGGAGGATGC	4	1	4	6	1	6
CCCGGCTCCGCA	3	1	3	3	1	3
CCCGGGAGGCTT	1	1	1	1	1	1
CCCGGGGGATGC	3	1	3	5	1	5
CCCGGGGGCTGC	1	1	1	0	0	0
CCCGGTACTAAC	1	1	1	1	1	1
CCCGGTGCAGCA	3	1	3	4	1	4
CCCGGTTCAGCA	1	1	1	0	0	0
CCCGTAGCTCTA	2	1	2	2	1	2
CCCGTCGTTTAC	4	1	4	4	1	4
CCCGTCTAGTAG	2	1	2	2	1	2
CCCGTGTCAGGG	2	1	2	3	1	3
CCCGTGTCATGG	1	1	1	0	0	0
CCCGTTACTTCT	2	1	2	2	1	2
CCCTACTGGGGA	1	1	1	1	1	1
CCCTAGGCTTAG	1	1	1	1	1	1
CCCTATCGACAG	2	1	2	2	1	2
CCCTATCTACCC	6	1	6	6	1	6
CCCTATGAAGAC	2	1	2	2	1	2
CCCTATGTCATC	1	1	1	2	1	2
CCCTCACAGACC	1	1	1	0	0	0
CCCTCAGGAGCC	1	1	1	1	1	1
CCCTCCACNTAA	1	1	1	1	1	1
CCCTCCACTACA	1	1	1	1	1	1
CCCTCGAATGAA	2	1	2	2	1	2
CCCTCGTCCCCC	4	1	4	5	1	5
CCCTGAGGATGC	1	1	1	0	0	0
CCCTGAGTCCAA	1	1	1	1	1	1
CCCTGATGTAGT	4	1	4	4	1	4
CCCTGCACCTAA	4	1	4	4	1	4
CCCTGGATGTTC	3	1	3	3	1	3
CCCTTACAACCA	2	1	2	2	1	2
CCCTTACCCGGA	2	1	2	2	1	2
CCCTTCAATCTA	2	1	2	2	1	2
CCCTTCCCCACA	1	1	1	1	1	1
CCCTTCGTATAA	4	1	4	4	1	4
CCCTTGATGCAC	1	1	1	1	1	1
CCCTTTACCAAC	2	1	2	3	1	3
CCCTTTACCGAC	1	1	1	0	0	0
CCCTTTTGTAGT	1	1	1	0	0	0
CCGAACGGATTC	3	1	3	3	1	3
CCGAAGGATGAA	2	1	2	2	1	2
CCGAAGGCCTCT	1	1	1	1	1	1
CCGAAGTGTGTG	4	1	4	4	1	4
CCGAAGTTCGGG	1	1	1	1	1	1
CCGAATGGCACA	1	1	1	1	1	1
CCGACAATGTCA	3	1	3	3	1	3
CCGACACGGCAA	1	1	1	1	1	1
CCGACCAGGCTA	1	1	1	1	1	1
CCGACGAGGGAG	3	1	3	3	1	3
CCGACGGTACAA	1	1	1	1	1	1
CCGACTGGTCCA	4	1	4	4	1	4
CCGACTTAAAAG	1	1	1	0	0	0
CCGACTTAATAG	7	1	7	8	1	8
CCGACTTCTTCA	2	1	2	2	1	2
CCGAGAAGAAGG	1	1	1	0	0	0
CCGAGAAGGTTA	1	1	1	1	1	1
CCGAGACCCGTT	2	1	2	2	1	2
CCGAGACGGGGG	2	1	2	2	1	2
CCGAGCAGGCCG	4	1	4	4	1	4
CCGAGCGCAGAG	1	1	1	1	1	1
CCGAGCTAAGAT	1	1	1	1	1	1
CCGAGGCTGAGG	3	1	3	3	1	3
CCGAGGGTCTCT	2	1	2	2	1	2
CCGAGGTGATTT	1	1	1	1	1	1
CCGAGTCTTCAT	1	1	1	0	0	0
CCGAGTGTCTTG	3	1	3	3	1	3
CCGAGTTATAGG	1	1	1	1	1	1
CCGATACCTCAA	1	1	1	0	0	0
CCGATATGTCGA	1	1	1	0	0	0
CCGATATTTCGA	2	1	2	3	1	3
CCGATGGACACG	3	1	3	3	1	3
CCGATGGATACG	3	1	3	3	1	3
CCGATGGGGGAG	1	1	1	1	1	1
CCGATGTTACAG	3	1	3	3	1	3
CCGATTCGGAGT	2	1	2	2	1	2
CCGATTGGGGCC	4	1	4	4	1	4
CCGCAAATAGCC	2	1	2	2	1	2
CCGCAACCGGCG	1	1	1	1	1	1
CCGCAAGATAGA	2	1	2	2	1	2
CCGCAGAACGGC	1	1	1	1	1	1
CCGCCCTTCGAG	1	1	1	1	1	1
CCGCCGGCGCAG	1	1	1	2	1	2
CCGCCGGCGCGG	1	1	1	0	0	0
CCGCCTATAGAC	1	1	1	1	1	1
CCGCCTTACTTG	2	1	2	2	1	2
CCGCCTTCAACA	1	1	1	1	1	1
CCGCCTTCGCTG	4	1	4	4	1	4
CCGCCTTGGTTT	1	1	1	1	1	1
CCGCCTTTATCT	1	1	1	1	1	1
CCGCGAGACAGA	4	1	4	4	1	4
CCGCGAGTCTGA	1	1	1	1	1	1
CCGCGCGCAACA	1	1	1	1	1	1
CCGCGCGGTCGG	1	1	1	1	1	1
CCGCGGCAATGC	2	1	2	2	1	2
CCGCGGTAAAGC	4	1	4	4	1	4
CCGCGTATGGAA	5	1	5	5	1	5
CCGCTAAGAGCA	3	1	3	4	1	4
CCGCTAATATTT	2	1	2	2	1	2
CCGCTCAACCGA	8	1	8	8	1	8
CCGCTGCTCAGT	2	1	2	2	1	2
CCGCTTATCCCA	2	1	2	2	1	2
CCGCTTCAGGAC	2	1	2	2	1	2
CCGCTTCATTTA	3	1	3	3	1	3
CCGGAACTACAG	1	1	1	2	1	2
CCGGACGTGTGA	1	1	1	2	1	2
CCGGACTTGCCG	3	1	3	3	1	3
CCGGAGAACCTA	3	1	3	3	1	3
CCGGAGAACGTA	3	1	3	3	1	3
CCGGAGGATCGG	1	1	1	1	1	1
CCGGAGTAGCAG	1	1	1	1	1	1
CCGGATTCACGA	2	1	2	2	1	2
CCGGCACCAGAT	1	1	1	1	1	1
CCGGCCGATGGT	2	1	2	2	1	2
CCGGCTACACAC	1	1	1	0	0	0
CCGGGAGAACCG	5	1	5	5	1	5
CCGGGGAATCCC	2	1	2	2	1	2
CCGGGGCATCGG	2	1	2	2	1	2
CCGGGTACACAC	3	1	3	4	1	4
CCGGTAATTCGG	5	1	5	6	1	6
CCGGTATCTAAG	2	1	2	2	1	2
CCGGTATGCAAA	2	1	2	3	1	3
CCGGTATGGAAA	1	1	1	0	0	0
CCGGTATTTCGG	1	1	1	0	0	0
CCGGTCCATATT	2	1	2	2	1	2
CCGGTCGATCAG	4	1	4	4	1	4
CCGGTGACTTTT	2	1	2	2	1	2
CCGGTTACTAGG	1	1	1	1	1	1
CCGGTTGCCGTC	4	1	4	4	1	4
CCGTAACTACAG	1	1	1	0	0	0
CCGTAAGGTGCT	2	1	2	2	1	2
CCGTACTCGAGC	1	1	1	1	1	1
CCGTAGATGAAT	5	1	5	5	1	5
CCGTATCCCCTT	1	1	1	0	0	0
CCGTCAGCACCA	1	1	1	1	1	1
CCGTCGAGCATG	1	1	1	1	1	1
CCGTCGCGACCC	1	1	1	1	1	1
CCGTCGTAAAGT	1	1	1	3	1	3
CCGTCGTATACC	2	1	2	2	1	2
CCGTCTCAGTTT	4	1	4	4	1	4
CCGTGACGATAC	1	1	1	0	0	0
CCGTGATTATGA	1	1	1	0	0	0
CCGTGCAACACT	1	1	1	0	0	0
CCGTGCAACATT	3	1	3	4	1	4
CCGTGCTACCAC	1	1	1	0	0	0
CCGTGGACCCTT	2	1	2	2	1	2
CCGTGGTACGTA	1	1	1	0	0	0
CCGTGTACTCGA	2	1	2	2	1	2
CCGTGTCGATAC	5	1	5	6	1	6
CCGTTACCTCAA	3	1	3	4	1	4
CCGTTAGCACCA	3	1	3	3	1	3
CCGTTGCAGCGC	3	1	3	3	1	3
CCGTTGGATTCA	1	1	1	2	1	2
CCGTTTCAATTC	2	1	2	2	1	2
CCGTTTTGGTTC	1	1	1	1	1	1
CCGTTTTGTAGT	7	1	7	8	1	8
CCTAAAGGTTCT	2	1	2	2	1	2
CCTAACCGATTT	2	1	2	2	1	2
CCTAAGCTGAGG	1	1	1	0	0	0
CCTACAGTCTAC	1	1	1	1	1	1
CCTACAGTTGTT	4	1	4	4	1	4
CCTACCGGTAGA	4	1	4	4	1	4
CCTACCGTCCTG	3	1	3	3	1	3
CCTACGGTGCCC	3	1	3	3	1	3
CCTACGTTTGCG	1	1	1	1	1	1
CCTAGAGGGGGC	1	1	1	1	1	1
CCTAGCTCGTGT	1	1	1	1	1	1
CCTAGGCTGAGG	3	1	3	4	1	4
CCTAGGCTGTCC	3	1	3	3	1	3
CCTAGGTCATGT	3	1	3	3	1	3
CCTAGTACGAGG	4	1	4	4	1	4
CCTAGTCCGGTC	3	1	3	3	1	3
CCTAGTCTTAAC	2	1	2	2	1	2
CCTAGTCTTCAT	2	1	2	3	1	3
CCTATAAACACG	4	1	4	4	1	4
CCTATAAGAATA	4	1	4	4	1	4
CCTATACTTTTA	1	1	1	1	1	1
CCTATATCGTTT	2	1	2	2	1	2
CCTATCTCATAA	1	1	1	0	0	0
CCTATCTTATAA	4	1	4	5	1	5
CCTATGCCATTC	4	1	4	4	1	4
CCTATGTGTAAC	1	1	1	1	1	1
CCTATGTTAGAG	1	1	1	1	1	1
CCTATTAGAAAT	3	1	3	3	1	3
CCTCACAAGGTC	3	1	3	3	1	3
CCTCACACTCCC	3	1	3	3	1	3
CCTCACTGTCCG	3	1	3	4	1	4
CCTCAGGTGGAA	2	1	2	2	1	2
CCTCATGATGGC	1	1	1	1	1	1
CCTCCCAGGAAA	1	1	1	1	1	1
CCTCCCGATCGG	4	1	4	4	1	4
CCTCCCGCGGGA	1	1	1	1	1	1
CCTCCCTGTCCG	1	1	1	0	0	0
CCTCCGGGGGGC	2	1	2	2	1	2
CCTCCTATGGGT	2	1	2	2	1	2
CCTCGAAATTCT	5	1	5	5	1	5
CCTCGAGTTTTA	5	1	5	5	1	5
CCTCGCGTCATG	4	1	4	4	1	4
CCTCGGGCTACT	1	1	1	3	1	3
CCTCGGGCTGCT	1	1	1	0	0	0
CCTCGTCCGCGT	5	1	5	5	1	5
CCTCGTTCGAAT	1	1	1	1	1	1
CCTCNTTTTCTC	1	1	1	1	1	1
CCTCTAACGGAA	3	1	3	3	1	3
CCTCTAACTATT	1	1	1	1	1	1
CCTCTCATAAAT	4	1	4	4	1	4
CCTCTCATCAAT	4	1	4	4	1	4
CCTCTCATGGAG	1	1	1	1	1	1
CCTGAAAACATT	1	1	1	1	1	1
CCTGAAAAGCAG	4	1	4	4	1	4
CCTGACCCACTA	1	1	1	1	1	1
CCTGACGTGTGA	1	1	1	0	0	0
CCTGACTGAATA	1	1	1	1	1	1
CCTGATAAGCAG	4	1	4	4	1	4
CCTGATGTACCA	1	1	1	1	1	1
CCTGCAAATTCA	2	1	2	2	1	2
CCTGCAAGCCAG	1	1	1	1	1	1
CCTGCATGCGGC	4	1	4	4	1	4
CCTGCCGTGTAC	1	1	1	1	1	1
CCTGCCTCCCAC	3	1	3	3	1	3
CCTGCTCTGGCA	1	1	1	1	1	1
CCTGGAGCTGAA	1	1	1	1	1	1
CCTGGCCTTGGG	3	1	3	4	1	4
CCTGGCGTTGGG	1	1	1	0	0	0
CCTGGTAATCAC	2	1	2	2	1	2
CCTGGTGGCGTA	1	1	1	1	1	1
CCTGTAGTATTG	2	1	2	2	1	2
CCTGTAGTGTTT	1	1	1	1	1	1
CCTGTCATCCGG	3	1	3	3	1	3
CCTGTCGCAGTG	8	1	8	8	1	8
CCTGTGTCAGGG	3	1	3	3	1	3
CCTGTTGCTGAA	4	1	4	4	1	4
CCTGTTGGTCTG	2	1	2	2	1	2
CCTTAAATCACA	1	1	1	1	1	1
CCTTAACTCTTC	1	1	1	0	0	0
CCTTATTCGCCT	2	1	2	2	1	2
CCTTCACTTTCT	1	1	1	1	1	1
CCTTCATCCTAC	1	1	1	0	0	0
CCTTCATTCTAC	2	1	2	3	1	3
CCTTCTTGCGTG	5	1	5	6	1	6
CCTTGAAATGAT	6	1	6	6	1	6
CCTTGACCAGCT	2	1	2	3	1	3
CCTTGACCTGCT	1	1	1	0	0	0
CCTTGCATATTT	3	1	3	3	1	3
CCTTGGTCATCT	3	1	3	3	1	3
CCTTTACCAAAG	3	1	3	3	1	3
CCTTTACTCTTC	4	1	4	5	1	5
CCTTTAGTGTAA	5	1	5	5	1	5
CCTTTATTATGC	2	1	2	2	1	2
CCTTTCCCCCAA	1	1	1	1	1	1
CCTTTCTCTGAT	3	1	3	3	1	3
CCTTTGCAGAAT	4	1	4	4	1	4
CCTTTGCAGAGT	3	1	3	3	1	3
CCTTTTTCGCGC	4	1	4	4	1	4
CCTTTTTGCCAA	1	1	1	1	1	1
CGAAAAGCATAC	5	1	5	6	1	6
CGAAAATATGCG	1	1	1	1	1	1
CGAAAATCTGGT	2	1	2	2	1	2
CGAAACGTACGG	1	1	1	1	1	1
CGAAAGCATGTT	1	1	1	1	1	1
CGAAAGGCATAC	1	1	1	0	0	0
CGAAATCATCCA	1	1	1	1	1	1
CGAAATCGATCC	2	1	2	2	1	2
CGAACCCACTTG	3	1	3	3	1	3
CGAACGACCTGG	1	1	1	1	1	1
CGAACGGGGGAG	3	1	3	4	1	4
CGAACGGNGGAG	1	1	1	0	0	0
CGAACGTTACCA	3	1	3	3	1	3
CGAACTATGCTA	1	1	1	0	0	0
CGAACTGATAGC	1	1	1	1	1	1
CGAACTTATAAC	2	1	2	2	1	2
CGAAGAATGCAC	3	1	3	3	1	3
CGAAGCAGCCGT	1	1	1	1	1	1
CGAAGCCGTTTG	1	1	1	1	1	1
CGAAGCGCCTGC	2	1	2	2	1	2
CGAAGTAACACG	1	1	1	2	1	2
CGAAGTAAGACG	1	1	1	0	0	0
CGAAGTCGAGGT	6	1	6	6	1	6
CGAAGTGTCTAA	3	1	3	3	1	3
CGAATAAAATGG	3	1	3	3	1	3
CGAATACCACCC	3	1	3	3	1	3
CGAATAGGAGAA	4	1	4	4	1	4
CGAATCATCTGA	4	1	4	4	1	4
CGAATCCGCGGA	3	1	3	3	1	3
CGAATCTCAAAT	2	1	2	2	1	2
CGAATGAGTTTC	1	1	1	1	1	1
CGAATGGTATTC	2	1	2	3	1	3
CGAATGGTNTTC	1	1	1	0	0	0
CGAATGTGAGCG	2	1	2	2	1	2
CGAATTATGCTA	2	1	2	3	1	3
CGAATTCAAATC	1	1	1	1	1	1
CGAATTTGAACG	1	1	1	0	0	0
CGACAAATCAGC	4	1	4	5	1	5
CGACAAGCATCA	4	1	4	4	1	4
CGACAAGGGTGA	5	1	5	5	1	5
CGACACGGTTCG	2	1	2	3	1	3
CGACACGTTTCG	1	1	1	0	0	0
CGACAGAGGCTT	1	1	1	2	1	2
CGACAGATAAAA	1	1	1	1	1	1
CGACATACAAAG	3	1	3	4	1	4
CGACATGCAAAG	1	1	1	0	0	0
CGACCAAGCCCA	3	1	3	3	1	3
CGACCACTCCAT	1	1	1	0	0	0
CGACCAGTCCAT	2	1	2	3	1	3
CGACCGAGGCTT	1	1	1	0	0	0
CGACCTACGTTT	1	1	1	1	1	1
CGACCTCCATGG	1	1	1	0	0	0
CGACCTTCATGG	2	1	2	3	1	3
CGACCTTGACGG	4	1	4	4	1	4
CGACGAGGCCGA	2	1	2	3	1	3
CGACGAGGTCGA	1	1	1	0	0	0
CGACGATATTGG	1	1	1	1	1	1
CGACGCTTCGGT	3	1	3	3	1	3
CGACGGGTTAAC	2	1	2	2	1	2
CGACGTACAGCC	1	1	1	1	1	1
CGACGTCGCGCA	1	1	1	0	0	0
CGACTACATCCG	4	1	4	4	1	4
CGACTACATTCG	4	1	4	4	1	4
CGACTCCCTCAG	2	1	2	2	1	2
CGACTCGCAGAT	2	1	2	2	1	2
CGACTGCCGGTT	4	1	4	4	1	4
CGACTGTGGAGT	1	1	1	1	1	1
CGACTTGTGTAG	1	1	1	1	1	1
CGACTTTCATAT	3	1	3	3	1	3
CGAGAAATCAGC	1	1	1	0	0	0
CGAGACCGCACA	1	1	1	1	1	1
CGAGACTTCTTC	3	1	3	3	1	3
CGAGCACTCTCT	1	1	1	1	1	1
CGAGCAGGGGCC	3	1	3	3	1	3
CGAGCAGTTTTT	2	1	2	2	1	2
CGAGCCAACTCA	2	1	2	2	1	2
CGAGCCGTTCAG	2	1	2	2	1	2
CGAGCGAAATGC	1	1	1	0	0	0
CGAGCGAAATGT	7	1	7	8	1	8
CGAGGAGCTTGG	2	1	2	0	0	0
CGAGGATCGTAC	1	1	1	0	0	0
CGAGGATCTTAC	2	1	2	3	1	3
CGAGGGATCACC	2	1	2	3	1	3
CGAGGGATGGTC	4	1	4	5	1	5
CGAGGGGCTTGG	1	1	1	0	0	0
CGAGTAAAAACT	3	1	3	3	1	3
CGAGTGATGGTC	1	1	1	0	0	0
CGAGTGGTATGA	2	1	2	2	1	2
CGAGTGGTGTTC	1	1	1	0	0	0
CGAGTTAAACAC	5	1	5	5	1	5
CGAGTTACCTTA	3	1	3	3	1	3
CGAGTTCAGGAC	2	1	2	2	1	2
CGAGTTCGCCAC	2	1	2	2	1	2
CGAGTTTTGTAC	3	1	3	3	1	3
CGATAACAAAGC	2	1	2	2	1	2
CGATACCTCCCA	4	1	4	4	1	4
CGATAGACGCAA	1	1	1	0	0	0
CGATAGAGGATA	1	1	1	1	1	1
CGATAGCCGCAA	2	1	2	4	1	4
CGATAGCCGCAC	1	1	1	0	0	0
CGATAGTGATCG	3	1	3	3	1	3
CGATATTGCCCC	3	1	3	3	1	3
CGATATTGGATT	4	1	4	4	1	4
CGATCAATGTAG	1	1	1	1	1	1
CGATCACGGATG	1	1	1	1	1	1
CGATCAGACAGT	1	1	1	1	1	1
CGATCTAACGCT	4	1	4	4	1	4
CGATGACTCTTT	3	1	3	3	1	3
CGATGCAATTAT	1	1	1	1	1	1
CGATGCCGGACT	1	1	1	1	1	1
CGATGGCGAGTA	1	1	1	1	1	1
CGATGTTGGATG	2	1	2	2	1	2
CGATTAACTAGC	2	1	2	3	1	3
CGATTACAGTTT	5	1	5	5	1	5
CGATTCTTCGGT	2	1	2	2	1	2
CGATTTACAGGA	2	1	2	2	1	2
CGATTTAGCAAT	3	1	3	4	1	4
CGCAAATATCAT	1	1	1	0	0	0
CGCAAATCTCAT	6	1	6	8	1	8
CGCAAATGTCAT	1	1	1	0	0	0
CGCAACGACACA	4	1	4	4	1	4
CGCAAGGCGCAG	2	1	2	2	1	2
CGCAAGTACCAC	1	1	1	0	0	0
CGCACACGCCCT	1	1	1	1	1	1
CGCACAGCGGAT	1	1	1	0	0	0
CGCACAGGGGAT	3	1	3	4	1	4
CGCACCGCTCTA	3	1	3	3	1	3
CGCACGGTATCG	1	1	1	1	1	1
CGCACGTGCGCT	5	1	5	6	1	6
CGCACGTGCTCT	1	1	1	0	0	0
CGCACTAGTATG	1	1	1	1	1	1
CGCAGAAGCCCA	1	1	1	1	1	1
CGCAGGGAACCC	2	1	2	3	1	3
CGCAGTATAGTA	1	1	1	1	1	1
CGCAGTTATTCA	1	1	1	1	1	1
CGCAGTTGTCAG	1	1	1	0	0	0
CGCATAGATGAG	6	1	6	6	1	6
CGCATCGTCGTA	2	1	2	2	1	2
CGCATTAACCCC	4	1	4	4	1	4
CGCATTATCTAG	2	1	2	2	1	2
CGCATTGCAGAA	1	1	1	1	1	1
CGCATTGCTGGT	4	1	4	4	1	4
CGCATTGTTGGT	3	1	3	4	1	4
CGCATTGTTTGT	1	1	1	0	0	0
CGCCAACTCTGG	1	1	1	1	1	1
CGCCAAGAACGA	1	1	1	1	1	1
CGCCAATGTAAT	1	1	1	1	1	1
CGCCAATTCTAG	2	1	2	2	1	2
CGCCACAACGGA	1	1	1	1	1	1
CGCCCCAATCCC	3	1	3	3	1	3
CGCCCCACACCT	3	1	3	3	1	3
CGCCCGATGCGG	3	1	3	3	1	3
CGCCGACTATTC	3	1	3	3	1	3
CGCCGCAAGCTC	3	1	3	3	1	3
CGCCGCGGCACC	1	1	1	1	1	1
CGCCGGCCGGCC	2	1	2	2	1	2
CGCCGGTCAGCG	3	1	3	4	1	4
CGCCGGTCTCCC	3	1	3	3	1	3
CGCCGTATTTGG	1	1	1	2	1	2
CGCCGTATTTNG	1	1	1	0	0	0
CGCCTCGCGGCA	4	1	4	4	1	4
CGCCTGATAATC	3	1	3	4	1	4
CGCCTTTTTGAC	4	1	4	4	1	4
CGCGAAAGGTCT	3	1	3	3	1	3
CGCGACATAGCG	2	1	2	2	1	2
CGCGACCAAGTC	3	1	3	3	1	3
CGCGACCCCGAA	3	1	3	3	1	3
CGCGACTGCCGA	3	1	3	4	1	4
CGCGACTGTCGA	1	1	1	0	0	0
CGCGCAAGTTTG	1	1	1	0	0	0
CGCGCAGATTAG	1	1	1	1	1	1
CGCGCAGATTGA	4	1	4	4	1	4
CGCGCCAGTTTG	4	1	4	5	1	5
CGCGCCATGCTT	3	1	3	3	1	3
CGCGCCCCCGGT	2	1	2	2	1	2
CGCGCGCATGGG	4	1	4	4	1	4
CGCGCTGCTGTA	2	1	2	2	1	2
CGCGGAGCAAAA	3	1	3	3	1	3
CGCGGAGGATGC	1	1	1	0	0	0
CGCGGATTCGCT	1	1	1	1	1	1
CGCGGCGCCTAT	1	1	1	1	1	1
CGCGGCTTCATT	4	1	4	4	1	4
CGCGGGGTTGGC	1	1	1	1	1	1
CGCGGTAGATTA	1	1	1	1	1	1
CGCGGTTAACCT	7	1	7	7	1	7
CGCGTCCCGCTG	1	1	1	0	0	0
CGCGTCGCATCT	8	1	8	8	1	8
CGCGTCGTTACT	2	1	2	2	1	2
CGCGTCGTTCTA	3	1	3	4	1	4
CGCGTCGTTGTA	1	1	1	0	0	0
CGCGTCTGCCGA	3	1	3	3	1	3
CGCGTGGTGTTC	6	1	6	8	1	8
CGCGTTACATCC	1	1	1	1	1	1
CGCTAAACCCGC	4	1	4	4	1	4
CGCTACCTTCTA	4	1	4	6	1	6
CGCTAGCCCTTG	4	1	4	4	1	4
CGCTAGTTCTTA	2	1	2	3	1	3
CGCTAGTTCTTT	1	1	1	0	0	0
CGCTCACACAAT	2	1	2	2	1	2
CGCTCACCGCTA	1	1	1	1	1	1
CGCTCAGCGGGG	4	1	4	4	1	4
CGCTCAGGTACA	4	1	4	4	1	4
CGCTCCGCAACG	1	1	1	1	1	1
CGCTCGCTAGTT	1	1	1	1	1	1
CGCTCTATAGAT	4	1	4	4	1	4
CGCTCTCACATC	3	1	3	4	1	4
CGCTCTCACGCT	2	1	2	2	1	2
CGCTCTCAGGTG	4	1	4	4	1	4
CGCTCTTACATC	1	1	1	0	0	0
CGCTGAACCGAA	1	1	1	1	1	1
CGCTGACGCCTA	2	1	2	3	1	3
CGCTGAGGCCTA	1	1	1	0	0	0
CGCTGAGTACAG	1	1	1	1	1	1
CGCTGCCAAGTT	3	1	3	3	1	3
CGCTGCCAATTG	2	1	2	2	1	2
CGCTGCTGACGG	1	1	1	1	1	1
CGCTGGGGGTTG	2	1	2	3	1	3
CGCTGGGTGTTG	1	1	1	0	0	0
CGCTGTATATCA	2	1	2	3	1	3
CGCTGTATATTA	1	1	1	0	0	0
CGCTGTCATTGA	1	1	1	1	1	1
CGCTGTGAAGGG	4	1	4	4	1	4
CGCTGTGGGGGA	1	1	1	0	0	0
CGCTTAGCCATA	3	1	3	3	1	3
CGCTTCACTAAC	1	1	1	0	0	0
CGCTTCCATGCG	1	1	1	1	1	1
CGCTTCCGATCC	2	1	2	2	1	2
CGCTTTACGAGA	1	1	1	1	1	1
CGCTTTAGGGGA	1	1	1	0	0	0
CGCTTTGGGGGA	3	1	3	5	1	5
CGGAAAAAATTA	1	1	1	0	0	0
CGGAACTCTAGT	1	1	1	1	1	1
CGGAACTCTCTA	1	1	1	1	1	1
CGGAAGACAGCC	1	1	1	2	1	2
CGGAAGACATCC	1	1	1	0	0	0
CGGAAGGACGAT	3	1	3	3	1	3
CGGAAGGGTTCG	1	1	1	1	1	1
CGGAATCAGTCC	2	2	4	3	2	7
CGGACATTCCCG	6	1	6	6	1	6
CGGACCACGCGG	8	1	8	8	1	8
CGGACCCTACCA	3	1	3	3	1	3
CGGACGGAGAGG	1	1	1	1	1	1
CGGACTCAGACT	1	1	1	1	1	1
CGGACTTGGGCT	1	1	1	1	1	1
CGGAGACGCACG	3	1	3	3	1	3
CGGAGATGCCCA	2	1	2	0	0	0
CGGAGATGGCCA	1	1	1	0	0	0
CGGAGCTGCCCA	3	1	3	7	1	7
CGGAGCTTCACC	2	1	2	2	1	2
CGGAGGAGGTCA	6	1	6	6	1	6
CGGATACGTAAC	4	1	4	4	1	4
CGGATAGAAAAT	1	1	1	0	0	0
CGGATAGTAAAT	2	1	2	3	1	3
CGGATCGGTCGC	1	1	1	0	0	0
CGGATCTTGGAC	1	1	1	1	1	1
CGGATGGTGGCG	2	1	2	2	1	2
CGGATGGTTAGC	3	1	3	3	1	3
CGGATGTAGAAT	1	1	1	1	1	1
CGGATGTGACAG	3	1	3	4	1	4
CGGATGTGACCG	3	1	3	3	1	3
CGGATTCGCTCG	1	1	1	1	1	1
CGGATTGAACTG	1	1	1	1	1	1
CGGATTGCCCTC	3	1	3	3	1	3
CGGATTTGCATG	1	1	1	1	1	1
CGGCAAAAATTA	2	1	2	3	1	3
CGGCACGCTCAC	3	1	3	3	1	3
CGGCAGCATACT	4	1	4	4	1	4
CGGCAGGTCTTG	7	1	7	8	1	8
CGGCAGGTGTTG	1	1	1	0	0	0
CGGCATGGCAGC	2	1	2	2	1	2
CGGCCCATAGTG	2	1	2	2	1	2
CGGCCTACAGGC	8	1	8	8	1	8
CGGCCTACCAAC	1	1	1	1	1	1
CGGCCTAGACAT	1	1	1	1	1	1
CGGCCTTCCTCG	1	1	1	1	1	1
CGGCCTTGCAAA	2	1	2	2	1	2
CGGCGAAGAGGG	2	1	2	3	1	3
CGGCGACTGTCC	4	1	4	4	1	4
CGGCGAGCGTGT	1	1	1	1	1	1
CGGCGCATGGCA	2	1	2	2	1	2
CGGCGTCGTGGG	3	1	3	3	1	3
CGGCGTTCTGCT	1	1	1	1	1	1
CGGCGTTGGCTT	1	1	1	1	1	1
CGGCTAGCTTAG	1	1	1	1	1	1
CGGCTATATGAT	1	1	1	1	1	1
CGGCTCAAAAGA	2	1	2	3	1	3
CGGCTCTTGCCC	3	1	3	4	1	4
CGGCTCTTGCCG	3	1	3	3	1	3
CGGCTCTTGCGC	1	1	1	0	0	0
CGGCTGTGACAG	1	1	1	0	0	0
CGGCTTAAAAGA	1	1	1	0	0	0
CGGCTTATTATG	3	1	3	3	1	3
CGGGAAAAGGCA	1	1	1	0	0	0
CGGGAACGGACA	5	1	5	5	1	5
CGGGAAGGGATA	1	1	1	1	1	1
CGGGACATAAAT	6	1	6	6	1	6
CGGGACCGCCTG	1	1	1	1	1	1
CGGGATAATAAT	3	1	3	3	1	3
CGGGATATCTCC	1	1	1	2	1	2
CGGGATCAAAGT	6	1	6	6	1	6
CGGGATCATCAG	1	1	1	1	1	1
CGGGATTTCTCC	1	1	1	0	0	0
CGGGCAGTCTCG	5	1	5	5	1	5
CGGGCCNCTGGG	1	1	1	2	1	2
CGGGCCTCTGGG	1	1	1	0	0	0
CGGGCGCCCTTG	2	1	2	2	1	2
CGGGGACAAACA	1	1	1	1	1	1
CGGGGAGGAGGG	2	1	2	2	1	2
CGGGGATAGATA	1	1	1	1	1	1
CGGGGCGAAGGG	1	1	1	1	1	1
CGGGGGTTGATG	1	1	1	1	1	1
CGGGTACTTTGT	4	1	4	4	1	4
CGGGTAGCTACG	2	1	2	2	1	2
CGGGTCTGAGCC	3	1	3	3	1	3
CGGGTTACAAAA	1	1	1	1	1	1
CGGGTTCCACAT	2	1	2	2	1	2
CGGGTTGACCCC	4	1	4	4	1	4
CGGGTTGAGCCG	3	1	3	3	1	3
CGGGTTTAATCG	3	1	3	3	1	3
CGGNGAAGAGGG	1	1	1	0	0	0
CGGTAGCCACCG	1	1	1	1	1	1
CGGTAGTATCAC	1	1	1	1	1	1
CGGTANCAGGAC	1	1	1	2	1	2
CGGTATCAGGAC	1	1	1	0	0	0
CGGTATCCCCTT	4	1	4	5	1	5
CGGTCAGAATAA	4	1	4	4	1	4
CGGTCCATCTGA	3	1	3	3	1	3
CGGTCCGGGAAT	3	1	3	3	1	3
CGGTCGTTACCG	4	1	4	4	1	4
CGGTCTCACCAC	3	1	3	3	1	3
CGGTCTTGTCAG	4	1	4	4	1	4
CGGTGAACAGCA	1	1	1	1	1	1
CGGTGATCGGGT	1	1	1	1	1	1
CGGTGCAAACGG	2	1	2	2	1	2
CGGTGCGACGGC	1	1	1	1	1	1
CGGTGCTGCCCA	1	1	1	0	0	0
CGGTGGATACCG	1	1	1	2	1	2
CGGTGGTACTTC	5	1	5	5	1	5
CGGTGTAACTCG	1	1	1	1	1	1
CGGTGTAGATGC	1	1	1	1	1	1
CGGTTAAGAAAA	1	1	1	1	1	1
CGGTTCGCACAG	5	1	5	5	1	5
CGGTTGATACCG	1	1	1	0	0	0
CGGTTGATACTG	3	1	3	3	1	3
CGGTTGGGTGAT	5	1	5	5	1	5
CGGTTTCCACAA	1	1	1	1	1	1
CGGTTTCCTCCC	2	1	2	2	1	2
CGGTTTGGTTCC	2	1	2	2	1	2
CGTAAAGAAAAT	1	1	1	1	1	1
CGTAACAGAGAC	3	1	3	3	1	3
CGTAACTTTCCA	1	1	1	1	1	1
CGTAAGAGCAAC	2	1	2	2	1	2
CGTAAGCTAACC	2	1	2	2	1	2
CGTAAGGCCGGA	2	1	2	2	1	2
CGTAATACTCAT	3	1	3	3	1	3
CGTACCGTGTGG	3	1	3	3	1	3
CGTACGAATTTA	5	1	5	5	1	5
CGTACTTCCATT	2	1	2	3	1	3
CGTACTTCGATT	1	1	1	0	0	0
CGTACTTCGCAC	5	1	5	5	1	5
CGTAGACGCTGT	2	1	2	2	1	2
CGTAGATACGTC	1	1	1	0	0	0
CGTAGATCCTGA	2	1	2	2	1	2
CGTAGCAATGCG	6	1	6	6	1	6
CGTAGCGGGGCT	3	1	3	3	1	3
CGTAGCTACGTC	4	1	4	5	1	5
CGTAGGGAACCC	1	1	1	0	0	0
CGTAGTTGACGC	1	1	1	1	1	1
CGTATACGTGAT	5	1	5	6	1	6
CGTATAGGTTTA	3	1	3	3	1	3
CGTATATGTGAT	1	1	1	0	0	0
CGTATCAGACCG	1	1	1	0	0	0
CGTATCATGATC	1	1	1	0	0	0
CGTATCCGACCG	1	1	1	0	0	0
CGTATCGGACCG	3	1	3	5	1	5
CGTATGATGATC	3	1	3	4	1	4
CGTATGATGCTC	3	1	3	3	1	3
CGTATTTGACGG	3	1	3	3	1	3
CGTCAATCTCGC	1	1	1	1	1	1
CGTCAGACGTAG	3	1	3	3	1	3
CGTCATACCATG	3	1	3	3	1	3
CGTCATCCCCAA	3	1	3	3	1	3
CGTCATTGGTTG	3	1	3	3	1	3
CGTCCACCCCTA	2	1	2	2	1	2
CGTCCATGGCAG	3	1	3	3	1	3
CGTCCCACGGAC	6	1	6	6	1	6
CGTCCTAAAGAC	1	1	1	1	1	1
CGTCCTCCGATG	3	1	3	3	1	3
CGTCCTTTTATG	4	1	4	4	1	4
CGTCGACAAGTT	1	1	1	2	1	2
CGTCGCAAGTCA	3	1	3	3	1	3
CGTCGCGCGCAA	2	1	2	2	1	2
CGTCGGAAATAT	3	1	3	3	1	3
CGTCGTACCTAG	1	1	1	1	1	1
CGTCTAATCCCT	3	1	3	3	1	3
CGTCTACTTTAG	6	1	6	6	1	6
CGTCTGACAGGT	2	1	2	2	1	2
CGTCTGCCCTCT	1	1	1	1	1	1
CGTCTGTTTCTA	4	1	4	4	1	4
CGTCTTTTTGCC	4	1	4	4	1	4
CGTGACTGTAGC	3	1	3	3	1	3
CGTGATGAATGT	1	1	1	1	1	1
CGTGCCATGCAC	2	1	2	2	1	2
CGTGCCCGTGAT	3	1	3	4	1	4
CGTGCCCGTGCT	1	1	1	0	0	0
CGTGCGGCCGCT	2	1	2	2	1	2
CGTGCTATATAC	3	1	3	3	1	3
CGTGGACGCCCC	1	1	1	1	1	1
CGTGGCATTTAC	2	1	2	2	1	2
CGTGGCGGACTC	6	1	6	6	1	6
CGTGGCGGAGTT	7	1	7	8	1	8
CGTGGCGGCTGT	3	1	3	3	1	3
CGTGGCNGAGTT	1	1	1	0	0	0
CGTGGCTAATGT	1	1	1	1	1	1
CGTGGGGCAAGA	4	1	4	4	1	4
CGTGGTAACCAG	2	1	2	2	1	2
CGTGTAATACTT	4	1	4	4	1	4
CGTGTGGCGGAA	1	1	1	0	0	0
CGTGTGGTAAGC	1	1	1	3	1	3
CGTGTGGTANGC	1	1	1	0	0	0
CGTGTGGTTAGC	1	1	1	0	0	0
CGTGTTAGGTAC	5	1	5	5	1	5
CGTGTTGAGCCC	2	1	2	2	1	2
CGTGTTGGGCCT	5	1	5	5	1	5
CGTTAAGGTCGG	3	1	3	3	1	3
CGTTACCTGCCT	2	1	2	2	1	2
CGTTACCTTCTA	1	1	1	0	0	0
CGTTACTACTTA	4	1	4	6	1	6
CGTTACTACTTG	1	1	1	0	0	0
CGTTACTAGTTA	1	1	1	0	0	0
CGTTACTGAGGC	5	1	5	6	1	6
CGTTAGGCATCA	2	1	2	2	1	2
CGTTAGTATCCT	3	1	3	3	1	3
CGTTCAACAGAC	3	1	3	3	1	3
CGTTCCTGCCTA	1	1	1	1	1	1
CGTTCGTTACCA	6	1	6	6	1	6
CGTTCTGATAGA	1	1	1	1	1	1
CGTTGAAATCAC	1	1	1	1	1	1
CGTTGCATAAGT	1	1	1	1	1	1
CGTTGCTGAGGC	1	1	1	0	0	0
CGTTGTATAAAT	2	1	2	2	1	2
CGTTTAGGCTGA	1	1	1	1	1	1
CGTTTTCCTTAG	2	1	2	2	1	2
CGTTTTCGCCCC	1	1	1	1	1	1
CGTTTTGCATAG	1	1	1	1	1	1
CNAACGCAGTCG	1	1	1	0	0	0
CNAATTTGAACG	1	1	1	0	0	0
CNATCACTGCTA	1	1	1	1	1	1
CNTCGCAGAAAT	1	1	1	2	1	2
CTAAAAAAAATT	3	1	3	3	1	3
CTAAAAATAACG	2	1	2	2	1	2
CTAAAATAGTGC	1	1	1	0	0	0
CTAAACCGTCAT	3	1	3	3	1	3
CTAAACTAAGCG	1	1	1	2	1	2
CTAAAGAGGGCG	4	1	4	4	1	4
CTAACAGGGGCC	1	1	1	2	1	2
CTAACATAGTAG	2	1	2	2	1	2
CTAACCAGATTT	3	1	3	3	1	3
CTAACCCGATCT	2	1	2	3	1	3
CTAACCGGGGCC	1	1	1	0	0	0
CTAACCTTATTC	3	1	3	3	1	3
CTAACGCAGTCG	4	1	4	5	1	5
CTAACGGTTCAG	1	1	1	1	1	1
CTAACNCGATCT	1	1	1	0	0	0
CTAACTGGTCGG	2	1	2	2	1	2
CTAAGATGGAAA	1	1	1	1	1	1
CTAAGATTAGTT	3	1	3	3	1	3
CTAAGCATTGAT	4	1	4	4	1	4
CTAAGCCTTAGT	6	1	6	6	1	6
CTAAGTATCAGG	2	1	2	2	1	2
CTAAGTGACGCC	2	1	2	2	1	2
CTAAGTTGATGG	4	1	4	4	1	4
CTAAGTTTCCAG	3	1	3	3	1	3
CTAAGTTTGTGT	1	1	1	1	1	1
CTAATGACTAAG	2	1	2	2	1	2
CTAATGAGTTTA	3	1	3	3	1	3
CTAATTATGGAA	1	1	1	1	1	1
CTACAACATTGG	3	1	3	3	1	3
CTACAAGTTATG	3	1	3	3	1	3
CTACAATAGTGC	4	1	4	5	1	5
CTACACAGCCAT	2	1	2	2	1	2
CTACACCATAGT	1	1	1	0	0	0
CTACACCATGGT	2	1	2	0	0	0
CTACACTAAGCG	1	1	1	0	0	0
CTACAGGAATCC	7	1	7	8	1	8
CTACAGGCATCC	1	1	1	0	0	0
CTACATCCAAAT	4	1	4	4	1	4
CTACCACTAGCG	3	1	3	3	1	3
CTACCAGACTGC	1	1	1	0	0	0
CTACCCATGAGT	5	1	5	5	1	5
CTACCCCGCAAC	2	2	5	2	2	5
CTACCTAGCAGC	5	1	5	5	1	5
CTACCTGCGCGT	1	1	1	1	1	1
CTACGACTTGCT	2	1	2	4	1	4
CTACGATCACAC	4	1	4	4	1	4
CTACGCCATGGT	3	1	3	6	1	6
CTACGCCTTGCT	1	1	1	0	0	0
CTACGCGGACGG	1	1	1	0	0	0
CTACGTATCATT	1	1	1	1	1	1
CTACGTTGCCCA	6	1	6	6	1	6
CTACTAATGCCA	1	1	1	1	1	1
CTACTACGGACA	4	1	4	7	1	7
CTACTACGGGAA	5	1	5	5	1	5
CTACTATCTATC	1	1	1	1	1	1
CTACTCTGCACG	3	1	3	4	1	4
CTACTCTTAGTA	2	1	2	2	1	2
CTACTGCCGATT	1	1	1	0	0	0
CTACTGCCTACC	1	1	1	1	1	1
CTACTGCCTATT	2	1	2	4	1	4
CTACTGGCGATG	2	1	2	2	1	2
CTAGACAAGAGT	1	1	1	1	1	1
CTAGACCGGAAT	1	1	1	1	1	1
CTAGACCTGCGT	4	1	4	4	1	4
CTAGACGGGTTT	2	1	2	2	1	2
CTAGCAATGCTG	6	1	6	6	1	6
CTAGCACTTGCG	1	1	1	1	1	1
CTAGCAGACACC	1	1	1	1	1	1
CTAGCATACTGA	3	1	3	3	1	3
CTAGCCGTTGGA	2	1	2	2	1	2
CTAGCCTACTAG	4	1	4	4	1	4
CTAGCGTCAATC	2	1	2	2	1	2
CTAGCTTATTAA	8	1	8	8	1	8
CTAGGAGCTTGG	3	1	3	6	1	6
CTAGGCCGCCAC	5	1	5	5	1	5
CTAGGCGGAACG	2	1	2	3	1	3
CTAGGCGGGCTG	1	1	1	1	1	1
CTAGGCTCAACT	1	1	1	1	1	1
CTAGGGGGAACG	1	1	1	0	0	0
CTAGGGGTGCTC	2	1	2	2	1	2
CTAGGTACCAGA	3	1	3	3	1	3
CTAGTACGGCTC	4	1	4	5	1	5
CTAGTCAAAGCT	1	1	1	1	1	1
CTAGTCCCTAAC	1	1	1	0	0	0
CTAGTCCCTCAC	3	1	3	4	1	4
CTAGTCGGCGGA	2	1	2	3	1	3
CTAGTCGGCGNA	1	1	1	0	0	0
CTAGTCTTAAGA	1	1	1	1	1	1
CTAGTGCACCGA	4	1	4	4	1	4
CTAGTGCACCTA	3	1	3	3	1	3
CTAGTTGTACAA	2	1	2	2	1	2
CTATAAAACAAC	1	1	1	1	1	1
CTATAACCGCAG	1	1	1	1	1	1
CTATAATGGAGG	3	1	3	3	1	3
CTATACGCAAGC	2	1	2	2	1	2
CTATACTACAAC	1	1	1	1	1	1
CTATAGGACAAC	4	1	4	4	1	4
CTATAGGGCAAC	4	1	4	4	1	4
CTATATAAGGGC	2	1	2	2	1	2
CTATATAATCAC	2	1	2	2	1	2
CTATCAATGACA	2	1	2	3	1	3
CTATCACCATCC	5	1	5	5	1	5
CTATCGGGCGGC	1	1	1	0	0	0
CTATCGGGCTGC	4	1	4	5	1	5
CTATCTATGACA	1	1	1	0	0	0
CTATCTTGTCCT	2	1	2	2	1	2
CTATGACTTGCT	1	1	1	0	0	0
CTATGATTAAAG	5	1	5	6	1	6
CTATGATTAAGG	1	1	1	0	0	0
CTATGCGGACTA	6	1	6	6	1	6
CTATGGATGTCT	2	1	2	2	1	2
CTATGTTTTTAC	3	1	3	3	1	3
CTATTACAGTTG	2	1	2	2	1	2
CTATTATGGAGA	4	1	4	4	1	4
CTATTCATACTA	4	1	4	4	1	4
CTATTCCCAAGG	1	1	1	1	1	1
CTATTCGTACAG	2	1	2	2	1	2
CTATTGCCGGTA	1	1	1	1	1	1
CTATTGTGTGCC	4	1	4	4	1	4
CTATTTCGTTAT	4	1	4	4	1	4
CTATTTGTCCTA	2	1	2	2	1	2
CTATTTTCCATG	1	1	1	1	1	1
CTATTTTTCGGG	1	1	1	1	1	1
CTCAAAAGCAAC	2	1	2	2	1	2
CTCAACCGGATA	1	1	1	1	1	1
CTCAAGGCATAC	1	1	1	1	1	1
CTCAAGGGGACT	4	1	4	4	1	4
CTCAAGGTGACT	3	1	3	4	1	4
CTCAATATTTTC	4	1	4	4	1	4
CTCAATCAGAGC	5	2	11	5	2	11
CTCAATCCGATT	2	1	2	2	1	2
CTCACAGTTAAA	1	1	1	1	1	1
CTCACGAAGGTT	3	1	3	3	1	3
CTCACGCGCAAA	2	1	2	2	1	2
CTCACTGACGTC	1	1	1	1	1	1
CTCACTGGGGAT	3	1	3	3	1	3
CTCACTTAGGCG	1	1	1	2	1	2
CTCACTTAGGCT	1	1	1	0	0	0
CTCAGTATATTA	1	1	1	1	1	1
CTCATGAGCGGT	1	1	1	1	1	1
CTCATGAGGTAC	2	1	2	2	1	2
CTCATGCCTGTC	2	1	2	2	1	2
CTCATTAGCTTG	1	1	1	1	1	1
CTCATTGAAGGT	1	1	1	1	1	1
CTCATTGTAAAA	2	1	2	2	1	2
CTCCAAAAGCTG	3	1	3	3	1	3
CTCCAACCGATC	1	1	1	1	1	1
CTCCAATTAACT	1	1	1	1	1	1
CTCCACAACCGA	1	1	1	1	1	1
CTCCACACGACG	3	1	3	3	1	3
CTCCACCCTACG	3	1	3	3	1	3
CTCCAGCCTACG	3	1	3	3	1	3
CTCCATAAGTTT	4	1	4	4	1	4
CTCCATATCTCG	1	1	1	1	1	1
CTCCATCAATAG	1	1	1	0	0	0
CTCCATCAATCG	5	1	5	6	1	6
CTCCCAGCTTTG	1	1	1	1	1	1
CTCCCAGTAACG	4	1	4	4	1	4
CTCCCGGGAAAA	2	1	2	0	0	0
CTCCCGGGGAAA	1	1	1	0	0	0
CTCCCTGTGTCC	3	1	3	3	1	3
CTCCGACGGGTA	1	1	1	0	0	0
CTCCGCAAATCA	3	1	3	3	1	3
CTCCGCGGCATA	2	1	2	2	1	2
CTCCGCTGGGGC	1	1	1	1	1	1
CTCCGTGAGTCT	1	1	1	1	1	1
CTCCGTGCTATT	2	1	2	2	1	2
CTCCTACAGGCC	3	1	3	3	1	3
CTCCTCTTCATA	2	1	2	2	1	2
CTCCTTAATGTC	1	1	1	1	1	1
CTCCTTGCGGAT	2	1	2	2	1	2
CTCGAATCAAAA	3	1	3	4	1	4
CTCGAATTAGGG	5	1	5	5	1	5
CTCGAGTGCAGT	4	1	4	4	1	4
CTCGATATAGAT	3	1	3	3	1	3
CTCGATGTTGTC	8	1	8	8	1	8
CTCGATTGTTTA	3	1	3	3	1	3
CTCGCACGGCCT	3	1	3	3	1	3
CTCGCCGAGTAT	1	1	1	0	0	0
CTCGCGAGTTGA	3	1	3	3	1	3
CTCGCGTCCGAG	3	1	3	3	1	3
CTCGCTATGTAC	2	1	2	3	1	3
CTCGCTATGTAN	1	1	1	0	0	0
CTCGCTGAGTAT	3	1	3	4	1	4
CTCGGACGGCAT	1	1	1	1	1	1
CTCGGAGGTTAA	1	1	1	1	1	1
CTCGGCGTGACC	5	1	5	5	1	5
CTCGGCTGAGGC	4	1	4	4	1	4
CTCGGTGAGACA	1	1	1	1	1	1
CTCGGTGTAAAA	5	1	5	6	1	6
CTCGGTTTAAAA	1	1	1	0	0	0
CTCGTACGGCTC	3	1	3	3	1	3
CTCGTACGTGGT	3	1	3	3	1	3
CTCGTCCACTCG	1	1	1	0	0	0
CTCGTCTAAGCA	3	1	3	3	1	3
CTCGTCTCCCGG	2	1	2	2	1	2
CTCGTGAATTGT	3	1	3	3	1	3
CTCGTGAGAAGG	1	1	1	1	1	1
CTCGTGCTACAC	2	1	2	2	1	2
CTCGTGGTGTTC	1	1	1	0	0	0
CTCNAATCAAAA	1	1	1	0	0	0
CTCTAACTGATA	3	1	3	3	1	3
CTCTAATGAGAC	3	1	3	3	1	3
CTCTAGCTCCGG	2	1	2	2	1	2
CTCTATGCTGGC	1	1	1	1	1	1
CTCTATGTCATC	1	2	2	1	1	1
CTCTCAATGAAT	6	1	6	6	1	6
CTCTCCATATGT	2	1	2	2	1	2
CTCTCCGATACT	1	1	1	1	1	1
CTCTCGAGAGCG	4	1	4	4	1	4
CTCTCGAGTAGT	1	1	1	1	1	1
CTCTCGCTGGCG	1	1	1	1	1	1
CTCTCGGCAATT	4	1	4	4	1	4
CTCTCGTGACCG	2	1	2	3	1	3
CTCTCTATATGA	2	1	2	2	1	2
CTCTCTCGGTCC	1	1	1	1	1	1
CTCTCTGATCAA	1	1	1	1	1	1
CTCTGAATAGCC	2	1	2	2	1	2
CTCTGGAATCGG	1	1	1	1	1	1
CTCTGGCAATGT	1	1	1	1	1	1
CTCTGTCGTAGT	3	1	3	3	1	3
CTCTGTGCCTGC	1	1	1	1	1	1
CTCTTCAAGCTC	3	1	3	3	1	3
CTCTTCCATAAC	4	1	4	4	1	4
CTCTTGACCACA	2	1	2	2	1	2
CTCTTGCGATGA	2	1	2	2	1	2
CTCTTGTAAAGT	1	1	1	1	1	1
CTCTTGTTAAAT	2	1	2	2	1	2
CTCTTTGGGGGC	6	1	6	6	1	6
CTGAAACGTCGA	2	1	2	2	1	2
CTGAAATACGAA	2	1	2	2	1	2
CTGAACCGAGAC	6	1	6	6	1	6
CTGAACGATCTG	1	1	1	1	1	1
CTGAATGGGATT	4	1	4	4	1	4
CTGAATTTAAGA	2	1	2	2	1	2
CTGAATTTCCAC	1	1	1	1	1	1
CTGACAAGATAA	1	1	1	1	1	1
CTGACAAGTCGC	3	1	3	3	1	3
CTGACAGTGATA	4	1	4	4	1	4
CTGACATGCGCG	2	1	2	2	1	2
CTGACCCTCGAC	4	1	4	4	1	4
CTGACCTGTTAA	6	1	6	6	1	6
CTGACGAAGCTA	3	1	3	3	1	3
CTGACGGCCAAA	5	1	5	5	1	5
CTGACGTGGCGA	3	1	3	3	1	3
CTGACTGCATAA	5	1	5	5	1	5
CTGACTTACCAA	1	1	1	1	1	1
CTGAGACTTCGT	1	1	1	1	1	1
CTGAGAGATGTC	3	1	3	3	1	3
CTGAGAGATGTG	3	1	3	4	1	4
CTGAGAGATTTC	2	1	2	2	1	2
CTGAGNGATGTG	1	1	1	0	0	0
CTGAGTACGCCG	2	1	2	2	1	2
CTGAGTCGGCGA	3	1	3	3	1	3
CTGANCGCAGTG	1	1	1	2	1	2
CTGATACTCACC	1	1	1	1	1	1
CTGATATGTACG	4	1	4	4	1	4
CTGATCCCAAAC	5	1	5	5	1	5
CTGATCGCAGTG	1	1	1	0	0	0
CTGATCTATGTC	2	1	2	2	1	2
CTGATGCCAACA	3	1	3	3	1	3
CTGATTCGGAAG	2	1	2	2	1	2
CTGATTCTTGGG	1	1	1	1	1	1
CTGATTTGGGGA	1	1	1	1	1	1
CTGCAACCTTCA	1	1	1	1	1	1
CTGCACCGCTAT	4	1	4	4	1	4
CTGCACTCGCTT	2	1	2	2	1	2
CTGCAGTGCTTG	1	1	1	1	1	1
CTGCCAACTTCA	1	1	1	1	1	1
CTGCCACGGTTA	2	1	2	2	1	2
CTGCCCACTGGG	3	1	3	3	1	3
CTGCCGAAGAGT	4	1	4	4	1	4
CTGCCTACAGTG	3	1	3	3	1	3
CTGCCTCGTTAG	1	1	1	1	1	1
CTGCGAAACAGA	2	1	2	2	1	2
CTGCGACTGGTG	3	1	3	3	1	3
CTGCGCCCTACG	3	1	3	3	1	3
CTGCGCGGACGG	4	1	4	6	1	6
CTGCGCGGTCGG	1	1	1	0	0	0
CTGCGTCCTTTA	2	1	2	2	1	2
CTGCTAAGGCCT	5	1	5	6	1	6
CTGCTATATGGA	2	1	2	2	1	2
CTGCTCAATGAG	5	1	5	5	1	5
CTGCTCCGGAAT	1	1	1	2	1	2
CTGCTGAGCCCC	2	1	2	2	1	2
CTGCTGTATGAT	8	1	8	8	1	8
CTGCTNCGGAAT	1	1	1	0	0	0
CTGCTTGGACGG	1	1	1	1	1	1
CTGCTTTTTTAG	4	1	4	4	1	4
CTGGAAAAGGCA	3	1	3	4	1	4
CTGGAACATACC	1	1	1	1	1	1
CTGGACACAGAG	1	1	1	1	1	1
CTGGACGAGCTT	1	1	1	1	1	1
CTGGAGAGTTGC	5	1	5	5	1	5
CTGGATCGATAC	4	1	4	4	1	4
CTGGATCTGCGC	2	1	2	2	1	2
CTGGATGATGAG	3	1	3	3	1	3
CTGGATGATTTA	2	1	2	2	1	2
CTGGCAGTATTT	1	1	1	1	1	1
CTGGCTTCCTGC	4	1	4	4	1	4
CTGGGAATTTCT	1	1	1	1	1	1
CTGGGACATGGT	1	1	1	1	1	1
CTGGGAGCGGCG	2	1	2	2	1	2
CTGGGCAGACCT	2	1	2	2	1	2
CTGGGCCAGAGA	3	1	3	3	1	3
CTGGGGCGGCTT	1	1	1	1	1	1
CTGGGGTTACGA	6	1	6	6	1	6
CTGGGTAGCGAG	1	1	1	1	1	1
CTGGGTTAGGCT	2	1	2	2	1	2
CTGGGTTGCGCC	1	1	1	1	1	1
CTGGTCAAGCCC	3	1	3	3	1	3
CTGGTCGACGTA	1	1	1	2	1	2
CTGGTGGACGTA	1	1	1	0	0	0
CTGGTTAGTGTA	4	1	4	4	1	4
CTGTACCAGTAC	4	1	4	4	1	4
CTGTACCCCCCT	1	1	1	1	1	1
CTGTACCTAATT	3	1	3	3	1	3
CTGTACTGTTAT	1	1	1	1	1	1
CTGTACTTGTGT	1	1	1	1	1	1
CTGTAGGACCGT	4	1	4	4	1	4
CTGTATCCCCGA	2	1	2	2	1	2
CTGTCATCCGGC	3	1	3	3	1	3
CTGTCCCCTCCG	1	1	1	1	1	1
CTGTCCCTACAG	2	1	2	2	1	2
CTGTCCGATCAC	1	1	1	1	1	1
CTGTCCTAGAAA	3	1	3	3	1	3
CTGTCCTCCTTT	2	1	2	2	1	2
CTGTCGCATGGA	1	1	1	1	1	1
CTGTCGTTACCG	3	1	3	4	1	4
CTGTCGTTACTG	1	1	1	0	0	0
CTGTCTCTCGCG	2	1	2	2	1	2
CTGTCTCTCGGG	2	1	2	2	1	2
CTGTCTGTGCGT	4	1	4	4	1	4
CTGTGCCAATAA	3	1	3	3	1	3
CTGTGCCTATTA	5	1	5	5	1	5
CTGTGGGATAGA	1	1	1	1	1	1
CTGTGTTGCTTG	3	1	3	4	1	4
CTGTGTTGTTTG	1	1	1	0	0	0
CTGTGTTTTTCT	2	1	2	2	1	2
CTGTTAAACAGC	4	1	4	4	1	4
CTGTTAACTCGA	1	1	1	0	0	0
CTGTTAAGCAGC	3	1	3	3	1	3
CTGTTAATTCGA	4	1	4	5	1	5
CTGTTCGGTAAC	1	1	1	1	1	1
CTGTTGAGCGCC	3	1	3	3	1	3
CTGTTGGCTACT	4	1	4	4	1	4
CTGTTGGGAACC	1	1	1	1	1	1
CTNTCGTGACCG	1	1	1	0	0	0
CTTAATATCACG	1	1	1	1	1	1
CTTAATCAGATA	1	1	1	1	1	1
CTTAATGACCGC	2	1	2	2	1	2
CTTACAGATCAA	2	1	2	2	1	2
CTTACCTGGGTA	5	1	5	6	1	6
CTTACCTGTGTA	1	1	1	0	0	0
CTTACGATGTCA	2	1	2	2	1	2
CTTACGCGGTCA	1	1	1	1	1	1
CTTACGCGTAGC	5	1	5	5	1	5
CTTACGGGGGTG	3	1	3	3	1	3
CTTACTCGAGAC	2	1	2	2	1	2
CTTAGATCATCT	4	1	4	4	1	4
CTTATCCGTTAA	1	1	1	1	1	1
CTTATCGAAGCG	1	1	1	0	0	0
CTTATGGTTTAG	1	1	1	1	1	1
CTTATGTGATTT	3	1	3	3	1	3
CTTATTGAAGCG	4	1	4	5	1	5
CTTATTGCTCAG	4	1	4	4	1	4
CTTATTGGCGGT	1	1	1	1	1	1
CTTATTTCCCCC	1	1	1	0	0	0
CTTCACAGTATG	3	1	3	3	1	3
CTTCACGTGTAA	3	1	3	3	1	3
CTTCAGCGGCCT	2	1	2	2	1	2
CTTCAGCTGCGG	2	1	2	2	1	2
CTTCAGGACATG	5	1	5	5	1	5
CTTCAGGATGTT	3	1	3	3	1	3
CTTCATAAACTC	5	1	5	5	1	5
CTTCATTGACAA	1	1	1	1	1	1
CTTCCAACGATA	3	1	3	3	1	3
CTTCCCAGGCGT	1	1	1	2	1	2
CTTCCCGCAGTC	1	1	1	1	1	1
CTTCCCTGGCGT	1	1	1	0	0	0
CTTCCGAGAGGT	1	1	1	1	1	1
CTTCCGGTCAAG	2	1	2	2	1	2
CTTCCGGTGTGA	2	1	2	2	1	2
CTTCCGTGGTGC	1	1	1	1	1	1
CTTCCGTGTACG	4	1	4	4	1	4
CTTCCTTTTGAT	2	1	2	2	1	2
CTTCGAATCTCC	3	1	3	3	1	3
CTTCGACAAGTT	1	1	1	0	0	0
CTTCGACGGGTA	7	1	7	8	1	8
CTTCGATAGGGT	3	1	3	3	1	3
CTTCGCAGAAAT	1	1	1	0	0	0
CTTCGCATGTTG	2	1	2	3	1	3
CTTCGGCGCCCG	1	1	1	0	0	0
CTTCGGCGCTCG	3	1	3	4	1	4
CTTCGTACCCCG	1	1	1	1	1	1
CTTCGTCCTGCG	2	1	2	2	1	2
CTTCGTTTGGCT	3	1	3	3	1	3
CTTCTAGACGGG	1	1	1	1	1	1
CTTCTAGATAGA	1	1	1	1	1	1
CTTCTAGCGAGT	3	1	3	3	1	3
CTTCTCCTGGGT	1	1	1	1	1	1
CTTCTCTGCACG	1	1	1	0	0	0
CTTCTGATGCTA	2	1	2	2	1	2
CTTCTGTGTGCA	1	1	1	1	1	1
CTTCTTGGTGCA	2	1	2	2	1	2
CTTCTTTATACG	1	1	1	0	0	0
CTTCTTTCGCTC	2	1	2	2	1	2
CTTCTTTGAGAC	3	1	3	3	1	3
CTTGAAACACAA	3	1	3	3	1	3
CTTGAACATAAC	1	1	1	1	1	1
CTTGACCAGTAT	1	1	1	0	0	0
CTTGACCAGTTT	2	1	2	3	1	3
CTTGAGTTATGG	3	1	3	3	1	3
CTTGCAACGGGT	3	1	3	3	1	3
CTTGCACTCTCA	1	1	1	1	1	1
CTTGCGAGTATC	3	1	3	3	1	3
CTTGCTGATCAT	1	1	1	1	1	1
CTTGCTTAATGG	1	1	1	1	1	1
CTTGGAGATGCC	1	1	1	1	1	1
CTTGGAGGCAGA	3	1	3	3	1	3
CTTGGAGGGGCG	2	1	2	2	1	2
CTTGGCAACGGT	1	1	1	0	0	0
CTTGGCAGCGGT	4	1	4	5	1	5
CTTGGGGCAGTA	1	1	1	1	1	1
CTTGGGTATCGC	5	1	5	5	1	5
CTTGGGTCATGG	2	1	2	2	1	2
CTTGTACGGCTC	1	1	1	0	0	0
CTTGTCCACTCG	4	1	4	5	1	5
CTTGTCGATTGA	5	1	5	5	1	5
CTTGTCTATCTG	3	1	3	6	1	6
CTTGTCTCTCTC	1	1	1	0	0	0
CTTGTCTCTCTG	2	1	2	0	0	0
CTTGTCTTTCCT	1	1	1	1	1	1
CTTTAACCCACC	4	1	4	4	1	4
CTTTAAGCTAGG	4	1	4	4	1	4
CTTTAATCGGAA	3	1	3	3	1	3
CTTTAGGTAACC	5	1	5	5	1	5
CTTTAGTCGTGG	1	1	1	1	1	1
CTTTATAAAAGC	1	1	1	1	1	1
CTTTATATCGGT	2	1	2	2	1	2
CTTTATCAACGA	2	1	2	2	1	2
CTTTATGAGCAT	2	1	2	2	1	2
CTTTCAGGGTAC	1	1	1	1	1	1
CTTTCGTGGCGG	3	1	3	4	1	4
CTTTCGTGGTGG	1	1	1	0	0	0
CTTTCTAATCGG	1	1	1	1	1	1
CTTTCTATCAAG	1	1	1	1	1	1
CTTTGCGCGTGG	1	1	1	2	1	2
CTTTGCGCNTGG	1	1	1	0	0	0
CTTTGCGCTGTC	2	1	2	2	1	2
CTTTGCTTTAGA	1	1	1	1	1	1
CTTTGTGGGTTC	4	1	4	5	1	5
CTTTGTGGGTTT	1	1	1	0	0	0
CTTTTAATAGGA	2	1	2	2	1	2
CTTTTACGTCAG	3	1	3	4	1	4
CTTTTACGTTAG	1	1	1	0	0	0
CTTTTGTTCGTC	2	1	2	2	1	2
CTTTTTTAGATT	4	1	4	4	1	4
GAAAACCATGCC	3	1	3	3	1	3
GAAAACCTGTAA	1	1	1	1	1	1
GAAAAGATTTCA	2	1	2	2	1	2
GAAAAGGGGATC	1	1	1	1	1	1
GAAACATCAGGA	1	1	1	0	0	0
GAAACATCTGGA	2	1	2	3	1	3
GAAACCACATCG	1	1	1	1	1	1
GAAACCGCCGTG	2	1	2	3	1	3
GAAACCGTGCCC	1	1	1	1	1	1
GAAACTCGCAAC	1	1	1	0	0	0
GAAACTGGCAAC	3	1	3	3	1	3
GAAAGAAACATA	3	1	3	3	1	3
GAAAGAACCCGT	3	1	3	3	1	3
GAAAGCGGGTCG	2	1	2	2	1	2
GAAAGCTGTGTT	1	1	1	1	1	1
GAAAGCTTGTTA	2	1	2	2	1	2
GAAAGGACCGGT	1	1	1	1	1	1
GAAAGGGGCAAG	3	1	3	3	1	3
GAAATCAAATTC	4	1	4	4	1	4
GAAATCATCCCT	1	1	1	1	1	1
GAAATCGGGACA	4	1	4	5	1	5
GAAATCTACGAC	1	1	1	2	1	2
GAAATCTAGGAC	1	1	1	0	0	0
GAAATCTCTAAA	8	1	8	8	1	8
GAAATGAACATA	1	1	1	1	1	1
GAAATTTTCTAA	1	1	1	0	0	0
GAAATTTTGTAA	2	1	2	3	1	3
GAACAACGGTCC	3	1	3	3	1	3
GAACAATCACCC	2	1	2	2	1	2
GAACACCCCTAA	2	1	2	2	1	2
GAACACTGATAC	1	1	1	0	0	0
GAACAGAGATTT	2	1	2	2	1	2
GAACATAGCCGC	3	1	3	3	1	3
GAACATGCGCGA	1	1	1	1	1	1
GAACATTGGTCC	1	1	1	1	1	1
GAACCACGATAC	1	1	1	0	0	0
GAACCACGATAT	4	1	4	5	1	5
GAACCCCCAGAT	6	1	6	6	1	6
GAACCCCCGTTG	4	1	4	4	1	4
GAACCTGCGACG	3	1	3	3	1	3
GAACCTTGCCGT	2	1	2	2	1	2
GAACGACTGTTT	1	1	1	1	1	1
GAACGGCTCTAT	3	1	3	3	1	3
GAACGTCTGCGA	1	1	1	1	1	1
GAACGTTTATAC	3	1	3	3	1	3
GAACTTTACATG	5	1	5	5	1	5
GAAGAACGCCGC	1	1	1	1	1	1
GAAGAAGATTAC	1	1	1	1	1	1
GAAGATCCTCCG	4	1	4	4	1	4
GAAGATTCCAAA	5	1	5	5	1	5
GAAGCAAAGTGA	2	1	2	2	1	2
GAAGCAAGGGCA	1	1	1	3	1	3
GAAGCACAAAGG	1	1	1	1	1	1
GAAGCACCACGG	3	1	3	3	1	3
GAAGCCCCACGT	4	1	4	5	1	5
GAAGCGAACCCA	1	1	1	1	1	1
GAAGCGTCTCTG	1	1	1	1	1	1
GAAGCGTTCCGA	1	1	1	1	1	1
GAAGCTCCGGCC	1	1	1	1	1	1
GAAGGCCTAAAG	1	1	1	2	1	2
GAAGGCCTAACG	1	1	1	0	0	0
GAAGGTACCTGA	2	1	2	2	1	2
GAAGGTGTGGAA	3	1	3	3	1	3
GAAGGTTAAGTG	2	1	2	2	1	2
GAAGTACCGTAG	1	1	1	1	1	1
GAAGTGCAAGGC	4	1	4	4	1	4
GAAGTTAAACCC	3	1	3	3	1	3
GAAGTTGAGTTG	1	1	1	1	1	1
GAAGTTGGGCCA	1	1	1	1	1	1
GAATAACCGGTT	4	1	4	4	1	4
GAATAAGTAGTG	1	1	1	0	0	0
GAATAATATATA	2	1	2	2	1	2
GAATACATTAGT	4	1	4	4	1	4
GAATACGATAGA	3	1	3	3	1	3
GAATACGTAGAC	2	1	2	2	1	2
GAATACTGGCAA	7	1	7	8	1	8
GAATACTGGCAG	1	1	1	0	0	0
GAATAGATGAGA	2	1	2	2	1	2
GAATAGGATCAT	2	1	2	2	1	2
GAATAGTCCCAC	1	1	1	1	1	1
GAATATACTAAG	3	1	3	3	1	3
GAATATGCTCGC	3	1	3	3	1	3
GAATCATTTGCC	2	1	2	2	1	2
GAATCCTTGATC	2	1	2	2	1	2
GAATCTCCAGCC	1	1	1	1	1	1
GAATGAGATCCA	1	1	1	1	1	1
GAATGGACAGCG	3	1	3	3	1	3
GAATGGCCGCGC	6	1	6	6	1	6
GAATGGCTACTT	1	1	1	1	1	1
GAATTCTCTGCA	4	1	4	4	1	4
GAATTGACCCTA	1	1	1	0	0	0
GAATTGGTTTTA	1	1	1	1	1	1
GAATTTACTCCA	2	1	2	2	1	2
GACAAAATAGGT	1	1	1	0	0	0
GACAAAGCTGGT	1	1	1	1	1	1
GACAAATTCCTG	4	1	4	4	1	4
GACAACCAAATT	2	1	2	2	1	2
GACAAGAACCTC	5	1	5	5	1	5
GACAATGCGGGT	3	1	3	3	1	3
GACAATTCAGGC	2	1	2	2	1	2
GACAATTGGCCT	1	1	1	0	0	0
GACACAGGGTCG	1	1	1	1	1	1
GACACCAAGTCG	4	1	4	4	1	4
GACACCGGCGCA	4	1	4	4	1	4
GACACCGGTGCA	3	1	3	4	1	4
GACACGCNTAAA	1	1	1	2	1	2
GACACGCTTAAA	1	1	1	0	0	0
GACACTGCAATA	1	1	1	1	1	1
GACAGAGGATAA	3	1	3	3	1	3
GACAGAGGTCGT	3	1	3	3	1	3
GACAGCGGACAA	1	1	1	2	1	2
GACAGCGGACAG	1	1	1	0	0	0
GACAGCTTAGAC	3	1	3	3	1	3
GACAGGAAGCAC	1	1	1	1	1	1
GACAGGAAGCCA	3	1	3	3	1	3
GACAGGATTCTG	5	1	5	5	1	5
GACAGTCGCATA	1	1	1	1	1	1
GACAGTGGTTTT	2	1	2	2	1	2
GACAGTTGGTGC	3	1	3	3	1	3
GACATAAGCTTC	2	1	2	2	1	2
GACATTGAACCT	1	1	1	2	1	2
GACATTTTATCA	4	1	4	4	1	4
GACCACACAACG	2	1	2	2	1	2
GACCACTCTACG	1	1	1	1	1	1
GACCACTGATGC	3	1	3	3	1	3
GACCACTGCGAA	1	1	1	1	1	1
GACCACTTGTCA	4	1	4	4	1	4
GACCAGCATCCC	3	1	3	3	1	3
GACCAGGTGCCC	1	1	1	1	1	1
GACCAGTACCCA	2	1	2	2	1	2
GACCATCCCTAT	2	1	2	2	1	2
GACCCCGTTATG	2	1	2	2	1	2
GACCCCTGCTGG	1	1	1	1	1	1
GACCCTTATACG	3	1	3	3	1	3
GACCGAGTGTAG	1	1	1	1	1	1
GACCGCACCTTG	3	1	3	3	1	3
GACCGCCATCAA	1	1	1	0	0	0
GACCGGCTTTGA	1	1	1	0	0	0
GACCGGCTTTTA	5	1	5	6	1	6
GACCGGGCTCAG	3	1	3	3	1	3
GACCGTCCCGCG	1	1	1	1	1	1
GACCTAGGACGG	1	1	1	1	1	1
GACCTCCATCAA	3	1	3	4	1	4
GACCTCCCGTGC	1	1	1	1	1	1
GACCTCTGAGAC	3	1	3	3	1	3
GACCTGAAGAAG	8	1	8	8	1	8
GACCTGAGTATT	1	1	1	1	1	1
GACCTGTCGAGC	1	1	1	1	1	1
GACCTGTGGGAA	3	1	3	3	1	3
GACCTTGGACCG	2	1	2	2	1	2
GACGAACAAAAC	2	1	2	2	1	2
GACGAAGCGTAG	6	1	6	6	1	6
GACGAGGCAAGT	4	1	4	5	1	5
GACGAGGCAATT	1	1	1	0	0	0
GACGATTCCTTG	1	1	1	1	1	1
GACGCAGTTGAG	3	1	3	4	1	4
GACGCATGATCG	2	1	2	2	1	2
GACGCCGCCTTC	4	1	4	4	1	4
GACGCCGGTCAG	2	1	2	2	1	2
GACGCCTGAAAT	1	1	1	2	1	2
GACGCCTGGCTT	3	1	3	3	1	3
GACGCGCCTTCC	2	1	2	2	1	2
GACGCGTCTACA	3	1	3	3	1	3
GACGCGTCTAGA	3	1	3	3	1	3
GACGGACTTATC	4	1	4	4	1	4
GACGGACTTATG	4	1	4	4	1	4
GACGGGTTTTAC	4	1	4	4	1	4
GACGGTATAGGT	6	1	6	6	1	6
GACGGTTGGATA	1	1	1	2	1	2
GACGTACCGGTT	4	1	4	5	1	5
GACGTCAGTAGA	1	1	1	1	1	1
GACGTCGAAAGG	1	1	1	1	1	1
GACGTTACTCGG	2	1	2	3	1	3
GACGTTTTATCA	4	1	4	4	1	4
GACNTGTTCGAT	1	1	1	0	0	0
GACTACGCGTAC	3	1	3	3	1	3
GACTAGAGCGGG	1	1	1	1	1	1
GACTAGGAACCA	1	1	1	1	1	1
GACTATGTGCTA	3	1	3	4	1	4
GACTATGTGTTA	1	1	1	0	0	0
GACTCAACCTTA	1	1	1	1	1	1
GACTCAAGTACG	1	1	1	1	1	1
GACTCATTAGAA	1	1	1	1	1	1
GACTCATTTCAG	2	1	2	3	1	3
GACTCATTTCAT	1	1	1	0	0	0
GACTCCTAAAAT	3	1	3	3	1	3
GACTCGTGGGGC	2	1	2	2	1	2
GACTGAAGCCAA	1	1	1	1	1	1
GACTGACGAGAC	4	1	4	4	1	4
GACTGCCGCGGG	4	1	4	4	1	4
GACTGCTTGGAT	1	1	1	1	1	1
GACTGGCGCTAC	3	1	3	3	1	3
GACTGGCGGCAT	2	1	2	2	1	2
GACTGTCGAGAC	4	1	4	4	1	4
GACTTAAGGCGT	3	1	3	3	1	3
GACTTAGTNATA	1	1	1	0	0	0
GACTTAGTTATA	3	1	3	4	1	4
GACTTCAAATGA	2	1	2	2	1	2
GACTTCAGCAAT	2	1	2	2	1	2
GACTTCCACTAT	3	1	3	3	1	3
GACTTGTTCCAT	1	1	1	0	0	0
GACTTGTTCGAT	3	1	3	5	1	5
GACTTGTTGCGA	2	1	2	2	1	2
GACTTTAGCCCT	4	1	4	4	1	4
GAGAAACCTTTA	2	1	2	2	1	2
GAGAACACTAAG	8	1	8	8	1	8
GAGAACATGGAT	1	1	1	1	1	1
GAGAACCCGCAG	4	1	4	4	1	4
GAGAACCGTTGC	3	1	3	3	1	3
GAGAACTCCCGA	2	1	2	2	1	2
GAGAAGGACCTG	3	1	3	3	1	3
GAGAATCTCATA	4	1	4	4	1	4
GAGAATTCGTTC	3	1	3	3	1	3
GAGAATTGGAAG	1	1	1	1	1	1
GAGACCAGGGAC	5	1	5	5	1	5
GAGACCATTATT	4	1	4	4	1	4
GAGACCGGTGCA	1	1	1	0	0	0
GAGACGTCCCGT	1	1	1	1	1	1
GAGACGTTGAAT	3	1	3	3	1	3
GAGACTAATGCA	4	1	4	4	1	4
GAGAGACAACGA	3	1	3	3	1	3
GAGAGCACTCAA	4	1	4	4	1	4
GAGAGCGAGGGG	3	1	3	3	1	3
GAGAGCTTCGGG	4	1	4	4	1	4
GAGAGGAAATTA	2	1	2	2	1	2
GAGAGGCGTCGA	2	1	2	2	1	2
GAGAGGGGCTTC	2	1	2	2	1	2
GAGAGTTATGCT	2	1	2	2	1	2
GAGATAAACCAT	3	1	3	3	1	3
GAGATCACCGAT	1	1	1	1	1	1
GAGATCCNGCCT	1	1	1	1	1	1
GAGATCCTGCCG	7	1	7	7	1	7
GAGATCGTCAGC	1	1	1	1	1	1
GAGATGGCGCCA	3	1	3	3	1	3
GAGATGGCGTCA	3	1	3	3	1	3
GAGATTAATGGG	1	1	1	1	1	1
GAGATTAGCTGT	5	1	5	5	1	5
GAGATTGGAAAT	2	1	2	2	1	2
GAGATTTTGGGA	2	1	2	2	1	2
GAGCAAAATACG	1	1	1	1	1	1
GAGCAAACCCAT	1	1	1	0	0	0
GAGCAAAGGCTC	3	1	3	3	1	3
GAGCAACCTAAC	5	1	5	5	1	5
GAGCAATATCGA	3	1	3	3	1	3
GAGCAATTGATA	1	1	1	0	0	0
GAGCAGAACGAG	4	1	4	4	1	4
GAGCATATACAC	1	1	1	1	1	1
GAGCATCACTCT	3	1	3	3	1	3
GAGCATCTCGAT	2	1	2	2	1	2
GAGCATGTCGAA	1	1	1	0	0	0
GAGCCCGAGGGT	2	1	2	2	1	2
GAGCCCTAGGAA	4	1	4	4	1	4
GAGCCCTATCAT	5	1	5	6	1	6
GAGCCGACGCAT	2	1	2	2	1	2
GAGCGAAGATTA	2	1	2	2	1	2
GAGCGAAGGGTT	2	1	2	2	1	2
GAGCGATAGATA	3	1	3	3	1	3
GAGCGATGACAA	5	1	5	5	1	5
GAGCGATTGATA	3	1	3	4	1	4
GAGCGCGATGGA	4	1	4	4	1	4
GAGCGGATTAGC	2	1	2	2	1	2
GAGCTACCGTCC	3	1	3	3	1	3
GAGCTACTCTTA	4	1	4	4	1	4
GAGCTCAACTCA	4	1	4	5	1	5
GAGCTCAATTCA	1	1	1	0	0	0
GAGCTCACAATG	1	1	1	0	0	0
GAGCTGCTACAC	1	1	1	0	0	0
GAGCTGGCTGAG	2	1	2	2	1	2
GAGCTTACAACG	1	1	1	1	1	1
GAGCTTTTCAAA	1	1	1	1	1	1
GAGGAAAAGGCG	1	1	1	0	0	0
GAGGAAACGGCG	4	1	4	5	1	5
GAGGAAGGGTAC	1	1	1	1	1	1
GAGGACACCCAT	1	1	1	1	1	1
GAGGAGAAGACT	2	1	2	2	1	2
GAGGAGCCGGAA	6	1	6	8	1	8
GAGGAGCGTGAA	2	1	2	3	1	3
GAGGAGGGTGAA	1	1	1	0	0	0
GAGGANCCGGAA	1	1	1	0	0	0
GAGGATATCTTC	3	1	3	3	1	3
GAGGATCCAGCG	3	1	3	3	1	3
GAGGCAACCATA	4	1	4	4	1	4
GAGGCAATGGCA	2	1	2	2	1	2
GAGGCCCCACGT	1	1	1	0	0	0
GAGGCCGTACAT	1	1	1	0	0	0
GAGGCCGTCGGA	3	1	3	4	1	4
GAGGCCGTTGGA	1	1	1	0	0	0
GAGGCCTATCAT	1	1	1	0	0	0
GAGGCGAAAGCA	2	1	2	2	1	2
GAGGCGATATAG	1	1	1	0	0	0
GAGGCGATATCG	4	1	4	5	1	5
GAGGCGTCGAAA	6	1	6	6	1	6
GAGGCTACCGTC	1	1	1	1	1	1
GAGGCTGGGAAC	1	1	1	1	1	1
GAGGGAAAACGC	2	1	2	2	1	2
GAGGGCGTTATT	3	1	3	3	1	3
GAGGGGGGTGTC	4	1	4	4	1	4
GAGGGTAGGAAT	1	1	1	1	1	1
GAGGGTTGGATA	1	1	1	0	0	0
GAGGNGCCGGAA	1	1	1	0	0	0
GAGGTACCGGTT	1	1	1	0	0	0
GAGGTGAATGTA	3	1	3	3	1	3
GAGGTGACCATA	2	1	2	2	1	2
GAGTAAACGGAT	1	1	1	1	1	1
GAGTAATCAGAT	1	1	1	2	1	2
GAGTACACAGGG	4	1	4	4	1	4
GAGTACACTACG	4	1	4	4	1	4
GAGTACATTAGT	3	1	3	4	1	4
GAGTATAGTGTC	2	1	2	2	1	2
GAGTATCGAGAA	4	1	4	4	1	4
GAGTATGACGAA	1	1	1	1	1	1
GAGTCAACTAGC	4	1	4	4	1	4
GAGTCAACTAGG	2	2	4	2	2	4
GAGTCCGTACAT	4	1	4	5	1	5
GAGTCGCCAGAA	4	1	4	4	1	4
GAGTCGCCAGCA	3	1	3	3	1	3
GAGTCGTTGCCG	1	1	1	1	1	1
GAGTCTTCATAA	2	1	2	3	1	3
GAGTCTTTATAA	1	1	1	0	0	0
GAGTGAGCGCCC	1	1	1	1	1	1
GAGTGGCCCTGG	5	1	5	5	1	5
GAGTGTCGCGCC	5	1	5	5	1	5
GAGTGTCTTCAG	3	1	3	3	1	3
GAGTGTTAACAG	6	1	6	6	1	6
GAGTTACCTACG	3	1	3	3	1	3
GAGTTAGGGGGG	5	1	5	5	1	5
GAGTTATGCCTG	3	1	3	3	1	3
GAGTTCGAGTAG	1	1	1	1	1	1
GAGTTGCTATCA	1	1	1	1	1	1
GAGTTGGCAGAC	1	1	1	1	1	1
GAGTTTAACCAC	3	1	3	3	1	3
GAGTTTGTGAAT	2	1	2	2	1	2
GAGTTTTAATAC	1	1	1	2	1	2
GAGTTTTANTAC	1	1	1	0	0	0
GANGCAGTTGAG	1	1	1	0	0	0
GATAAAAAGGAC	2	1	2	2	1	2
GATAAACGTCGC	1	1	1	1	1	1
GATAAAGTAGGA	3	1	3	3	1	3
GATAAATGGAGC	1	1	1	0	0	0
GATAAATGGTGC	2	1	2	3	1	3
GATAACGACCAA	3	1	3	3	1	3
GATAACTGTACC	2	1	2	2	1	2
GATAAGGTCCAA	1	1	1	1	1	1
GATAATACAATT	2	1	2	3	1	3
GATAATAGCGGA	1	1	1	1	1	1
GATAATATAATT	1	1	1	0	0	0
GATAATGAGTAC	3	1	3	3	1	3
GATAATTTGGGG	2	1	2	2	1	2
GATAATTTTCTA	1	1	1	1	1	1
GATACACCGAAC	1	1	1	0	0	0
GATACACCGACC	2	1	2	3	1	3
GATACCACCGGC	1	1	1	1	1	1
GATACGCGACCT	1	1	1	1	1	1
GATACGTTTTGA	2	1	2	2	1	2
GATACTACATTT	2	1	2	2	1	2
GATACTCACGTG	2	1	2	2	1	2
GATACTTTTATG	2	1	2	2	1	2
GATAGACAGGGG	2	1	2	2	1	2
GATAGACTCCTC	2	1	2	2	1	2
GATAGAGACCGG	5	1	5	5	1	5
GATAGATAAACC	2	1	2	2	1	2
GATAGCTTAGAC	1	1	1	1	1	1
GATAGTCCGAGC	4	1	4	4	1	4
GATATATCAATC	5	1	5	6	1	6
GATATATCACTC	1	1	1	0	0	0
GATATCAATGGT	3	1	3	3	1	3
GATATCGCGACG	3	1	3	3	1	3
GATATTCGTTAT	1	1	1	1	1	1
GATCACAGTTTA	5	1	5	5	1	5
GATCAGATTCCG	3	1	3	3	1	3
GATCAGCAACCG	4	1	4	4	1	4
GATCAGGTGTCA	8	1	8	8	1	8
GATCATATTGGC	2	1	2	2	1	2
GATCATCTCGCT	1	1	1	1	1	1
GATCATGTCCCT	1	1	1	1	1	1
GATCCACGATTG	1	1	1	1	1	1
GATCCATGCCAG	1	1	1	1	1	1
GATCCCACAAGG	3	1	3	3	1	3
GATCCGACTCGC	1	1	1	0	0	0
GATCCGGACTAC	1	1	1	1	1	1
GATCCGTCAAGC	2	1	2	2	1	2
GATCCGTTGCAC	1	1	1	1	1	1
GATCCTGTTCAC	2	1	2	2	1	2
GATCGAGTAGAC	1	1	1	0	0	0
GATCGAGTTGGC	1	1	1	1	1	1
GATCGCCCAAAT	3	1	3	3	1	3
GATCGCCCCCGG	1	1	1	1	1	1
GATCGTACCTGA	2	1	2	2	1	2
GATCGTGGAAGG	2	1	2	2	1	2
GATCTCCCTCAC	5	1	5	5	1	5
GATCTCGTNATT	1	1	1	0	0	0
GATCTCGTTATT	2	1	2	3	1	3
GATCTGCAGCGA	3	1	3	3	1	3
GATCTGGCGTCC	8	1	8	8	1	8
GATCTTCGATTA	1	1	1	1	1	1
GATCTTTCATGC	2	1	2	2	1	2
GATGAAATACCC	3	1	3	3	1	3
GATGAGATACGA	1	1	1	0	0	0
GATGAGATACTA	6	1	6	8	1	8
GATGAGCGAAAG	1	1	1	1	1	1
GATGCACACCGA	1	1	1	0	0	0
GATGCACACCGC	3	1	3	4	1	4
GATGCAGGCAGA	3	1	3	3	1	3
GATGCCAGTACT	2	1	2	2	1	2
GATGCCATCAAG	1	1	1	0	0	0
GATGCCATCACG	2	1	2	0	0	0
GATGCCCTCACG	3	1	3	6	1	6
GATGCCTGAAAT	1	1	1	0	0	0
GATGCCTGATGC	3	1	3	3	1	3
GATGCGACCCAT	1	1	1	1	1	1
GATGCNTCCCCG	1	1	1	1	1	1
GATGCTCCAAGC	3	1	3	3	1	3
GATGCTGAGATT	2	1	2	2	1	2
GATGGAAATATG	2	1	2	2	1	2
GATGGACGGACT	5	1	5	5	1	5
GATGGAGACCGA	3	1	3	3	1	3
GATGGAGCCCCC	1	1	1	2	1	2
GATGGAGCNCCC	1	1	1	0	0	0
GATGGAGTAGAC	2	1	2	3	1	3
GATGGATCGTTC	1	1	1	1	1	1
GATGGCGCCGCT	3	1	3	3	1	3
GATGGGAGCCGG	1	1	1	1	1	1
GATGGTCGGGGG	1	1	1	1	1	1
GATGTACTGACG	1	1	1	1	1	1
GATGTATGGCAC	1	1	1	1	1	1
GATGTCAAGGCG	2	1	2	2	1	2
GATGTGCTTACT	1	1	1	0	0	0
GATGTGGAGCAC	1	1	1	1	1	1
GATGTGGCCTAT	3	1	3	3	1	3
GATGTGTCGTTA	3	1	3	3	1	3
GATGTTAAACTC	1	1	1	1	1	1
GATGTTTAGCGA	3	1	3	3	1	3
GATNATCGACGA	1	1	1	0	0	0
GATTACGATAGG	3	1	3	3	1	3
GATTACGCTTAC	3	1	3	4	1	4
GATTACGGTCCA	1	1	1	1	1	1
GATTACTATCCC	3	1	3	3	1	3
GATTAGAGGACT	1	1	1	1	1	1
GATTAGATACTA	1	1	1	0	0	0
GATTAGCAAGAA	4	1	4	4	1	4
GATTATCCGAAT	1	1	1	0	0	0
GATTATCGACGA	2	1	2	3	1	3
GATTATGGGTTT	1	1	1	1	1	1
GATTCACCCGTC	1	1	1	1	1	1
GATTCACTTCCT	1	1	1	1	1	1
GATTCCTCTAAG	2	1	2	2	1	2
GATTGACACCTT	3	1	3	3	1	3
GATTGCCCTACA	4	1	4	5	1	5
GATTGCGCTTAC	1	1	1	0	0	0
GATTGCGTTGAA	3	1	3	3	1	3
GATTGGAAAGCG	1	1	1	0	0	0
GATTGGACAGCG	4	2	8	4	2	9
GATTGTAAATCG	3	1	3	4	1	4
GATTGTATATCG	1	1	1	0	0	0
GATTGTGATAAC	2	1	2	2	1	2
GATTGTTTCGAA	2	1	2	2	1	2
GATTNCCCTACA	1	1	1	0	0	0
GATTTAAGAGCA	2	1	2	2	1	2
GATTTAGATAAG	2	1	2	2	1	2
GATTTATGGCCG	1	1	1	1	1	1
GATTTATTTACA	1	1	1	1	1	1
GATTTGCACTGA	1	1	1	1	1	1
GATTTGGGGCAC	1	1	1	1	1	1
GCAAAAAGGTGA	1	1	1	1	1	1
GCAAAACATCGA	1	1	1	1	1	1
GCAAACGACGCG	1	1	1	1	1	1
GCAAAGATGCTG	3	1	3	3	1	3
GCAAAGTTAGCA	4	1	4	4	1	4
GCAAATACCGCA	1	1	1	1	1	1
GCAAATCAAGTC	2	1	2	2	1	2
GCAAATTGGCCT	3	1	3	3	1	3
GCAACACCTGCC	2	1	2	2	1	2
GCAACAGCACTA	3	1	3	3	1	3
GCAACAGTAATC	2	1	2	2	1	2
GCAACATTGCGA	4	1	4	4	1	4
GCAACCCTGTAT	1	1	1	1	1	1
GCAACCGTGTTC	2	1	2	3	1	3
GCAACCTCGTCC	4	1	4	4	1	4
GCAACTGAGCTA	2	1	2	2	1	2
GCAACTGAGTCT	3	1	3	3	1	3
GCAACTTCGTTC	1	1	1	1	1	1
GCAACTTGTCCC	3	1	3	3	1	3
GCAAGAACCTGG	2	1	2	0	0	0
GCAAGATTCTGG	1	1	1	1	1	1
GCAAGCGACCAT	2	1	2	3	1	3
GCAAGCTACCAT	1	1	1	0	0	0
GCAAGGCTAGGG	3	1	3	3	1	3
GCAAGGGAGACG	2	1	2	2	1	2
GCAAGTAGAATA	1	1	1	1	1	1
GCAATACCGAGT	3	1	3	3	1	3
GCAATCGTGTAG	4	1	4	4	1	4
GCAATGGCTTCT	1	1	1	1	1	1
GCAATTCACCAT	2	1	2	2	1	2
GCAATTCTAAGG	1	1	1	2	1	2
GCACACAAGAGC	2	1	2	2	1	2
GCACATATAGGG	4	1	4	4	1	4
GCACATCCCTGT	1	1	1	1	1	1
GCACCGAGCTAT	4	1	4	4	1	4
GCACCGGTATAC	2	1	2	2	1	2
GCACCTATAATA	1	1	1	1	1	1
GCACGAACCTGG	1	1	1	0	0	0
GCACGGACATTC	3	1	3	3	1	3
GCACGGAGCCTC	1	1	1	0	0	0
GCACGGGCATTC	4	1	4	4	1	4
GCACGGGGCCTC	7	1	7	8	1	8
GCACGTAGTCGC	4	1	4	4	1	4
GCACGTGTAGGC	2	1	2	2	1	2
GCACTCATAACG	1	1	1	1	1	1
GCACTCATCGGA	1	1	1	2	1	2
GCACTCATGGGA	1	1	1	0	0	0
GCACTGACGAAA	1	1	1	1	1	1
GCACTTTCACTG	3	1	3	3	1	3
GCAGCAAGGGCA	1	1	1	0	0	0
GCAGCATTGGCT	1	1	1	1	1	1
GCAGCCATAACA	2	1	2	2	1	2
GCAGCCGGGCGT	6	1	6	6	1	6
GCAGCGAAGGTC	4	1	4	4	1	4
GCAGCGCGCGAC	2	1	2	3	1	3
GCAGCGGATTGG	3	1	3	3	1	3
GCAGGACCTTTT	4	1	4	4	1	4
GCAGGGAGACAC	2	1	2	2	1	2
GCAGGTAGCTGG	1	1	1	1	1	1
GCAGGTTCACTA	1	1	1	1	1	1
GCAGTAAATACC	1	1	1	1	1	1
GCAGTACCAGGG	5	1	5	5	1	5
GCAGTAGCGTCA	1	1	1	1	1	1
GCAGTCAACTAT	1	1	1	2	1	2
GCAGTCCCCTGA	6	1	6	6	1	6
GCAGTCCCGTTC	4	1	4	4	1	4
GCAGTCGACTAT	1	1	1	0	0	0
GCAGTGACAATG	1	1	1	1	1	1
GCAGTGGGTGAA	2	1	2	0	0	0
GCAGTGGGTGCA	4	1	4	7	1	7
GCAGTGTAATGG	4	1	4	4	1	4
GCAGTTACCATA	1	1	1	1	1	1
GCATAAACTCAA	2	1	2	2	1	2
GCATACGGCCCT	5	1	5	6	1	6
GCATACGGTTAA	2	1	2	2	1	2
GCATACGTTCGC	1	1	1	1	1	1
GCATACTCCTAT	1	1	1	1	1	1
GCATACTGCCCT	1	1	1	0	0	0
GCATAGGGGAGA	2	1	2	2	1	2
GCATAGTGCGAG	1	1	1	1	1	1
GCATAGTGTCCG	1	1	1	1	1	1
GCATATAAACCT	2	1	2	2	1	2
GCATATCTCTGA	6	1	6	6	1	6
GCATCCAGTAAC	4	1	4	4	1	4
GCATCGGAGAGC	1	1	1	2	1	2
GCATCGGCTCGG	3	1	3	3	1	3
GCATCGTGTCGC	4	1	4	4	1	4
GCATCTAACAAA	1	1	1	1	1	1
GCATCTCCGCCT	4	1	4	4	1	4
GCATCTGCGCCA	2	1	2	2	1	2
GCATCTGGGTGG	1	1	1	1	1	1
GCATGATCGATG	2	1	2	2	1	2
GCATGCCGACTC	1	1	1	1	1	1
GCATGCCGAGGG	4	1	4	4	1	4
GCATGGAGTTCC	5	1	5	5	1	5
GCATGGTCGGTC	2	1	2	2	1	2
GCATGGTTTGAT	3	2	7	4	2	8
GCATGGTTTGNT	1	1	1	0	0	0
GCATTCACCCAC	3	1	3	3	1	3
GCATTCGGGATC	5	1	5	5	1	5
GCATTCTAACGA	3	1	3	3	1	3
GCATTGTTTAGG	4	1	4	4	1	4
GCATTTAGGTCT	2	1	2	3	1	3
GCATTTCCAATG	2	1	2	2	1	2
GCATTTCGGTCT	1	1	1	0	0	0
GCCAAAAAATTT	2	1	2	2	1	2
GCCAACATGCCG	1	1	1	1	1	1
GCCAACCAGCTG	3	1	3	3	1	3
GCCAACCGTGAG	1	1	1	1	1	1
GCCAACGCGTCT	3	1	3	4	1	4
GCCAACGTGTCT	1	1	1	0	0	0
GCCAAGCACTTA	1	1	1	1	1	1
GCCAAGCTTATG	1	1	1	1	1	1
GCCAAGTCGCGA	2	1	2	2	1	2
GCCAAGTGGTGG	4	1	4	4	1	4
GCCAANTCCCAT	1	1	1	1	1	1
GCCAATATCTGT	5	1	5	5	1	5
GCCAATGTTTCG	1	1	1	1	1	1
GCCAATTGGCCT	3	1	3	4	1	4
GCCACAGGCGCC	1	1	1	1	1	1
GCCACCACACTC	1	1	1	1	1	1
GCCACCTCACTT	4	1	4	4	1	4
GCCACGTAGCCA	1	1	1	1	1	1
GCCAGCACAATC	1	1	1	1	1	1
GCCAGGTGCGCA	3	1	3	3	1	3
GCCAGGTGCTCA	3	1	3	3	1	3
GCCATCAGCAGG	2	1	2	2	1	2
GCCATCCCCTTT	5	1	5	5	1	5
GCCATCTAGCAA	5	1	5	5	1	5
GCCATGATGTTG	1	1	1	2	1	2
GCCATGTGTGCT	1	1	1	1	1	1
GCCCAACTGCAT	3	1	3	4	1	4
GCCCATCATTTC	3	1	3	3	1	3
GCCCCAACAGCT	1	1	1	1	1	1
GCCCCAGAAAAT	3	1	3	3	1	3
GCCCCATCTCCG	3	1	3	3	1	3
GCCCCCAGCTTA	2	1	2	2	1	2
GCCCCCGGATGC	3	1	3	3	1	3
GCCCCCTTCTGA	5	1	5	5	1	5
GCCCCGGAAAGT	2	1	2	2	1	2
GCCCCGGATGGT	4	1	4	4	1	4
GCCCCGTGTATT	4	1	4	4	1	4
GCCCCTGAATAC	1	1	1	1	1	1
GCCCGACAGGCC	2	1	2	3	1	3
GCCCGACTACAG	1	1	1	1	1	1
GCCCGATCGCTC	2	1	2	2	1	2
GCCCGCTAGCAG	4	1	4	4	1	4
GCCCGCTGCCTC	2	1	2	2	1	2
GCCCGGCACTGC	3	1	3	3	1	3
GCCCGGTTAAGA	3	1	3	3	1	3
GCCCGTCGACAA	2	1	2	2	1	2
GCCCTAACGTCC	2	1	2	2	1	2
GCCCTATTGCTC	3	1	3	3	1	3
GCCCTGCCGGTC	2	1	2	2	1	2
GCCCTTAGTATG	1	1	1	1	1	1
GCCCTTGGATAA	2	1	2	2	1	2
GCCGACACGGCA	1	1	1	1	1	1
GCCGACAGTCAA	1	1	1	1	1	1
GCCGACCTAGGA	2	1	2	2	1	2
GCCGACGCTCCC	2	1	2	2	1	2
GCCGAGCTGCGT	2	1	2	2	1	2
GCCGAGGGACAT	4	1	4	4	1	4
GCCGAGTACCTG	3	1	3	3	1	3
GCCGCAAGGCTC	2	1	2	2	1	2
GCCGCACGTAGT	3	1	3	3	1	3
GCCGCAGGATTT	1	1	1	1	1	1
GCCGCATTGCTC	3	1	3	3	1	3
GCCGCCATCCCC	1	1	1	1	1	1
GCCGCCGCTAGG	1	1	1	1	1	1
GCCGCCTAGTGT	1	1	1	1	1	1
GCCGCCTCAGAA	3	1	3	3	1	3
GCCGCGGATCGA	1	1	1	1	1	1
GCCGGAGACTCC	3	1	3	3	1	3
GCCGGAGCTGCC	2	1	2	3	1	3
GCCGGCAATCCA	1	1	1	0	0	0
GCCGGCACGTAA	4	1	4	4	1	4
GCCGGCATTCCA	1	1	1	0	0	0
GCCGGCCAGGGG	1	1	1	1	1	1
GCCGGCGATGGA	3	1	3	3	1	3
GCCGGGAATAGT	3	1	3	3	1	3
GCCGGGGGATGC	1	1	1	0	0	0
GCCGGTATTCCA	2	1	2	3	1	3
GCCGGTCGACTC	1	1	1	1	1	1
GCCGNAGCTGCC	1	1	1	0	0	0
GCCGTAACAGAT	4	1	4	4	1	4
GCCGTATGACTC	5	1	5	5	1	5
GCCGTCACCTGG	8	1	8	8	1	8
GCCGTCGCGGTC	2	1	2	3	1	3
GCCGTCGCGNTC	1	1	1	0	0	0
GCCGTGATGTTG	1	2	2	1	1	1
GCCGTTCCTTAT	4	1	4	4	1	4
GCCGTTCGTGCC	2	1	2	2	1	2
GCCTAAATTTGC	1	1	1	0	0	0
GCCTAACCTACA	4	1	4	4	1	4
GCCTAATTCGAC	1	1	1	1	1	1
GCCTAGCCTACA	3	1	3	4	1	4
GCCTAGCCTACT	1	1	1	1	1	1
GCCTAGGCGTGG	4	1	4	4	1	4
GCCTAGGCGTTG	4	1	4	4	1	4
GCCTATATTTGA	1	1	1	0	0	0
GCCTATATTTGC	3	1	3	5	1	5
GCCTATCCGACT	4	1	4	5	1	5
GCCTATCCGATT	1	1	1	0	0	0
GCCTATGGAAGC	5	1	5	5	1	5
GCCTCAGTTTCT	1	1	1	1	1	1
GCCTCGCATTAA	1	1	1	0	0	0
GCCTCGCCAGGA	2	1	2	2	1	2
GCCTCGCGTTAA	3	1	3	4	1	4
GCCTCGCTAACG	1	1	1	1	1	1
GCCTCTTTTGGC	3	1	3	3	1	3
GCCTGACAGGCC	1	1	1	0	0	0
GCCTGCGGAACT	3	1	3	3	1	3
GCCTGGGGGTTA	3	1	3	3	1	3
GCCTGTTGCTAT	2	1	2	2	1	2
GCCTTAACGTTC	2	1	2	2	1	2
GCCTTAAGATGG	1	1	1	2	1	2
GCCTTAATCACC	2	1	2	2	1	2
GCCTTATCCTTC	8	1	8	8	1	8
GCCTTCCGGCAG	2	1	2	2	1	2
GCCTTCTTGGTC	3	1	3	3	1	3
GCCTTTAACGGG	1	1	1	1	1	1
GCCTTTAGATGG	1	1	1	0	0	0
GCCTTTCGATGC	1	1	1	1	1	1
GCCTTTGCCATC	1	1	1	1	1	1
GCGAAAAAACTA	3	1	3	3	1	3
GCGAAAACGAGC	3	1	3	3	1	3
GCGAAAGCCGCA	3	1	3	3	1	3
GCGAACCCTACC	1	1	1	1	1	1
GCGACAACTGAA	3	1	3	3	1	3
GCGACAATGCCT	2	1	2	2	1	2
GCGACACTGGCA	1	1	1	1	1	1
GCGACAGGATAC	3	1	3	3	1	3
GCGACGCGGGCG	1	1	1	1	1	1
GCGACGTCAGGG	4	1	4	4	1	4
GCGAGAAGAAGG	3	1	3	4	1	4
GCGATCACAACG	1	1	1	1	1	1
GCGATTATTTGC	2	1	2	2	1	2
GCGCAACTAACT	2	1	2	2	1	2
GCGCACAGAAAT	1	1	1	0	0	0
GCGCACAGTCTA	6	1	6	6	1	6
GCGCACCATTGA	1	1	1	1	1	1
GCGCACGAGATA	6	1	6	6	1	6
GCGCACGTTCTC	6	1	6	6	1	6
GCGCACTGAAAT	4	1	4	5	1	5
GCGCACTTAAAC	3	1	3	3	1	3
GCGCAGACCGCA	2	1	2	2	1	2
GCGCAGAGTTAG	3	1	3	3	1	3
GCGCATAGATAC	8	1	8	8	1	8
GCGCATTCACAG	1	1	1	1	1	1
GCGCCATTGTAC	2	1	2	2	1	2
GCGCCCTGGTCG	2	1	2	2	1	2
GCGCCCTTGTTG	2	1	2	2	1	2
GCGCCGGCGGAT	1	1	1	2	1	2
GCGCCGGCGTAT	1	1	1	0	0	0
GCGCGACTCGCT	2	1	2	2	1	2
GCGCGATATCCT	3	1	3	3	1	3
GCGCGATGATCG	1	1	1	0	0	0
GCGCGATGATTG	3	1	3	4	1	4
GCGCGCATCGGG	5	1	5	6	1	6
GCGCGGATCGGG	1	1	1	0	0	0
GCGCGTCGTCCC	2	1	2	2	1	2
GCGCTAGCGACC	1	1	1	1	1	1
GCGCTCCATAAG	1	1	1	1	1	1
GCGCTCGCGCAC	1	1	1	2	1	2
GCGCTCGCGCAG	1	1	1	0	0	0
GCGCTCGCTACG	2	1	2	2	1	2
GCGCTGCCTTAA	1	1	1	1	1	1
GCGCTGGCGCCG	3	1	3	4	1	4
GCGCTGGCGCCN	1	1	1	0	0	0
GCGCTTGATGTG	2	1	2	2	1	2
GCGGAATTGCGT	4	1	4	4	1	4
GCGGACGTTCTC	2	1	2	2	1	2
GCGGACTTAATA	8	1	8	8	1	8
GCGGATCATCTA	5	1	5	5	1	5
GCGGCCCAATTA	1	1	1	1	1	1
GCGGCCGCTACC	1	1	1	1	1	1
GCGGCGCGCGAC	1	1	1	0	0	0
GCGGCGGCCTGC	1	1	1	1	1	1
GCGGCTGCATGT	2	1	2	2	1	2
GCGGGAGCGCCA	2	1	2	2	1	2
GCGGGAGGTTGA	2	1	2	2	1	2
GCGGGGGCCGAT	2	1	2	3	1	3
GCGGGGGCCGCT	1	1	1	0	0	0
GCGGGGGGGTTC	1	1	1	1	1	1
GCGGGGTTAAAC	3	1	3	4	1	4
GCGGGGTTAAAG	1	1	1	0	0	0
GCGGGTCACCAT	5	1	5	6	1	6
GCGGGTCCACTT	2	1	2	2	1	2
GCGGGTGACCAT	1	1	1	0	0	0
GCGGTGAAAGGC	3	1	3	3	1	3
GCGGTGCGGTCG	1	1	1	1	1	1
GCGGTGGGTGAA	1	1	1	0	0	0
GCGTAAAATAAG	3	1	3	4	1	4
GCGTAATATTCG	2	1	2	3	1	3
GCGTAATATTCN	1	1	1	0	0	0
GCGTACGTATCT	2	1	2	2	1	2
GCGTATAACCAC	3	1	3	3	1	3
GCGTATCCCCAC	2	1	2	2	1	2
GCGTATCGATAA	1	1	1	1	1	1
GCGTATCTTGAT	1	1	1	1	1	1
GCGTCATAAAGT	1	1	1	0	0	0
GCGTCGGAGAGC	1	1	1	0	0	0
GCGTCGGATGAA	3	1	3	3	1	3
GCGTCGGCTTGA	2	1	2	2	1	2
GCGTCGTAAAGT	1	1	1	0	0	0
GCGTCTTCCATG	1	1	1	1	1	1
GCGTGAACTATG	2	1	2	2	1	2
GCGTGCTGGAGG	1	1	1	1	1	1
GCGTGGAAACAC	2	1	2	3	1	3
GCGTGGAAACAG	1	1	1	0	0	0
GCGTGGGACCGT	1	1	1	1	1	1
GCGTGGTCGAGA	2	1	2	2	1	2
GCGTGTATAGAG	2	1	2	2	1	2
GCGTGTCAGTAC	4	1	4	4	1	4
GCGTGTTTAGCC	2	1	2	2	1	2
GCGTTAAAACAT	3	1	3	3	1	3
GCGTTATATAGT	1	1	1	1	1	1
GCGTTCATCTAA	1	1	1	1	1	1
GCGTTCCCGAAG	3	1	3	3	1	3
GCGTTGGATGGG	6	1	6	6	1	6
GCGTTGGATTCA	1	1	1	0	0	0
GCGTTGTGGAGG	1	1	1	1	1	1
GCNTAGCCTACA	1	1	1	0	0	0
GCTAAAGGTGAC	3	1	3	5	1	5
GCTAAAGGTNAC	1	1	1	0	0	0
GCTAAAGTTGAT	2	1	2	2	1	2
GCTACGGCTGAG	2	1	2	2	1	2
GCTACTCGAAAT	2	1	2	2	1	2
GCTACTTCTTCA	2	1	2	2	1	2
GCTAGAGGGAAG	3	1	3	3	1	3
GCTAGCACTGCT	1	1	1	1	1	1
GCTAGCGTGTTT	4	1	4	4	1	4
GCTAGTACCTAG	3	1	3	3	1	3
GCTAGTTTCCAT	3	1	3	3	1	3
GCTATGCGAGGT	1	1	1	0	0	0
GCTATTCCATGC	1	1	1	1	1	1
GCTATTGCAAAC	3	1	3	3	1	3
GCTCAAGACGCA	5	1	5	6	1	6
GCTCAAGACGGA	1	1	1	0	0	0
GCTCAATATCAC	3	1	3	3	1	3
GCTCACCATACT	4	1	4	4	1	4
GCTCAGATAGAA	1	1	1	1	1	1
GCTCATTGATGA	3	1	3	3	1	3
GCTCCAGTGAAG	4	1	4	4	1	4
GCTCCGGTCCGA	1	1	1	1	1	1
GCTCCGTACGAT	3	1	3	3	1	3
GCTCCTAGTGGC	1	1	1	1	1	1
GCTCCTCTCCAT	3	1	3	3	1	3
GCTCCTCTCTAG	4	1	4	4	1	4
GCTCGCCATATT	1	1	1	1	1	1
GCTCGGAGGAGC	3	1	3	3	1	3
GCTCGTGATATC	5	1	5	5	1	5
GCTCGTTGAGGT	1	1	1	1	1	1
GCTCTAGTATAG	4	1	4	4	1	4
GCTCTATGCCGT	1	1	1	1	1	1
GCTCTCCAAATA	1	1	1	1	1	1
GCTCTGCGAGGT	5	1	5	6	1	6
GCTCTGTTTTCG	6	1	6	6	1	6
GCTCTTCGAAGT	4	1	4	4	1	4
GCTGAACCTTCG	3	1	3	3	1	3
GCTGAAGACCAG	2	1	2	2	1	2
GCTGAATCGGAG	6	1	6	6	1	6
GCTGAGCCCTCG	3	1	3	3	1	3
GCTGAGTAAACG	3	1	3	3	1	3
GCTGAGTAATAT	1	1	1	0	0	0
GCTGATAGCTGG	2	1	2	2	1	2
GCTGATGATCCG	5	1	5	5	1	5
GCTGCAAGGGAT	4	1	4	4	1	4
GCTGCAGGGCAT	1	1	1	1	1	1
GCTGCCTCGGCC	1	1	1	1	1	1
GCTGCGCCCCTC	4	1	4	4	1	4
GCTGCGCTTCAA	3	1	3	3	1	3
GCTGCGGGTGAA	3	1	3	3	1	3
GCTGCGTGATCG	4	1	4	4	1	4
GCTGCTAAGGTA	1	1	1	1	1	1
GCTGGAGCGGAC	2	1	2	3	1	3
GCTGGATCCCGT	2	1	2	2	1	2
GCTGGATCGGAC	1	1	1	0	0	0
GCTGGCAATCCA	2	1	2	3	1	3
GCTGGCTAGATT	1	1	1	1	1	1
GCTGGGGGTGTT	2	1	2	2	1	2
GCTGGTACAGAT	2	1	2	3	1	3
GCTGGTACATAT	1	1	1	0	0	0
GCTGGTCGTCGA	1	1	1	2	1	2
GCTGGTGGTCGA	1	1	1	0	0	0
GCTGTAGTTAGG	2	1	2	2	1	2
GCTGTCTCACCG	3	1	3	3	1	3
GCTGTGATAAGA	4	1	4	4	1	4
GCTGTTAGCCAG	1	1	1	0	0	0
GCTGTTAGCCCG	3	1	3	4	1	4
GCTTAAAATAAG	1	1	1	0	0	0
GCTTAACAGGTC	2	1	2	2	1	2
GCTTAAGCTTAC	1	1	1	1	1	1
GCTTAATTCAGG	1	1	1	1	1	1
GCTTAGTAATAT	2	1	2	3	1	3
GCTTATACACCT	3	1	3	3	1	3
GCTTATGTCCAT	2	1	2	3	1	3
GCTTCAGTTTTG	4	1	4	4	1	4
GCTTCCATGAGC	6	1	6	6	1	6
GCTTCGAGGCGC	3	1	3	3	1	3
GCTTCGTAGTCC	1	1	1	1	1	1
GCTTCTGTCGCT	1	1	1	0	0	0
GCTTGAACCGTT	2	1	2	2	1	2
GCTTGAGAGACG	1	1	1	1	1	1
GCTTGCATTCTA	1	1	1	0	0	0
GCTTGCCTTCTA	2	1	2	3	1	3
GCTTGGAATACC	2	1	2	2	1	2
GCTTGTGTCCCT	1	1	1	0	0	0
GCTTGTGTCGCT	6	1	6	8	1	8
GCTTGTTTGAAC	1	1	1	1	1	1
GCTTTAACGTGC	6	1	6	6	1	6
GCTTTAGGCCAG	1	1	1	0	0	0
GCTTTAGGCCTG	7	1	7	8	1	8
GCTTTCATTCAC	4	1	4	4	1	4
GCTTTCCGATCT	5	1	5	5	1	5
GCTTTCTAACGA	3	1	3	3	1	3
GCTTTGGAGCCG	3	1	3	4	1	4
GCTTTGGCGCCG	1	1	1	0	0	0
GCTTTGGCGGGT	3	1	3	3	1	3
GGAAAAAACATG	1	1	1	3	1	3
GGAAAAAGCATG	1	1	1	0	0	0
GGAAAACTCTAG	1	1	1	1	1	1
GGAAAATGCATG	1	1	1	0	0	0
GGAAACAACCTA	3	1	3	3	1	3
GGAAACCAGAAA	6	1	6	6	1	6
GGAAACCCTCCC	1	1	1	0	0	0
GGAAAGAGGAGG	8	1	8	8	1	8
GGAAAGGANTGG	1	1	1	2	1	2
GGAAAGGATTGG	1	1	1	0	0	0
GGAAAGGGTCCT	1	1	1	0	0	0
GGAAAGTTACCA	1	1	1	1	1	1
GGAAATCGGGGT	1	1	1	1	1	1
GGAACAACAAGC	1	1	1	1	1	1
GGAACAAGGAGC	1	1	1	2	1	2
GGAACATATGTG	2	1	2	2	1	2
GGAACGGAGTAC	1	1	1	1	1	1
GGAAGAATTCCT	1	1	1	0	0	0
GGAAGAGACCTT	1	1	1	1	1	1
GGAAGAGGATGA	1	1	1	1	1	1
GGAAGTGGTTGA	1	1	1	1	1	1
GGAATCCCCTTA	3	1	3	5	1	5
GGAATCTCCTTA	1	1	1	0	0	0
GGAATTAATCCG	2	1	2	3	1	3
GGAATTTATCCG	1	1	1	0	0	0
GGACACCCTCCC	5	1	5	6	1	6
GGACACTGACGT	2	1	2	2	1	2
GGACAGGGGTCC	3	1	3	3	1	3
GGACAGTTGCCC	4	1	4	4	1	4
GGACATCGACTT	2	1	2	2	1	2
GGACATGGTAAC	1	1	1	1	1	1
GGACCATTCGAG	1	1	1	1	1	1
GGACCCTAATTA	1	1	1	1	1	1
GGACCGCGAAAC	1	1	1	1	1	1
GGACCTAAATGC	1	1	1	1	1	1
GGACGACGCTGA	1	1	1	0	0	0
GGACGACTCTGA	2	1	2	3	1	3
GGACGAGAGGTA	2	1	2	2	1	2
GGACGCAGGCTG	4	1	4	4	1	4
GGACGCCGTACG	1	1	1	1	1	1
GGACGCCTCAAC	5	1	5	5	1	5
GGACGCGAGCTC	1	1	1	1	1	1
GGACGGACCGAC	3	1	3	3	1	3
GGACGGCTCTAG	1	1	1	2	1	2
GGACGTAAGAAA	2	1	2	2	1	2
GGACGTCCAACT	2	1	2	2	1	2
GGACGTCCCCGC	2	1	2	2	1	2
GGACGTTGGCCA	2	1	2	2	1	2
GGACTCATTTCG	3	1	3	3	1	3
GGACTCCCCTTA	1	1	1	0	0	0
GGACTCTAGAGA	1	1	1	1	1	1
GGACTGCTCTAG	1	1	1	0	0	0
GGAGAAAGCTTC	2	1	2	5	1	5
GGAGAAAGGTTC	1	1	1	0	0	0
GGAGAAATCTTC	1	1	1	0	0	0
GGAGAACATTTG	4	1	4	4	1	4
GGAGAACCGTCA	3	1	3	3	1	3
GGAGACACCGGA	1	1	1	1	1	1
GGAGACTTCTTT	3	1	3	3	1	3
GGAGCAATCTGG	2	1	2	2	1	2
GGAGCACGGGAA	1	1	1	1	1	1
GGAGCATACACG	4	1	4	4	1	4
GGAGCATAGCGA	1	1	1	1	1	1
GGAGCCATTGTG	1	1	1	1	1	1
GGAGCCCATAGC	1	1	1	1	1	1
GGAGCTATCCGT	1	1	1	1	1	1
GGAGCTTGACTG	1	1	1	1	1	1
GGAGGAGACTTC	3	1	3	3	1	3
GGAGGAGTATTC	2	1	2	2	1	2
GGAGGATTAACT	2	1	2	2	1	2
GGAGGCCCGACG	1	1	1	2	1	2
GGAGGCCCGTCG	1	1	1	0	0	0
GGAGGGAATGTC	1	1	1	0	0	0
GGAGGGACCCCA	2	1	2	2	1	2
GGAGGGATCACC	1	1	1	0	0	0
GGAGGGTCGGTG	1	1	1	1	1	1
GGAGGTCTGCCG	3	1	3	3	1	3
GGAGGTCTGGGT	4	1	4	4	1	4
GGAGGTGACTTC	3	1	3	3	1	3
GGAGTACGCTGG	3	1	3	3	1	3
GGAGTAGATTGC	4	1	4	4	1	4
GGAGTCAACCCA	2	1	2	2	1	2
GGAGTGCAAAAC	1	1	1	0	0	0
GGAGTGCCAAAT	3	1	3	3	1	3
GGAGTGCCACCA	2	1	2	2	1	2
GGAGTGGGAGGC	1	1	1	1	1	1
GGAGTGGTTAAA	1	1	1	1	1	1
GGATAAAGCTTC	1	1	1	0	0	0
GGATAATAGCCG	2	1	2	2	1	2
GGATACCGGGCT	1	1	1	1	1	1
GGATACGGACAA	3	1	3	3	1	3
GGATACTTACTT	3	1	3	3	1	3
GGATATTAACTT	1	1	1	1	1	1
GGATATTCGCGG	1	1	1	1	1	1
GGATCCAGGTTT	1	1	1	1	1	1
GGATCCTTGCAA	6	1	6	6	1	6
GGATCTCCCCCC	1	1	1	1	1	1
GGATCTGTCCCC	2	1	2	2	1	2
GGATCTTCTGCC	1	1	1	1	1	1
GGATGAATTCCT	4	1	4	5	1	5
GGATGCTCTCTC	3	1	3	3	1	3
GGATGGAAACGT	1	1	1	1	1	1
GGATGGATGGGT	1	1	1	1	1	1
GGATGGTGGCCC	1	1	1	1	1	1
GGATGGTTGGCC	2	1	2	2	1	2
GGATGTATTGTC	2	1	2	2	1	2
GGATGTCAATCC	6	1	6	6	1	6
GGATGTTTGAAT	4	1	4	4	1	4
GGATTATCATGG	1	2	3	1	1	1
GGATTATCCTGG	3	1	3	5	1	5
GGATTATCGAGT	3	1	3	3	1	3
GGATTCTTAGTT	5	1	5	5	1	5
GGATTGTGGGAC	2	1	2	2	1	2
GGATTTATCTGG	1	1	1	1	1	1
GGCAACGAAACA	5	1	5	5	1	5
GGCAAGTACCAC	2	1	2	0	0	0
GGCAAGTAGCAC	3	1	3	7	1	7
GGCAAGTTGCAC	1	1	1	0	0	0
GGCAATACATCA	1	1	1	1	1	1
GGCACAAGGAGC	1	1	1	0	0	0
GGCACAGATCGT	3	1	3	3	1	3
GGCACATAAAGA	2	1	2	2	1	2
GGCACCCGCGCG	4	1	4	4	1	4
GGCACCGTCGAG	2	1	2	3	1	3
GGCACGATTAGT	1	1	1	1	1	1
GGCACGGTCGAG	1	1	1	0	0	0
GGCAGAATTGAA	3	1	3	3	1	3
GGCAGACATGGT	1	1	1	1	1	1
GGCAGAGCGACG	1	1	1	0	0	0
GGCAGCTGTTAG	5	1	5	5	1	5
GGCAGGACTCAG	1	1	1	1	1	1
GGCAGGTTGAGT	3	1	3	3	1	3
GGCAGTTGTCAG	5	1	5	6	1	6
GGCATCCTCTAA	3	1	3	3	1	3
GGCATGCTATTC	2	1	2	2	1	2
GGCATGGAACCC	3	1	3	3	1	3
GGCATTGGAACG	2	1	2	2	1	2
GGCCACTCAAGG	1	1	1	0	0	0
GGCCACTCAGGG	2	1	2	3	1	3
GGCCAGGTCTTT	1	1	1	0	0	0
GGCCAGGTGTTT	2	1	2	3	1	3
GGCCATACTGAA	2	1	2	2	1	2
GGCCCAATTGGA	2	1	2	2	1	2
GGCCCGGAGCAC	2	1	2	2	1	2
GGCCCGTTGAAT	3	1	3	3	1	3
GGCCCTTGACTC	3	1	3	3	1	3
GGCCGGGACAAC	1	1	1	1	1	1
GGCCTACTTGCC	3	1	3	3	1	3
GGCCTCGTATTG	2	1	2	2	1	2
GGCCTGAGATCA	1	1	1	1	1	1
GGCCTTCTTGCC	3	1	3	3	1	3
GGCGAAATCGGA	3	1	3	3	1	3
GGCGAATCGTTA	3	1	3	3	1	3
GGCGACACGGGG	2	1	2	2	1	2
GGCGAGGACTGA	4	1	4	4	1	4
GGCGAGGTCACG	4	1	4	4	1	4
GGCGAGTACGAC	4	1	4	4	1	4
GGCGATCGTAAA	4	1	4	4	1	4
GGCGATTGGAAC	5	1	5	5	1	5
GGCGCAAAATCC	2	1	2	2	1	2
GGCGCCGCAGCG	2	1	2	2	1	2
GGCGCCGGAAAT	2	1	2	2	1	2
GGCGCGATCTGC	1	1	1	1	1	1
GGCGCTAAGTCT	1	1	1	1	1	1
GGCGGATTCATA	7	1	7	7	1	7
GGCGGATTGATA	1	1	1	0	0	0
GGCGGATTGGTA	7	1	7	8	1	8
GGCGGCCGAGGA	2	1	2	2	1	2
GGCGGCCGTGCC	2	1	2	2	1	2
GGCGGGGGGCCT	5	1	5	5	1	5
GGCGGGTCCCGC	5	1	5	5	1	5
GGCGGTATGCGT	2	1	2	3	1	3
GGCGGTGAGGAC	2	1	2	2	1	2
GGCGTAAAAGCA	3	1	3	3	1	3
GGCGTACTAACC	1	1	1	1	1	1
GGCGTCAAGTTG	1	1	1	1	1	1
GGCGTGGTATTT	1	1	1	1	1	1
GGCNGATTCATT	1	1	1	1	1	1
GGCTAAAAACGT	2	1	2	2	1	2
GGCTAAAAGCCT	1	1	1	1	1	1
GGCTAATCTATG	4	1	4	4	1	4
GGCTAATCTCTG	3	1	3	3	1	3
GGCTATGTTCGC	5	1	5	5	1	5
GGCTCAAATATT	4	1	4	5	1	5
GGCTCAAGCCGC	3	1	3	3	1	3
GGCTCAAGCCGG	4	1	4	4	1	4
GGCTCATGCCTA	2	1	2	2	1	2
GGCTCCCGCGAG	4	1	4	4	1	4
GGCTCTCCGGGA	1	1	1	0	0	0
GGCTCTGGTCCG	1	1	1	1	1	1
GGCTCTGTTCAA	2	1	2	3	1	3
GGCTCTGTTCTA	1	1	1	0	0	0
GGCTCTTGTATG	3	1	3	3	1	3
GGCTGCGTTACA	1	1	1	1	1	1
GGCTGGGGGGTA	3	1	3	3	1	3
GGCTGTGTTATC	3	1	3	3	1	3
GGCTTAAATATT	1	1	1	0	0	0
GGCTTAAATGGC	3	1	3	3	1	3
GGCTTACTCGAC	2	1	2	2	1	2
GGCTTATTCGAC	1	1	1	0	0	0
GGCTTCACTAAC	3	1	3	4	1	4
GGCTTGAGGGTA	1	1	1	1	1	1
GGCTTGTTCTTA	1	1	1	1	1	1
GGGAAAGTCGAG	3	1	3	3	1	3
GGGAAATCCGTA	3	1	3	4	1	4
GGGAAATGCGTA	1	1	1	0	0	0
GGGAACCGTAGC	2	1	2	2	1	2
GGGAAGTTTCTA	1	1	1	1	1	1
GGGAATACATGC	1	1	1	1	1	1
GGGAATACTGAG	5	1	5	5	1	5
GGGAATTTGCCC	1	1	1	1	1	1
GGGACAAATCAA	3	1	3	4	1	4
GGGACAGCGAGT	1	1	1	0	0	0
GGGACAGCGATT	2	1	2	3	1	3
GGGACATGAGTA	1	1	1	0	0	0
GGGACCGATTTT	2	1	2	2	1	2
GGGACCGGAGTC	2	1	2	3	1	3
GGGACCGNAGTC	1	1	1	0	0	0
GGGACGACTCAG	3	1	3	3	1	3
GGGACGGTAAAA	1	1	1	1	1	1
GGGACGTTGGCT	2	1	2	2	1	2
GGGAGATTTCCG	2	1	2	2	1	2
GGGAGCACAATT	2	1	2	2	1	2
GGGAGCCAATCG	2	1	2	2	1	2
GGGAGCCCTCAC	1	1	1	0	0	0
GGGAGCCTTCAC	2	1	2	3	1	3
GGGAGGTGCGCG	1	1	1	1	1	1
GGGAGTCGTGTA	3	1	3	3	1	3
GGGATAGCTTTA	1	1	1	1	1	1
GGGATATGAAGG	2	1	2	2	1	2
GGGATATGAGTA	2	1	2	3	1	3
GGGATCACTTGA	1	1	1	1	1	1
GGGATGGAATGA	1	1	1	1	1	1
GGGATGTTAGCT	1	1	1	1	1	1
GGGATTGTGGGA	3	1	3	3	1	3
GGGCAAACCCAT	5	1	5	6	1	6
GGGCAACTGGCA	1	1	1	1	1	1
GGGCACTTGACC	2	1	2	2	1	2
GGGCATGCTAGA	1	1	1	1	1	1
GGGCATTATACG	3	1	3	3	1	3
GGGCATTTAAGC	2	1	2	2	1	2
GGGCATTTCAGC	1	1	1	0	0	0
GGGCCACAGCCG	3	1	3	3	1	3
GGGCCATCGTCA	6	1	6	6	1	6
GGGCCCGGACTT	1	1	1	1	1	1
GGGCCGGATAAT	3	1	3	3	1	3
GGGCCTGATCCT	6	1	6	6	1	6
GGGCGAGTACAC	4	1	4	4	1	4
GGGCGGTAGTCT	5	1	5	5	1	5
GGGCTAAAGTTC	6	1	6	6	1	6
GGGCTACTCTTA	3	1	3	3	1	3
GGGCTAGTTGAG	4	1	4	4	1	4
GGGCTAGTTGGG	1	1	1	1	1	1
GGGCTCAACGTG	8	1	8	8	1	8
GGGCTCCGTGAA	2	1	2	2	1	2
GGGCTGCTATAC	1	1	1	0	0	0
GGGCTGCTATCC	2	1	2	3	1	3
GGGCTGGCACTC	1	1	1	1	1	1
GGGCTTTTCAGC	2	1	2	0	0	0
GGGCTTTTCTGC	3	1	3	6	1	6
GGGGAACCGTCA	2	1	2	3	1	3
GGGGAAGGTGTT	4	1	4	4	1	4
GGGGACAAGCCG	2	1	2	2	1	2
GGGGATGAGACC	4	1	4	4	1	4
GGGGCCACCATG	1	1	1	1	1	1
GGGGCGAAGGTC	1	1	1	1	1	1
GGGGCGCTCGTG	5	1	5	5	1	5
GGGGCTACCGTC	2	1	2	2	1	2
GGGGCTGACATC	2	1	2	2	1	2
GGGGCTTGTAAT	1	1	1	1	1	1
GGGGGCGATGCC	2	1	2	2	1	2
GGGGGCGCCAAA	2	1	2	2	1	2
GGGGGCTGCTCG	1	1	1	1	1	1
GGGGGGCTACGT	4	1	4	4	1	4
GGGGGTGCCCGG	3	1	3	3	1	3
GGGGTAAGAGCG	5	1	5	5	1	5
GGGGTAGCTCGC	1	1	1	1	1	1
GGGGTCATGTTG	1	1	1	1	1	1
GGGGTGCCAATG	1	1	1	1	1	1
GGGGTGTTTTTC	2	1	2	2	1	2
GGGTAACCAGTC	1	1	1	1	1	1
GGGTAAGGATTC	4	1	4	4	1	4
GGGTAATCGCAC	1	1	1	1	1	1
GGGTACTTCCGT	1	1	1	1	1	1
GGGTAGTTCTTG	4	1	4	4	1	4
GGGTATGCGCCA	4	1	4	4	1	4
GGGTATGCGCGA	4	1	4	4	1	4
GGGTCAACGACC	2	1	2	2	1	2
GGGTCATTTGTG	3	1	3	3	1	3
GGGTCCACCGAG	3	1	3	3	1	3
GGGTCTATAGGA	1	1	1	1	1	1
GGGTGCTTTCCA	2	1	2	2	1	2
GGGTGGGTAACA	1	1	1	1	1	1
GGGTGGGTTCGG	2	1	2	2	1	2
GGGTGGTCGGAA	5	1	5	5	1	5
GGGTGTGCAGTT	2	1	2	2	1	2
GGGTTAATCTAG	2	1	2	2	1	2
GGGTTACATTCT	2	1	2	2	1	2
GGGTTAGCTATC	3	1	3	3	1	3
GGGTTCGGATCA	1	1	1	1	1	1
GGGTTGATTGAT	1	1	1	0	0	0
GGGTTGATTTAT	2	1	2	3	1	3
GGGTTGTCCGAC	1	1	1	1	1	1
GGGTTTTAATTA	1	1	1	1	1	1
GGGTTTTTGGTC	5	1	5	5	1	5
GGNGGTTAACCT	1	1	1	1	1	1
GGTAAACTAAGC	1	1	1	0	0	0
GGTAAACTATGG	4	1	4	4	1	4
GGTAAAGGAAGC	1	1	1	0	0	0
GGTAAAGTAAGC	3	1	3	5	1	5
GGTAAATGTGGT	1	1	1	1	1	1
GGTAAGATACGA	1	1	1	1	1	1
GGTAATCCTAGG	2	1	2	2	1	2
GGTAATGTAGGG	3	1	3	3	1	3
GGTACACCCAGT	2	1	2	2	1	2
GGTACAGACCGA	8	1	8	8	1	8
GGTACCAAACGT	5	1	5	5	1	5
GGTACCGGGGGG	2	1	2	2	1	2
GGTACGACTCAG	3	1	3	4	1	4
GGTACGACTCNG	1	1	1	0	0	0
GGTACGGATCTC	3	1	3	3	1	3
GGTACTCCGATT	1	1	1	0	0	0
GGTACTGCGATT	2	1	2	3	1	3
GGTACTTGGCAG	1	1	1	1	1	1
GGTAGAGACCGT	5	1	5	5	1	5
GGTAGATAATCC	6	1	6	6	1	6
GGTAGCATGGGT	1	1	1	0	0	0
GGTAGCCGTGTG	3	1	3	3	1	3
GGTAGGCAGGTA	1	1	1	1	1	1
GGTAGTCTTTAG	3	1	3	3	1	3
GGTATCAGGGGT	3	1	3	3	1	3
GGTATCGCGCTT	1	1	1	1	1	1
GGTATCTGATAA	1	1	1	1	1	1
GGTATGACGCTC	6	1	6	6	1	6
GGTATGTGGTTA	3	1	3	3	1	3
GGTATTACTTTC	2	1	2	2	1	2
GGTATTCAATTT	2	1	2	2	1	2
GGTATTTCCCCC	2	1	2	2	1	2
GGTATTTTGATG	1	1	1	1	1	1
GGTCACAACCGC	1	1	1	0	0	0
GGTCACACCCGC	4	1	4	5	1	5
GGTCACCCAAAC	3	1	3	3	1	3
GGTCAGCGAGGG	3	1	3	3	1	3
GGTCATCCAAAC	4	1	4	4	1	4
GGTCCAGTTGCT	2	1	2	2	1	2
GGTCCCGAGAAG	1	1	1	2	1	2
GGTCCGGCCTCC	1	1	1	1	1	1
GGTCCGGGTTAC	2	1	2	2	1	2
GGTCCTGACGGA	2	1	2	2	1	2
GGTCCTGGAACC	1	1	1	1	1	1
GGTCCTTGGCAG	3	1	3	3	1	3
GGTCGAAAGCTC	4	1	4	4	1	4
GGTCGACCACTC	3	1	3	3	1	3
GGTCGACGACAG	4	1	4	4	1	4
GGTCGCCACACT	7	1	7	8	1	8
GGTCTAAAGACG	5	1	5	5	1	5
GGTCTACCGGCG	1	1	1	1	1	1
GGTCTAGCTACT	2	1	2	2	1	2
GGTCTCTAGCCG	5	1	5	5	1	5
GGTCTGCTGTGA	4	1	4	4	1	4
GGTGAACCGTCA	1	1	1	0	0	0
GGTGAAGTTCGC	1	1	1	1	1	1
GGTGAGACTTCT	1	1	1	2	1	2
GGTGAGCCGCAT	4	1	4	4	1	4
GGTGATGACCGT	5	1	5	5	1	5
GGTGATGAGATT	2	1	2	2	1	2
GGTGCACTAAGG	1	1	1	1	1	1
GGTGCAGCCCGC	1	1	1	1	1	1
GGTGCATCTCCA	2	1	2	5	1	5
GGTGCATCTNCA	1	1	1	0	0	0
GGTGCATCTTCA	1	1	1	0	0	0
GGTGCCGAGAAG	1	1	1	0	0	0
GGTGCTGCTGAC	3	1	3	3	1	3
GGTGCTTCTCCA	1	1	1	0	0	0
GGTGGCATAGCC	5	1	5	6	1	6
GGTGGCATAGCN	1	1	1	0	0	0
GGTGGGAAATCT	1	1	1	1	1	1
GGTGGGAAGGAA	5	1	5	5	1	5
GGTGGTAGCGAC	2	1	2	2	1	2
GGTGGTATTATC	1	1	1	1	1	1
GGTGGTGACTTA	2	1	2	2	1	2
GGTGGTGCTGAC	4	1	4	4	1	4
GGTGGTTCCCGT	4	1	4	4	1	4
GGTGTACGGTTT	1	1	1	1	1	1
GGTGTAGCCGTA	1	1	1	1	1	1
GGTGTATTCTGT	3	1	3	3	1	3
GGTGTCAGGACG	1	1	1	0	0	0
GGTGTGACTTCT	1	1	1	0	0	0
GGTGTGGACTGC	1	1	1	1	1	1
GGTGTTGCGTCA	3	1	3	3	1	3
GGTGTTGTGTAA	1	1	1	1	1	1
GGTTAAGGACAC	3	1	3	3	1	3
GGTTAATCACTA	8	1	8	8	1	8
GGTTACCGAGTA	2	1	2	2	1	2
GGTTACCTAGCC	2	1	2	2	1	2
GGTTATCGGGCG	1	1	1	1	1	1
GGTTATGACACA	1	1	1	1	1	1
GGTTCAACGACA	5	1	5	5	1	5
GGTTCAAGGGGA	3	1	3	3	1	3
GGTTCGAACCAC	3	1	3	3	1	3
GGTTCGGGTTAA	2	1	2	2	1	2
GGTTGAAAGCTC	3	1	3	3	1	3
GGTTGAGCAACT	1	1	1	0	0	0
GGTTGAGCGACT	3	1	3	4	1	4
GGTTGGGTCCCT	4	1	4	4	1	4
GGTTGGGTTCGG	1	1	1	1	1	1
GGTTGGTCCTAA	1	1	1	0	0	0
GGTTGGTCCTAC	2	1	2	3	1	3
GGTTGTAACCCT	4	1	4	4	1	4
GGTTTATTATGC	4	1	4	4	1	4
GGTTTATTCGAC	4	1	4	5	1	5
GGTTTCACTTAC	5	1	5	5	1	5
GGTTTGCAACAA	4	1	4	4	1	4
GGTTTGCACCCC	1	1	1	2	1	2
GGTTTGCACCCT	1	1	1	0	0	0
GNAGGGCGGCCC	1	1	1	1	1	1
GNCCAACTGCAT	1	1	1	0	0	0
GNTCGCCACACT	1	1	1	0	0	0
GTAAAAAAAGTA	1	1	1	1	1	1
GTAAAAAATGGC	5	1	5	8	1	8
GTAAAAAATTGC	1	1	1	0	0	0
GTAAAAACTGGC	1	1	1	0	0	0
GTAAAAGTATAC	1	1	1	1	1	1
GTAAAATGAATT	3	1	3	4	1	4
GTAAAATGAGTT	1	1	1	0	0	0
GTAAAATTAGCT	3	1	3	3	1	3
GTAAAGAGGACA	4	1	4	4	1	4
GTAAATAGAAGG	1	1	1	1	1	1
GTAAATATGTAA	2	1	2	2	1	2
GTAACAATTGTT	4	1	4	4	1	4
GTAACCAGGTCC	1	1	1	1	1	1
GTAACCGTGCGG	3	1	3	3	1	3
GTAACCGTGTTC	1	1	1	0	0	0
GTAACGTAGTGC	1	1	1	1	1	1
GTAACTCGCAAC	2	1	2	4	1	4
GTAAGAACCTGG	3	1	3	6	1	6
GTAAGCAGCTTA	2	1	2	2	1	2
GTAAGTACATAC	4	1	4	5	1	5
GTAAGTACGTAC	1	1	1	0	0	0
GTAATAGCTCGA	1	1	1	1	1	1
GTAATCGACATC	1	1	1	1	1	1
GTAATGGGCCAC	3	1	3	3	1	3
GTACACGATTTC	1	1	1	1	1	1
GTACACGTATTC	1	1	1	0	0	0
GTACAGCAGCCT	6	1	6	6	1	6
GTACATCAATGT	1	1	1	1	1	1
GTACATCGCGGG	2	1	2	2	1	2
GTACCAAGTTCG	1	1	1	1	1	1
GTACCAGACCTG	1	1	1	2	1	2
GTACCAGACTGC	2	1	2	3	1	3
GTACCAGAGGAA	1	1	1	1	1	1
GTACCATGGTAC	3	1	3	3	1	3
GTACCATGGTAT	3	1	3	3	1	3
GTACCCAAAGAG	2	1	2	2	1	2
GTACCCAGGCCT	1	1	1	1	1	1
GTACCCATATCA	3	1	3	3	1	3
GTACCCGACCTG	1	1	1	0	0	0
GTACCCGTATTC	7	1	7	8	1	8
GTACCGAAGGGC	1	1	1	1	1	1
GTACCTAGTAAT	1	1	1	0	0	0
GTACGCCTGTTA	2	1	2	2	1	2
GTACGCTAAATT	1	1	1	1	1	1
GTACGCTGAGTA	8	1	8	8	1	8
GTACGGGACGAG	1	1	1	1	1	1
GTACGGGTTGCG	1	1	1	1	1	1
GTACGTTCACGC	1	1	1	1	1	1
GTACTCAGGTCT	2	1	2	2	1	2
GTACTCTAAAAC	1	1	1	1	1	1
GTACTCTACAAA	3	1	3	3	1	3
GTACTGGGAAGA	2	1	2	2	1	2
GTACTGTCGAAT	1	1	1	1	1	1
GTAGACGACAGA	8	1	8	8	1	8
GTAGAGATCTCC	5	1	5	5	1	5
GTAGAGNTGTCC	1	1	1	1	1	1
GTAGAGTATAAT	4	1	4	5	1	5
GTAGCAGTTTCA	1	1	1	1	1	1
GTAGCCCCTGAC	7	1	7	8	1	8
GTAGCCGTAAAA	4	1	4	5	1	5
GTAGCGGTACAT	3	1	3	3	1	3
GTAGCTACAGTA	1	1	1	0	0	0
GTAGCTACAGTG	4	1	4	5	1	5
GTAGGACGAGGT	2	1	2	2	1	2
GTAGGACGCTCT	3	1	3	3	1	3
GTAGGAGCTCAA	1	1	1	1	1	1
GTAGGCGATTGT	5	1	5	6	1	6
GTAGGCTAGCCA	1	1	1	1	1	1
GTAGGGAATGTC	6	1	6	8	1	8
GTAGGGATCTCT	6	1	6	6	1	6
GTAGGGGATTGT	1	1	1	0	0	0
GTAGTAAAGACA	2	1	2	2	1	2
GTAGTGCAAAAC	2	1	2	3	1	3
GTAGTGGATCGT	1	1	1	1	1	1
GTAGTGTAGCGA	1	1	1	0	0	0
GTAGTGTAGCGG	4	1	4	5	1	5
GTAGTGTCAGCG	4	1	4	4	1	4
GTAGTTCCACCG	3	1	3	4	1	4
GTAGTTCTACCG	1	1	1	0	0	0
GTAGTTGAAGTT	3	1	3	3	1	3
GTAGTTTGCTAC	1	1	1	1	1	1
GTANAGTATAAT	1	1	1	0	0	0
GTATAAAAGTAC	2	1	2	2	1	2
GTATAAAATGGC	1	1	1	0	0	0
GTATACTATCTC	2	1	2	2	1	2
GTATAGATTAGT	1	1	1	0	0	0
GTATAGGAGATC	2	1	2	2	1	2
GTATAGGGGCGA	3	1	3	4	1	4
GTATCAAACAAC	1	1	1	1	1	1
GTATCAAGGAAC	5	1	5	6	1	6
GTATCAAGGTGC	5	1	5	5	1	5
GTATCCGACCAG	3	1	3	3	1	3
GTATCCTTGGGG	2	1	2	2	1	2
GTATCGGACGGT	1	1	1	1	1	1
GTATCGGGGCGA	1	1	1	0	0	0
GTATCTAGTAAT	2	1	2	3	1	3
GTATCTCCGTCG	3	1	3	3	1	3
GTATGATGGTCA	1	1	1	1	1	1
GTATGCACCTTG	3	1	3	3	1	3
GTATGGGGGCGC	2	1	2	2	1	2
GTATGTTAGCGG	1	1	1	2	1	2
GTATGTTCGCGG	1	1	1	0	0	0
GTATNAAGGAAC	1	1	1	0	0	0
GTATTAGGTATT	4	1	4	4	1	4
GTATTCCAAGAC	1	1	1	0	0	0
GTATTCCAGGAC	4	1	4	5	1	5
GTATTCCATGTA	4	1	4	5	1	5
GTATTGACCCTA	5	1	5	6	1	6
GTATTTAATGGG	3	1	3	3	1	3
GTATTTCATGTA	1	1	1	0	0	0
GTATTTCGTTAT	3	1	3	3	1	3
GTATTTGATGAT	1	1	1	0	0	0
GTATTTTTGTCA	4	1	4	5	1	5
GTCAAACTCACG	4	1	4	4	1	4
GTCAACTACAAT	3	1	3	3	1	3
GTCAAGCAGTCT	1	1	1	0	0	0
GTCAAGCTGTCT	3	1	3	4	1	4
GTCAATCGGCGA	2	1	2	2	1	2
GTCAATTGCTCG	1	1	1	1	1	1
GTCACAATCTAC	2	1	2	2	1	2
GTCACAGGCTTT	2	1	2	3	1	3
GTCACAGTCTTT	1	1	1	0	0	0
GTCACCTTCCAG	4	1	4	4	1	4
GTCACGCTGAAG	2	1	2	2	1	2
GTCACGTTTTGT	4	1	4	4	1	4
GTCAGACTGAAC	4	1	4	4	1	4
GTCAGATACTGG	1	1	1	1	1	1
GTCAGCGTCGGC	2	1	2	3	1	3
GTCAGCTTGCAG	2	1	2	2	1	2
GTCAGGAGGATT	4	1	4	4	1	4
GTCAGGGTAGCA	4	1	4	4	1	4
GTCAGTGATCCC	1	1	1	1	1	1
GTCAGTGTACGA	2	1	2	2	1	2
GTCATACGTTAT	2	1	2	2	1	2
GTCATATTTACG	2	1	2	2	1	2
GTCATCTGGCGT	4	1	4	4	1	4
GTCATGACATAG	6	1	6	6	1	6
GTCATTAATATA	4	1	4	4	1	4
GTCCAAGATAGA	2	1	2	2	1	2
GTCCACCGCACG	4	1	4	4	1	4
GTCCAGGGATCA	2	1	2	2	1	2
GTCCCATCTAGG	1	1	1	1	1	1
GTCCCATTGTAA	1	1	1	0	0	0
GTCCCATTGTTA	2	1	2	3	1	3
GTCCCCACTTGC	2	1	2	2	1	2
GTCCCCTAGATA	2	1	2	2	1	2
GTCCCGGACGGT	1	1	1	1	1	1
GTCCCGGCATGT	1	1	1	1	1	1
GTCCGGTTCGTG	1	1	1	1	1	1
GTCCGTAATATT	1	1	1	1	1	1
GTCCGTGCCACC	2	1	2	2	1	2
GTCCTAGCCATC	2	1	2	2	1	2
GTCCTCTTAGAA	1	1	1	0	0	0
GTCCTGATGCTT	4	1	4	4	1	4
GTCCTGCATCCG	3	1	3	3	1	3
GTCCTGTGCGGG	2	1	2	2	1	2
GTCGAAGAGCCT	4	1	4	4	1	4
GTCGAGGGCTCT	3	1	3	3	1	3
GTCGAGGGTACT	1	1	1	1	1	1
GTCGATCATAGT	1	1	1	0	0	0
GTCGATCTCGGC	1	1	1	1	1	1
GTCGCATTTATT	1	1	1	1	1	1
GTCGCCCCTGAC	1	1	1	0	0	0
GTCGCCTAGGGA	2	1	2	2	1	2
GTCGCTTTCAGC	1	1	1	1	1	1
GTCGGAAAGTTG	5	1	5	6	1	6
GTCGGAAGTTAG	3	1	3	3	1	3
GTCGGCCCCGGG	1	1	1	0	0	0
GTCGGCCCGGAA	1	1	1	0	0	0
GTCGGCCCGGGG	2	1	2	3	1	3
GTCGGCGCGGAA	4	1	4	5	1	5
GTCGGCGTCGGC	1	1	1	0	0	0
GTCGGGAATGTC	1	1	1	0	0	0
GTCGGTAAGTTG	1	1	1	0	0	0
GTCGGTCATCCC	1	1	1	2	1	2
GTCGGTCGTCCC	1	1	1	0	0	0
GTCGTACCTGTA	4	1	4	4	1	4
GTCGTATAATAG	2	1	2	2	1	2
GTCGTCCGGTTG	3	1	3	4	1	4
GTCGTCCTATAT	4	1	4	4	1	4
GTCGTCTGGTTG	1	1	1	0	0	0
GTCGTTAGAGGA	3	1	3	3	1	3
GTCGTTGGACCT	4	1	4	4	1	4
GTCTAAGAAACT	4	1	4	4	1	4
GTCTAAGCACCC	1	1	1	1	1	1
GTCTAATGTGGC	2	1	2	2	1	2
GTCTACAGGGGT	3	1	3	3	1	3
GTCTACGTTTAA	2	1	2	2	1	2
GTCTAGCCACAT	2	1	2	2	1	2
GTCTAGTTCTCG	1	1	1	1	1	1
GTCTATTTACCG	5	1	5	5	1	5
GTCTCAAATCGC	2	1	2	2	1	2
GTCTCTATCTAC	1	1	1	0	0	0
GTCTCTCCTTTC	1	1	1	1	1	1
GTCTCTCTCTAC	3	1	3	4	1	4
GTCTCTCTGTAC	4	1	4	4	1	4
GTCTCTTCTCGT	4	1	4	4	1	4
GTCTGAGAGCTT	1	1	1	2	1	2
GTCTGAGGGCTT	1	1	1	0	0	0
GTCTGATGTGCT	1	1	1	1	1	1
GTCTGCCTATTA	1	1	1	0	0	0
GTCTGCCTTTTA	4	1	4	5	1	5
GTCTGCTACATA	1	1	1	1	1	1
GTCTGCTTCAAT	1	1	1	1	1	1
GTCTGGACTGAC	5	1	5	5	1	5
GTCTTAAGCTAA	1	1	1	1	1	1
GTCTTACCTCGG	1	1	1	1	1	1
GTCTTAGACCTC	1	1	1	1	1	1
GTCTTGATATTG	4	1	4	4	1	4
GTCTTTCCTAAG	1	1	1	0	0	0
GTGAAAATGGAT	1	1	1	1	1	1
GTGAAACCGGAT	2	1	2	3	1	3
GTGAAACGGGAT	1	1	1	0	0	0
GTGAAACTAGAT	3	1	3	4	1	4
GTGAAACTAGCT	1	1	1	0	0	0
GTGAAATGCCCT	3	1	3	3	1	3
GTGAACATGTGA	3	1	3	3	1	3
GTGAAGCCCGAG	3	1	3	4	1	4
GTGAAGCCCGTG	1	1	1	0	0	0
GTGAAGGCAGCA	1	1	1	1	1	1
GTGAATACAGTG	1	1	1	0	0	0
GTGAATACAGTT	7	1	7	8	1	8
GTGAATCACAGG	1	1	1	0	0	0
GTGACAGAGTAC	1	1	1	1	1	1
GTGACATATCAC	3	1	3	3	1	3
GTGAGACTATCT	4	1	4	4	1	4
GTGAGATGGGGC	3	1	3	3	1	3
GTGAGCGGCACG	3	1	3	3	1	3
GTGAGTCACGTG	1	1	1	1	1	1
GTGATGAGTAGG	1	1	1	1	1	1
GTGATGTTCTGG	3	1	3	4	1	4
GTGATNTTCTGG	1	1	1	0	0	0
GTGATTAACGCC	4	1	4	4	1	4
GTGATTACCTTA	1	1	1	1	1	1
GTGATTATGCGA	8	1	8	8	1	8
GTGATTCACAGG	2	1	2	3	1	3
GTGATTCTTACG	1	1	1	1	1	1
GTGATTTACCGG	1	1	1	1	1	1
GTGCAACGTTAA	1	1	1	1	1	1
GTGCAAGCACGA	2	1	2	0	0	0
GTGCAAGCATGA	3	1	3	6	1	6
GTGCAATTAATT	3	1	3	3	1	3
GTGCACCAGGAG	2	1	2	2	1	2
GTGCACGACGCA	2	1	2	2	1	2
GTGCAGACCGCT	1	1	1	1	1	1
GTGCAGAGTCTA	1	1	1	1	1	1
GTGCATCCATTT	2	1	2	2	1	2
GTGCATCCCCTT	2	1	2	2	1	2
GTGCATTAAGTA	2	1	2	3	1	3
GTGCCGTAATTA	4	1	4	4	1	4
GTGCCTGTATCT	3	1	3	3	1	3
GTGCGATGGTGT	4	1	4	4	1	4
GTGCGCAAGAGG	2	1	2	2	1	2
GTGCGCGGTCCT	3	1	3	3	1	3
GTGCGCTTGTGA	7	1	7	8	1	8
GTGCGCTTGTNA	1	1	1	0	0	0
GTGCGGAAGTAG	1	1	1	2	1	2
GTGCGGAGGTAG	1	1	1	0	0	0
GTGCGTAGAACA	1	1	1	0	0	0
GTGCGTGGAACA	3	1	3	4	1	4
GTGCTCCAATTC	2	1	2	2	1	2
GTGCTCTTAGAA	3	1	3	4	1	4
GTGCTGCCGCCG	3	1	3	3	1	3
GTGCTGGTACTA	2	1	2	2	1	2
GTGCTTTGGCCC	1	1	1	1	1	1
GTGGAAAACATG	1	1	1	2	1	2
GTGGACCGTGAA	4	1	4	4	1	4
GTGGACCGTGGA	4	1	4	4	1	4
GTGGATAGGTGT	2	1	2	2	1	2
GTGGATGCTGAA	5	1	5	5	1	5
GTGGATTAAGTA	1	1	1	0	0	0
GTGGCCAGGAGT	4	1	4	4	1	4
GTGGCCCAGGGG	1	1	1	1	1	1
GTGGCCCGTACA	5	1	5	6	1	6
GTGGCCCGTACG	1	1	1	0	0	0
GTGGCCGCAAGA	1	1	1	0	0	0
GTGGCCGCAAGT	3	1	3	4	1	4
GTGGCCGTAAAA	1	1	1	0	0	0
GTGGCCTACTAA	1	1	1	0	0	0
GTGGCGCAGTTA	1	1	1	1	1	1
GTGGCGCCTTGC	6	1	6	6	1	6
GTGGCGCTAGTA	3	1	3	4	1	4
GTGGGAATACCC	3	1	3	4	1	4
GTGGGAATGCCA	2	1	2	2	1	2
GTGGGACTGTTA	2	1	2	2	1	2
GTGGGATGCGTC	2	1	2	2	1	2
GTGGGATGGCAG	1	1	1	1	1	1
GTGGGGAATTTC	3	1	3	3	1	3
GTGGGGTGTGAA	1	1	1	1	1	1
GTGGGTAACGGC	3	1	3	4	1	4
GTGGTCCTATTA	1	1	1	1	1	1
GTGGTCGAAGCG	3	1	3	3	1	3
GTGGTCGGTTGT	3	1	3	3	1	3
GTGNAAGCACGA	1	1	1	0	0	0
GTGTAACGCTTG	1	1	1	1	1	1
GTGTACAGTTCT	3	1	3	3	1	3
GTGTACATGGCT	3	1	3	3	1	3
GTGTAGATTAGT	2	1	2	3	1	3
GTGTAGGGGCGA	3	1	3	3	1	3
GTGTAGTACTTG	3	1	3	3	1	3
GTGTATAGACGC	3	1	3	3	1	3
GTGTATCAATGC	3	1	3	3	1	3
GTGTATCACTGC	3	1	3	3	1	3
GTGTATCATTTT	3	1	3	3	1	3
GTGTATCTGAAT	1	1	1	1	1	1
GTGTCAGTTTCT	1	1	1	1	1	1
GTGTCCAACACG	1	1	1	0	0	0
GTGTCCATATCC	1	1	1	1	1	1
GTGTCCCGTACC	1	1	1	1	1	1
GTGTCCGACACG	2	1	2	3	1	3
GTGTCCTGTTGC	2	1	2	2	1	2
GTGTCGCAGTAC	1	1	1	1	1	1
GTGTCGCTGGAA	3	1	3	3	1	3
GTGTCGTCGGTG	1	1	1	1	1	1
GTGTCTATTGAC	2	1	2	2	1	2
GTGTCTCGTCCT	3	1	3	3	1	3
GTGTCTGATGCT	4	1	4	4	1	4
GTGTCTGGGCTC	2	1	2	2	1	2
GTGTCTTGGTAG	1	1	1	1	1	1
GTGTGAGCTTTA	3	1	3	3	1	3
GTGTGCCCTGCT	2	1	2	2	1	2
GTGTGGAATGCT	3	1	3	3	1	3
GTGTGGTATTCC	4	1	4	4	1	4
GTGTGGTTGCAA	4	1	4	4	1	4
GTGTGTAAGTAG	2	1	2	2	1	2
GTGTTAGGACCC	3	1	3	3	1	3
GTGTTATTGAAT	2	1	2	2	1	2
GTGTTCACACTT	2	1	2	2	1	2
GTGTTCGTATTC	5	1	5	5	1	5
GTGTTGTATCTG	6	1	6	6	1	6
GTGTTTAAGTCC	2	1	2	2	1	2
GTGTTTCTACCA	3	1	3	3	1	3
GTGTTTTTGTCA	1	1	1	0	0	0
GTNGGAATACCC	1	1	1	0	0	0
GTTAAAATCCAC	4	1	4	5	1	5
GTTAAAATGCAC	1	1	1	0	0	0
GTTAAAGGTGAC	1	1	1	0	0	0
GTTAACCTGGCG	2	1	2	2	1	2
GTTAACGATAGC	6	1	6	6	1	6
GTTAACGTAGTA	2	1	2	2	1	2
GTTAAGCCCAGT	5	1	5	5	1	5
GTTAAGGCCGGA	6	1	6	6	1	6
GTTAATGCATGT	4	1	4	4	1	4
GTTAATTTGATT	2	1	2	2	1	2
GTTACACAGATC	5	1	5	5	1	5
GTTACACCCTCC	2	1	2	2	1	2
GTTACACGGTAC	5	1	5	5	1	5
GTTACCGTGTGT	5	1	5	5	1	5
GTTACGAGAACA	3	1	3	3	1	3
GTTACGCCTTAC	1	1	1	2	1	2
GTTACTCTTAAT	4	1	4	4	1	4
GTTAGAAGTAGC	2	1	2	2	1	2
GTTAGAGGGAGA	2	1	2	2	1	2
GTTAGCAAAATC	2	1	2	2	1	2
GTTAGCATCCGA	1	1	1	1	1	1
GTTAGGAACTCG	2	1	2	2	1	2
GTTAGGCCTTAC	1	1	1	0	0	0
GTTAGGGATGAC	3	1	3	3	1	3
GTTAGGTCCGCG	3	1	3	3	1	3
GTTATACTTGGG	1	1	1	1	1	1
GTTATAGATACC	1	1	1	1	1	1
GTTATAGGTCAG	3	1	3	3	1	3
GTTATCCTCTTC	1	1	1	1	1	1
GTTATCGAATCC	2	1	2	2	1	2
GTTATGCTAGGT	2	1	2	2	1	2
GTTATTCGGTAG	2	1	2	2	1	2
GTTATTGGAGGG	2	1	2	2	1	2
GTTCACGCTTCC	4	1	4	4	1	4
GTTCACGGACGA	2	1	2	2	1	2
GTTCCAAAGCCG	6	1	6	6	1	6
GTTCCACGTATG	3	1	3	3	1	3
GTTCCCCCGTCG	2	1	2	2	1	2
GTTCCCCTGCCG	1	1	1	1	1	1
GTTCCCCTTAAC	2	1	2	2	1	2
GTTCCGAAAACC	1	1	1	1	1	1
GTTCCGACAGCC	1	1	1	1	1	1
GTTCCGACCGAG	4	1	4	4	1	4
GTTCCGGCTCGG	1	1	1	0	0	0
GTTCCGTACTTT	3	1	3	3	1	3
GTTCCTTCCGGC	2	1	2	2	1	2
GTTCCTTGGTAC	2	1	2	2	1	2
GTTCGATAAGCC	3	1	3	4	1	4
GTTCGATAAGCT	1	1	1	0	0	0
GTTCGATAGCGA	1	1	1	1	1	1
GTTCGATGAGCC	3	1	3	3	1	3
GTTCGCTTGTGG	1	1	1	1	1	1
GTTCGGGTGTTC	2	1	2	2	1	2
GTTCGTATACCA	2	1	2	2	1	2
GTTCTATAGCCG	3	1	3	3	1	3
GTTCTTACTTTT	4	1	4	4	1	4
GTTCTTGATGCA	1	1	1	1	1	1
GTTCTTGCGAGC	3	1	3	3	1	3
GTTGAATCCCCT	1	1	1	1	1	1
GTTGACCAGGGG	5	1	5	5	1	5
GTTGACTAGCGC	1	1	1	1	1	1
GTTGAGAAACGT	2	1	2	2	1	2
GTTGAGGGACCG	4	1	4	4	1	4
GTTGATCATAGT	3	1	3	4	1	4
GTTGCAGGGCTT	1	1	1	1	1	1
GTTGCCTACTAA	2	1	2	3	1	3
GTTGCGAGCGTA	1	1	1	1	1	1
GTTGCTAGATGT	2	1	2	2	1	2
GTTGCTGATACT	2	1	2	2	1	2
GTTGGATATCGT	8	1	8	8	1	8
GTTGGATGTTAG	5	1	5	5	1	5
GTTGGCTACTCT	4	1	4	4	1	4
GTTGGCTATCAT	4	1	4	5	1	5
GTTGGCTATCGT	3	1	3	3	1	3
GTTGGCTATCTT	1	1	1	0	0	0
GTTGGGAAGACC	1	1	1	0	0	0
GTTGGTAACGGC	1	1	1	0	0	0
GTTGGTCGGTAT	3	1	3	3	1	3
GTTGTCGTTCAA	1	1	1	1	1	1
GTTGTGCTGGGT	1	1	1	1	1	1
GTTGTGGTATGT	6	1	6	6	1	6
GTTGTGGTTTGG	4	1	4	4	1	4
GTTGTGTTTCTA	3	1	3	3	1	3
GTTGTTTGCGTC	2	1	2	2	1	2
GTTTATGTCCAT	1	1	1	0	0	0
GTTTCACTAGTG	4	1	4	4	1	4
GTTTCAGGATCT	2	1	2	3	1	3
GTTTCAGTTATG	1	1	1	1	1	1
GTTTCATCCCAG	1	1	1	1	1	1
GTTTCGCCTTTG	1	1	1	1	1	1
GTTTCGGCTCGG	4	1	4	5	1	5
GTTTCTCAGCTG	4	1	4	4	1	4
GTTTCTCAGTAA	2	1	2	2	1	2
GTTTCTCGAATC	4	1	4	4	1	4
GTTTCTCGGGTC	3	1	3	3	1	3
GTTTCTGTGCTT	1	1	1	0	0	0
GTTTCTTTGCTT	2	1	2	3	1	3
GTTTGAAGTAGG	5	1	5	5	1	5
GTTTGAATGCGC	1	1	1	1	1	1
GTTTGCTACTCT	4	1	4	4	1	4
GTTTGGCCCGCA	4	1	4	4	1	4
GTTTGGCGTGCT	2	1	2	2	1	2
GTTTGGGGCGAC	1	1	1	1	1	1
GTTTGGTGGTCT	1	1	1	1	1	1
GTTTGGTTATTC	2	1	2	2	1	2
GTTTGTGTTGCC	2	1	2	2	1	2
GTTTGTTGCCAG	3	1	3	3	1	3
GTTTTCACAGCG	1	1	1	2	1	2
GTTTTCTCAGCG	1	1	1	0	0	0
GTTTTGGAGGCT	2	1	2	2	1	2
GTTTTTATGTGA	1	1	1	1	1	1
GTTTTTCCTAAG	5	1	5	6	1	6
GTTTTTTGCTGG	3	1	3	3	1	3
NAAATCGGGACA	1	1	1	0	0	0
NAAGCAAGGGCA	1	1	1	0	0	0
NAAGCGAGCATA	1	1	1	0	0	0
NACCAGCAATCC	1	1	1	3	1	3
NAGCCGTTTGTT	1	1	1	2	1	2
NAGTGTAGAGTG	1	1	1	1	1	1
NATCACCACCAA	1	1	1	0	0	0
NCATATGGCGCA	1	1	1	0	0	0
NCGTATGTGTTG	1	1	1	2	1	2
NCTGCCCAAAAA	1	1	1	1	1	1
NGATTAACTAGC	1	1	1	0	0	0
NGCCGGTCAGCG	1	1	1	0	0	0
NTAAATTCACTC	1	1	1	0	0	0
NTGATACAAATG	1	1	1	0	0	0
NTGTCCGTTCAC	1	1	1	1	1	1
NTTCGCATGTTG	1	1	1	0	0	0
TAAAAAAGATGA	6	1	6	6	1	6
TAAAAACCTTGG	4	1	4	4	1	4
TAAAAAGGTTGG	1	1	1	1	1	1
TAAAAATCACTC	3	1	3	3	1	3
TAAAAATGGGGG	1	1	1	1	1	1
TAAAAATTGAAC	1	1	1	1	1	1
TAAAACGGACGT	4	1	4	4	1	4
TAAAAGGATATG	4	1	4	4	1	4
TAAAATAATAGC	5	1	5	5	1	5
TAAACATAGCAG	4	1	4	4	1	4
TAAACCACCTAA	3	1	3	3	1	3
TAAACCAGTTGG	2	1	2	2	1	2
TAAACCCGCTAT	2	1	2	2	1	2
TAAACCGAGACG	3	1	3	3	1	3
TAAACCGCCGTG	1	1	1	0	0	0
TAAAGAGGGCAC	2	1	2	2	1	2
TAAAGCAAATCC	5	1	5	5	1	5
TAAAGCACCGAA	3	1	3	3	1	3
TAAAGCCCAGAA	4	1	4	4	1	4
TAAAGCCGCGGT	3	1	3	3	1	3
TAAAGCTCGAAC	3	1	3	3	1	3
TAAAGCTCTAAC	3	1	3	3	1	3
TAAAGGCAAGTA	2	1	2	2	1	2
TAAAGTAAGACA	1	1	1	0	0	0
TAAAGTAATACA	3	1	3	4	1	4
TAAAGTGATGAA	2	1	2	3	1	3
TAAATATCACCG	3	1	3	4	1	4
TAAATCAATAAG	3	1	3	3	1	3
TAAATCATAGTC	3	1	3	3	1	3
TAAATGATAAGC	1	1	1	1	1	1
TAAATGGTATGC	1	1	1	0	0	0
TAAATTCGGGCG	3	1	3	3	1	3
TAACAACTCGTA	3	1	3	3	1	3
TAACAATATCTG	1	1	1	1	1	1
TAACAATTCCCG	2	1	2	2	1	2
TAACACGAGAAG	3	1	3	3	1	3
TAACACGATGTT	1	1	1	0	0	0
TAACACTATGTT	2	1	2	0	0	0
TAACAGATAATT	4	1	4	4	1	4
TAACATAAGCAA	2	1	2	3	1	3
TAACCCCTCTTT	6	1	6	6	1	6
TAACCGATCCTA	1	1	1	1	1	1
TAACCTCAACTT	2	1	2	2	1	2
TAACGAAATGCT	4	1	4	4	1	4
TAACGAGAGCTA	4	1	4	5	1	5
TAACGAGAGCTT	1	1	1	0	0	0
TAACGCGAGAGA	1	1	1	1	1	1
TAACGGAGTGAC	2	1	2	2	1	2
TAACGGCCTATG	4	1	4	4	1	4
TAACGTACTCGG	2	1	2	2	1	2
TAACGTGTGTTT	2	1	2	2	1	2
TAACTAAGTGTT	1	1	1	2	1	2
TAACTACATCAA	2	1	2	2	1	2
TAACTCAGTGTT	1	1	1	0	0	0
TAACTCTCAACC	2	1	2	2	1	2
TAACTCTGGAAC	4	1	4	4	1	4
TAACTTTACTTC	1	1	1	1	1	1
TAACTTTGACCC	3	1	3	3	1	3
TAAGAATCAATT	2	1	2	2	1	2
TAAGACCACAAA	3	1	3	3	1	3
TAAGAGACTTCG	1	1	1	1	1	1
TAAGATACATCA	1	1	1	0	0	0
TAAGCAGGAGAT	4	1	4	4	1	4
TAAGCATCCACT	1	1	1	1	1	1
TAAGCCAGACTA	1	1	1	1	1	1
TAAGCCGTAGTC	3	1	3	3	1	3
TAAGCCTACAAC	2	1	2	2	1	2
TAAGCGGAATGC	2	1	2	2	1	2
TAAGCGGGTTAT	3	1	3	3	1	3
TAAGCTACATCA	2	1	2	3	1	3
TAAGCTGTGCCC	4	1	4	4	1	4
TAAGGAAAGTGT	6	1	6	6	1	6
TAAGGAGAACTA	2	1	2	2	1	2
TAAGGAGACTTG	6	1	6	6	1	6
TAAGGAGCTTAG	2	1	2	2	1	2
TAAGGCAAGCTC	4	1	4	4	1	4
TAAGGCATCGCC	1	1	1	1	1	1
TAAGGCCTCATC	5	1	5	5	1	5
TAAGGGGGTATC	1	1	1	1	1	1
TAAGGTAATGAC	7	1	7	8	1	8
TAAGGTATCCGC	3	1	3	3	1	3
TAAGGTCAAATC	2	1	2	2	1	2
TAAGGTGCCCCA	1	1	1	1	1	1
TAAGTAACAGCT	2	1	2	2	1	2
TAAGTACCGTCT	1	1	1	1	1	1
TAAGTGATATCT	5	1	5	5	1	5
TAAGTGCTCGAT	1	1	1	1	1	1
TAAGTGTACTTG	1	1	1	1	1	1
TAATAATTATCC	8	1	8	8	1	8
TAATAGAGCGAT	5	1	5	5	1	5
TAATATAAGCAA	1	1	1	0	0	0
TAATCATAGGTC	4	1	4	4	1	4
TAATCGGTCATA	2	1	2	2	1	2
TAATCGTATTAT	5	1	5	5	1	5
TAATCTCGCTTT	3	1	3	3	1	3
TAATCTTCAACG	1	1	1	1	1	1
TAATCTTGGAGA	5	1	5	5	1	5
TAATGACCTAGT	1	1	1	0	0	0
TAATGACGGGCC	3	1	3	3	1	3
TAATGATCTAAT	1	1	1	1	1	1
TAATGGGTTTAT	1	1	1	2	1	2
TAATGTATTCCA	3	1	3	3	1	3
TAATTAATGCTT	4	1	4	4	1	4
TAATTACAAGTA	5	1	5	5	1	5
TAATTACCTAGT	5	1	5	6	1	6
TAATTCCAAATG	3	1	3	3	1	3
TAATTGGGGCTT	5	1	5	5	1	5
TAATTTCGTGGT	1	1	1	1	1	1
TACAAAAACAGT	2	1	2	3	1	3
TACAAAACCAGT	1	1	1	0	0	0
TACAACGTTCAA	1	1	1	1	1	1
TACAAGCCTAAG	6	1	6	6	1	6
TACAATGTAACA	6	1	6	6	1	6
TACACAGATCAT	1	1	1	0	0	0
TACACAGGTCCA	2	1	2	2	1	2
TACACCAGTCTT	5	1	5	5	1	5
TACACCGGACTG	1	1	1	1	1	1
TACACCTTTGTG	1	1	1	1	1	1
TACACTAGTCGT	2	1	2	3	1	3
TACACTGATCAT	5	1	5	6	1	6
TACAGACCTCGC	1	1	1	1	1	1
TACAGAGGCCTC	2	1	2	2	1	2
TACAGAGGTAGT	1	1	1	1	1	1
TACAGCCGCTTA	4	1	4	4	1	4
TACAGCCTGTAT	3	1	3	3	1	3
TACAGTAAGCCC	3	1	3	3	1	3
TACANTAGTCGT	1	1	1	0	0	0
TACATAGCAAAA	2	1	2	2	1	2
TACATCACGTGA	4	1	4	4	1	4
TACATCATCACG	1	1	1	0	0	0
TACATCCTTGGC	6	1	6	6	1	6
TACATGGTGAAT	3	1	3	3	1	3
TACATGTCGTGT	6	1	6	6	1	6
TACATTGAACCT	1	1	1	0	0	0
TACCAATTAGTT	2	1	2	2	1	2
TACCACTATGTT	3	1	3	6	1	6
TACCAGAAATCC	1	1	1	0	0	0
TACCAGCAATCC	1	1	1	0	0	0
TACCAGCTACCG	1	1	1	1	1	1
TACCATATGACG	1	1	1	1	1	1
TACCATGTCCCA	7	1	7	8	1	8
TACCATGTTCCA	1	1	1	0	0	0
TACCCCGTGGTG	3	1	3	4	1	4
TACCCGCAAGGA	1	1	1	1	1	1
TACCCGGGATAC	1	1	1	1	1	1
TACCCGTACACT	1	1	1	1	1	1
TACCCTTGCCTG	3	1	3	3	1	3
TACCGAATCGTC	3	1	3	4	1	4
TACCGAATCGTT	1	1	1	0	0	0
TACCGAGGCATT	1	1	1	1	1	1
TACCGATATTAA	3	1	3	3	1	3
TACCGGTCGCGC	1	1	1	1	1	1
TACCTAAATGCA	3	1	3	3	1	3
TACGAACCAACA	5	1	5	5	1	5
TACGAAGTGCGC	1	1	1	1	1	1
TACGACCCAGTG	7	1	7	8	1	8
TACGACCTTCAT	2	1	2	3	1	3
TACGACGCAGTG	1	1	1	0	0	0
TACGACNTTCAT	1	1	1	0	0	0
TACGAGCGATTG	1	1	1	0	0	0
TACGAGCGTTTG	7	1	7	8	1	8
TACGATGATATT	1	1	1	1	1	1
TACGATGGCAGT	2	1	2	2	1	2
TACGCGCTTGTG	3	1	3	3	1	3
TACGCGTGATGC	2	1	2	2	1	2
TACGCTGGTATA	1	1	1	1	1	1
TACGGAAGGCGA	2	1	2	2	1	2
TACGGAGTTAGT	1	1	1	1	1	1
TACGGATACAAG	3	1	3	3	1	3
TACGGATGGATT	1	1	1	1	1	1
TACGGCTTTGTT	3	1	3	3	1	3
TACGGGTTGTTA	3	1	3	3	1	3
TACGGTATTACC	1	1	1	1	1	1
TACGGTCCGACG	1	1	1	1	1	1
TACGTAAGCTAT	1	1	1	0	0	0
TACGTAATGCCC	2	1	2	2	1	2
TACGTATCTGCC	2	1	2	2	1	2
TACGTATGCCCG	3	1	3	3	1	3
TACGTATGCTAT	5	1	5	6	1	6
TACTAAGAGTCG	1	1	1	0	0	0
TACTAAGCGTCG	4	1	4	5	1	5
TACTACGAGCTC	3	1	3	3	1	3
TACTCAACGGTT	2	1	2	2	1	2
TACTCAGTAAAT	2	1	2	2	1	2
TACTCATTAATA	3	1	3	3	1	3
TACTCCATTAGC	3	1	3	3	1	3
TACTCCGAGACG	1	1	1	1	1	1
TACTCGTGCCCG	3	1	3	3	1	3
TACTCGTGTCTC	4	1	4	4	1	4
TACTCGTTTAAG	4	1	4	4	1	4
TACTGCGTAAGT	5	1	5	5	1	5
TACTGCTATAAG	2	1	2	2	1	2
TACTGGACCTTG	3	1	3	3	1	3
TACTGGCCCCAC	2	1	2	2	1	2
TACTGGGTCACA	1	1	1	1	1	1
TACTGGTGACGC	4	1	4	4	1	4
TACTGTCGCTTC	1	1	1	1	1	1
TACTTAGAGCCT	2	1	2	2	1	2
TACTTATTCTCT	1	1	1	0	0	0
TACTTCGTCTAA	1	1	1	1	1	1
TACTTGTGTTAT	1	1	1	1	1	1
TAGAAAATCTGG	1	1	1	1	1	1
TAGAAAATTAGC	8	1	8	8	1	8
TAGAAAGCAGTA	8	1	8	8	1	8
TAGAAATCATCT	2	1	2	2	1	2
TAGAAATCCATT	1	1	1	1	1	1
TAGAACAGGTAA	3	1	3	3	1	3
TAGAATACAACA	2	1	2	2	1	2
TAGAATGACTAC	3	1	3	3	1	3
TAGACCCAGAAC	1	1	1	2	1	2
TAGACCCNGAAC	1	1	1	0	0	0
TAGACGCATGTT	2	1	2	2	1	2
TAGACGGGCCAT	3	1	3	3	1	3
TAGACGTTGATG	1	1	1	1	1	1
TAGACTACAAAA	3	1	3	3	1	3
TAGACTGACGGG	1	1	1	1	1	1
TAGAGAAGAGCG	1	1	1	0	0	0
TAGAGAGGAGCG	3	1	3	5	1	5
TAGAGATGATGA	2	1	2	2	1	2
TAGAGCAAGCCA	1	1	1	1	1	1
TAGAGCCCCACT	1	1	1	1	1	1
TAGAGCGCCGAT	2	1	2	2	1	2
TAGAGCGCTATT	5	1	5	5	1	5
TAGAGGGTCGTC	1	1	1	1	1	1
TAGAGTGGAGCG	1	1	1	0	0	0
TAGATAGGCTCG	3	1	3	3	1	3
TAGATATATCTG	4	1	4	4	1	4
TAGATATCAAAA	1	1	1	1	1	1
TAGATTCGTAGA	2	1	2	2	1	2
TAGATTGAGTAC	2	1	2	2	1	2
TAGATTTGACGA	4	1	4	4	1	4
TAGCACCTATTC	3	1	3	3	1	3
TAGCAGAGCCAG	1	1	1	1	1	1
TAGCATCTTAAT	3	1	3	3	1	3
TAGCCCGTGCAT	1	1	1	0	0	0
TAGCCGTTTGTT	1	1	1	0	0	0
TAGCCTCGTTCC	3	1	3	3	1	3
TAGCGCCCGATG	6	1	6	6	1	6
TAGCGCTACGAA	1	1	1	0	0	0
TAGCGGATGTCA	3	1	3	3	1	3
TAGCGGCTGCGC	1	1	1	1	1	1
TAGCGGGATCAG	1	1	1	1	1	1
TAGCGTGAATGG	6	1	6	6	1	6
TAGCTACGAGTC	2	1	2	2	1	2
TAGCTAGATCAG	1	1	1	1	1	1
TAGCTCCAGATT	1	1	1	1	1	1
TAGCTGAAGCTA	1	1	1	0	0	0
TAGCTGCATTCG	1	1	1	1	1	1
TAGCTGCTACAC	2	1	2	3	1	3
TAGCTGTTCTAC	1	1	1	1	1	1
TAGCTGTTTTGG	3	1	3	3	1	3
TAGCTTCGGATC	4	1	4	4	1	4
TAGCTTCTATGT	4	1	4	4	1	4
TAGGACGTTTTG	1	1	1	1	1	1
TAGGAGCTTAGC	2	1	2	2	1	2
TAGGAGTCGGTC	6	1	6	6	1	6
TAGGAGTTGCCT	3	1	3	3	1	3
TAGGCAATGGAG	2	1	2	2	1	2
TAGGCAGATCGC	1	1	1	1	1	1
TAGGCCAACCGT	1	1	1	1	1	1
TAGGCCGTGCAT	2	1	2	3	1	3
TAGGCCTTAGGT	2	1	2	2	1	2
TAGGCGATTACG	4	1	4	4	1	4
TAGGGAGATAAA	1	1	1	0	0	0
TAGGGAGATAAG	4	1	4	5	1	5
TAGGGATTGAGA	3	1	3	3	1	3
TAGGGCTTGAGA	3	1	3	3	1	3
TAGGGGCACGCT	1	1	1	1	1	1
TAGGGGTCCCAC	7	1	7	8	1	8
TAGGGTATCCGC	3	1	3	3	1	3
TAGGGTCTACCC	3	1	3	3	1	3
TAGGTAATCCGC	2	1	2	2	1	2
TAGGTATGAAAG	2	1	2	2	1	2
TAGGTATGAGCT	1	1	1	1	1	1
TAGGTCCCTCAA	5	1	5	6	1	6
TAGGTCCCTCAC	1	1	1	0	0	0
TAGGTGGTAAGA	1	1	1	1	1	1
TAGGTTACATAT	3	1	3	3	1	3
TAGGTTCAAAAT	1	1	1	1	1	1
TAGGTTGTTCTA	2	1	2	2	1	2
TAGGTTTGTTCA	4	1	4	4	1	4
TAGTAAGCCGAC	4	1	4	4	1	4
TAGTAATCAGAT	1	1	1	0	0	0
TAGTAGGCCCTA	4	1	4	5	1	5
TAGTAGGTAGTT	2	1	2	2	1	2
TAGTAGTCATGT	3	1	3	3	1	3
TAGTAGTGCCTA	3	1	3	3	1	3
TAGTATGGTGAG	4	1	4	4	1	4
TAGTCATCGAGC	1	1	1	0	0	0
TAGTCATCGAGG	3	1	3	4	1	4
TAGTCCCTGCGC	3	1	3	4	1	4
TAGTCCGAAGAC	5	1	5	5	1	5
TAGTCCTTGCGC	1	1	1	0	0	0
TAGTCGCAACTG	2	1	2	2	1	2
TAGTCGGGGCAG	4	1	4	4	1	4
TAGTCTACAGCT	2	1	2	3	1	3
TAGTCTATAGCT	1	1	1	0	0	0
TAGTCTTGAGGC	3	1	3	3	1	3
TAGTCTTTAGGC	1	1	1	1	1	1
TAGTGCAACAAA	1	1	1	2	1	2
TAGTGCACTGTT	5	1	5	6	1	6
TAGTGCCCTGTT	1	1	1	0	0	0
TAGTGCTCGTCG	2	1	2	2	1	2
TAGTGGATGTAG	1	1	1	1	1	1
TAGTGGGGATGT	1	1	1	1	1	1
TAGTGGTCCCAC	1	1	1	1	1	1
TAGTGNAACAAA	1	1	1	0	0	0
TAGTGTCAAAAA	1	1	1	1	1	1
TAGTTAGTCTCT	1	1	1	0	0	0
TAGTTATTCTCT	3	1	3	5	1	5
TAGTTCATCTCG	4	1	4	4	1	4
TAGTTCGACTGG	2	1	2	2	1	2
TAGTTCGGTGAC	1	1	1	1	1	1
TAGTTCTAATTA	4	1	4	4	1	4
TAGTTGGATAAC	1	1	1	1	1	1
TAGTTGGCTGTG	2	1	2	2	1	2
TANAGCGGTGTC	1	1	1	0	0	0
TANTCATGTCTC	1	1	1	1	1	1
TATAAAATAGTT	1	1	1	1	1	1
TATAAACCCTTG	3	1	3	3	1	3
TATAAATGTTAG	2	1	2	2	1	2
TATAAGACTATA	1	1	1	1	1	1
TATAAGGGCGAG	3	1	3	3	1	3
TATAAGGTAAGC	2	1	2	2	1	2
TATAAGTTACGA	4	1	4	4	1	4
TATAATAACAAG	1	2	2	1	2	2
TATAATCGGACA	4	1	4	4	1	4
TATACAGTCTTT	6	1	6	6	1	6
TATACCAAGCAG	1	1	1	1	1	1
TATACCACGTTT	4	1	4	4	1	4
TATACCACTCTA	1	1	1	0	0	0
TATACCATGCCA	2	1	2	2	1	2
TATACCTGAATG	2	1	2	2	1	2
TATACCTGCCAA	3	1	3	3	1	3
TATACCTTAGGG	1	1	1	1	1	1
TATACGACTCTA	3	1	3	4	1	4
TATACGTCGAAC	2	1	2	2	1	2
TATACTCCTCGT	1	1	1	0	0	0
TATACTTCCTTC	2	1	2	2	1	2
TATACTTCGATG	2	1	2	2	1	2
TATAGACGAGCC	2	1	2	2	1	2
TATAGAGACCTC	2	1	2	2	1	2
TATAGCATCAAC	2	1	2	2	1	2
TATAGCGGTGTC	4	1	4	5	1	5
TATAGCTACACC	3	1	3	3	1	3
TATATAGACGTC	3	1	3	3	1	3
TATATATCACCG	1	1	1	0	0	0
TATATCTAATCA	5	1	5	5	1	5
TATATGAGCGGG	4	1	4	4	1	4
TATATGGCTACG	1	1	1	1	1	1
TATATTCATACA	1	1	1	1	1	1
TATATTGACAAG	1	1	1	1	1	1
TATCAAGATTTG	1	1	1	1	1	1
TATCACGCGGGG	5	1	5	5	1	5
TATCAGCCTGCG	1	1	1	1	1	1
TATCAGCGAAAG	2	1	2	2	1	2
TATCAGGAGCCA	1	1	1	1	1	1
TATCATGCACGA	1	1	1	2	1	2
TATCATGCCCGA	1	1	1	0	0	0
TATCCAGGCGTC	1	1	1	2	1	2
TATCCAGGCTTC	1	1	1	0	0	0
TATCCATGGTCN	1	1	1	1	1	1
TATCCATGGTTA	4	1	4	4	1	4
TATCCGGTGTGA	1	2	3	1	2	3
TATCCTAGTGGG	4	1	4	4	1	4
TATCCTCATGCG	2	1	2	3	1	3
TATCGAGTATCT	2	1	2	2	1	2
TATCGATGCATC	2	1	2	2	1	2
TATCGCAATATT	1	1	1	1	1	1
TATCGCACGAGC	1	1	1	1	1	1
TATCGCACGTCT	8	1	8	8	1	8
TATCGCGCGTCC	1	1	1	1	1	1
TATCGTGCGTAC	3	1	3	3	1	3
TATCGTTAAATA	5	1	5	5	1	5
TATCTAAGGGAA	3	1	3	3	1	3
TATCTAGCTCCT	2	1	2	2	1	2
TATCTCGATAAG	4	1	4	4	1	4
TATCTGGGTATG	2	1	2	2	1	2
TATCTTAGTACG	4	1	4	4	1	4
TATGAACAACTA	2	1	2	3	1	3
TATGAATCTGAA	2	1	2	2	1	2
TATGACTCCATT	1	1	1	1	1	1
TATGATTCTCCT	2	1	2	2	1	2
TATGCAAAGGTA	5	1	5	5	1	5
TATGCAACAAAC	1	1	1	1	1	1
TATGCATCCATG	1	1	1	1	1	1
TATGCCTCCACA	1	1	1	1	1	1
TATGCCTTAAGG	2	1	2	2	1	2
TATGCGAAATCT	2	1	2	2	1	2
TATGGACCACTG	3	1	3	3	1	3
TATGGACGAGAT	1	1	1	1	1	1
TATGGAGACGCT	1	1	1	0	0	0
TATGGAGATTAC	1	1	1	1	1	1
TATGGCGTCGTC	1	1	1	1	1	1
TATGGGAATATT	2	1	2	2	1	2
TATGGGTCCCAC	1	1	1	0	0	0
TATGGTCAAAGG	3	1	3	3	1	3
TATGTACCACTT	4	1	4	4	1	4
TATGTAGACGCT	3	1	3	5	1	5
TATGTAGACGTT	1	1	1	0	0	0
TATGTAGCAAAT	1	1	1	1	1	1
TATGTCAGCCCA	1	1	1	1	1	1
TATGTCGGAGCA	6	1	6	6	1	6
TATGTGCGTGTC	5	1	5	5	1	5
TATGTGCTTACT	4	1	4	5	1	5
TATNTAACTGCT	1	1	1	0	0	0
TATTAACAACTA	1	1	1	0	0	0
TATTAAGGGTCT	1	1	1	1	1	1
TATTACACTATT	1	1	1	1	1	1
TATTATATTCTG	2	1	2	2	1	2
TATTATTTTTAA	1	1	1	1	1	1
TATTCGACACCG	1	1	1	1	1	1
TATTCGGTGGTC	4	1	4	4	1	4
TATTCTAGAGGG	3	1	3	3	1	3
TATTCTTCATAA	2	1	2	2	1	2
TATTGAGCAGTC	1	1	1	1	1	1
TATTGGCGTGTT	2	1	2	2	1	2
TATTGTATAGTA	2	1	2	2	1	2
TATTTAACTGCT	4	1	4	5	1	5
TATTTAAGTGGG	4	1	4	4	1	4
TATTTACTTTAG	3	1	3	4	1	4
TATTTCCTTTAG	1	1	1	0	0	0
TATTTCTGGCCT	5	1	5	5	1	5
TATTTTACGAAA	5	1	5	5	1	5
TATTTTAGTGGG	1	1	1	0	0	0
TATTTTCACTTG	5	1	5	5	1	5
TATTTTTGTATC	3	1	3	3	1	3
TCAAAATGAGAT	4	1	4	4	1	4
TCAAAATGCGAT	3	1	3	4	1	4
TCAAATNCGTTG	1	1	1	0	0	0
TCAAATTCGTTG	3	1	3	4	1	4
TCAAATTTGCAC	1	1	1	1	1	1
TCAACAATCTTC	1	1	1	2	1	2
TCAACAGGACCA	1	1	1	1	1	1
TCAACCAACTTG	1	1	1	1	1	1
TCAACCTGAATC	3	1	3	3	1	3
TCAACGAGTTGT	3	1	3	3	1	3
TCAACGCTCAGC	2	1	2	2	1	2
TCAACGGTACCG	5	1	5	5	1	5
TCAAGAGCATGC	4	1	4	4	1	4
TCAAGATGCATT	6	1	6	6	1	6
TCAAGGAGCCGA	2	1	2	2	1	2
TCAAGGAGCCGT	1	1	1	1	1	1
TCAAGTGAGTGA	1	1	1	1	1	1
TCAATCTACAGA	4	1	4	4	1	4
TCAATCTCCGAT	1	1	1	1	1	1
TCAATCTGAATC	3	1	3	3	1	3
TCAATGCATGCC	5	1	5	5	1	5
TCAATGGGCTAC	3	1	3	3	1	3
TCAATTCTAAGG	1	1	1	0	0	0
TCACAAAGCACC	2	1	2	2	1	2
TCACAATATCTC	2	1	2	2	1	2
TCACAATTGCAC	6	1	6	6	1	6
TCACACGCAAAT	5	1	5	5	1	5
TCACAGAAGCAT	2	1	2	3	1	3
TCACAGATGCTG	8	1	8	8	1	8
TCACAGGCAGAG	3	1	3	3	1	3
TCACAGTGTGTT	2	1	2	2	1	2
TCACCCACTTCA	6	1	6	6	1	6
TCACCGAGACGA	2	1	2	2	1	2
TCACCTGTCTCC	1	1	1	1	1	1
TCACGAAATTAG	1	1	1	1	1	1
TCACGACGGTAA	2	1	2	2	1	2
TCACGACTACGT	1	1	1	0	0	0
TCACGAGGTGCA	1	1	1	1	1	1
TCACGCGAACCA	6	1	6	6	1	6
TCACGCGCTCAT	4	1	4	4	1	4
TCACGGACCAAC	1	1	1	2	1	2
TCACGGACCTAC	1	1	1	0	0	0
TCACGGATGTGC	3	1	3	3	1	3
TCACGGATTAAC	4	1	4	4	1	4
TCACGTGCGTGC	8	1	8	8	1	8
TCACTACTACGT	4	1	4	6	1	6
TCACTACTATGT	1	1	1	0	0	0
TCACTGTCTCTC	2	1	2	2	1	2
TCACTTACTGAC	3	1	3	3	1	3
TCACTTGGAGCA	3	1	3	3	1	3
TCAGAAAAGTAC	4	1	4	4	1	4
TCAGAACCGTAG	3	1	3	3	1	3
TCAGAATAAGTA	5	1	5	5	1	5
TCAGACTGCTGG	1	1	1	0	0	0
TCAGAGAAACTC	6	1	6	6	1	6
TCAGATACGCGC	3	1	3	3	1	3
TCAGATATCTAT	2	1	2	2	1	2
TCAGATCTCGAA	2	1	2	2	1	2
TCAGATGGTGCT	3	1	3	3	1	3
TCAGATGTTGAA	3	1	3	3	1	3
TCAGATTCACGT	1	1	1	1	1	1
TCAGCAATCTTC	1	1	1	0	0	0
TCAGCATTACCT	3	1	3	3	1	3
TCAGCCCACTTT	2	1	2	2	1	2
TCAGCCGGCAAT	4	1	4	4	1	4
TCAGCCTAGGAT	3	1	3	4	1	4
TCAGCGGAGCGT	5	1	5	5	1	5
TCAGCTATATAG	1	1	1	1	1	1
TCAGCTCTCACT	1	1	1	1	1	1
TCAGGATGTATT	3	1	3	3	1	3
TCAGGCTGCTGG	7	1	7	8	1	8
TCAGGGAAGCAT	1	1	1	0	0	0
TCAGTTCATAGG	2	1	2	2	1	2
TCAGTTCGTCCG	3	1	3	3	1	3
TCAGTTGTGAAG	6	1	6	6	1	6
TCATACATGCCC	1	1	1	0	0	0
TCATACATGTCC	4	1	4	5	1	5
TCATACCAGTGT	2	1	2	2	1	2
TCATACTCCATT	2	1	2	2	1	2
TCATACTGTTCG	1	1	1	0	0	0
TCATAGTGGCTT	1	1	1	1	1	1
TCATATAAACAA	1	1	1	2	1	2
TCATCCTGCTGT	2	1	2	2	1	2
TCATCGTCCCCG	2	1	2	2	1	2
TCATCTGGACCA	1	1	1	0	0	0
TCATGCAAAGAA	4	1	4	5	1	5
TCATGCAAGGAA	1	1	1	0	0	0
TCATGCCCACTT	4	1	4	4	1	4
TCATGCTGTTCG	3	1	3	4	1	4
TCATGGGTTTAT	1	1	1	0	0	0
TCATGTCTCGAC	4	1	4	4	1	4
TCATGTGCCCAG	3	1	3	3	1	3
TCATGTTTGCAC	4	1	4	4	1	4
TCATTATTCAGT	1	1	1	1	1	1
TCATTTTCCTGC	2	1	2	2	1	2
TCATTTTCTGCG	2	1	2	2	1	2
TCCAAACTCCCT	3	1	3	3	1	3
TCCAAAGCATTT	1	1	1	2	1	2
TCCAACTGCAGA	4	1	4	4	1	4
TCCAATATTAAG	1	1	1	0	0	0
TCCAATATTAAT	3	1	3	5	1	5
TCCAATCTTGTC	6	1	6	6	1	6
TCCACAACTTGA	3	1	3	3	1	3
TCCACAGTTTGT	1	1	1	1	1	1
TCCACCGCAGTC	2	1	2	2	1	2
TCCACCGGTCTT	1	1	1	1	1	1
TCCACCTAGGTT	3	1	3	3	1	3
TCCACGTTTCAC	1	1	1	0	0	0
TCCACTCTATAT	3	1	3	3	1	3
TCCACTTTTCAC	4	1	4	6	1	6
TCCAGGCCCGCG	2	1	2	2	1	2
TCCAGGTCTGGA	2	1	2	2	1	2
TCCAGGTTTTAA	2	1	2	3	1	3
TCCAGGTTTTAT	1	1	1	0	0	0
TCCAGTATAGAA	1	1	1	2	1	2
TCCAGTGCGTAG	3	1	3	3	1	3
TCCATCGGTTGT	3	1	3	3	1	3
TCCATCTCCCAG	1	1	1	1	1	1
TCCATGAGCTAG	4	1	4	4	1	4
TCCATTTTTCAC	1	1	1	0	0	0
TCCCAAACGCAA	4	1	4	4	1	4
TCCCACATCGAC	3	1	3	3	1	3
TCCCACATTGAC	2	1	2	2	1	2
TCCCAGATCCAT	2	1	2	2	1	2
TCCCAGCAGAGC	5	1	5	6	1	6
TCCCAGCTCCTC	1	1	1	1	1	1
TCCCAGGCTTCG	4	1	4	4	1	4
TCCCATATGATG	2	1	2	2	1	2
TCCCATATTAAT	1	1	1	0	0	0
TCCCATCTAGGT	1	1	1	1	1	1
TCCCCCCTGGTC	5	1	5	5	1	5
TCCCCGCAGAGC	1	1	1	0	0	0
TCCCCTGGATCG	3	1	3	3	1	3
TCCCGAGCGAAC	2	1	2	2	1	2
TCCCGATCAAAC	8	1	8	8	1	8
TCCCGCAGTGGC	2	2	4	2	2	4
TCCCGCAGTGTT	2	1	2	3	1	3
TCCCGCCCCTAG	6	1	6	6	1	6
TCCCGCNGTGTT	1	1	1	0	0	0
TCCCGGAGGAAC	2	1	2	2	1	2
TCCCGGGACATA	1	1	1	1	1	1
TCCCGGTCAAGG	3	1	3	3	1	3
TCCCGTAAAGTG	6	1	6	6	1	6
TCCCGTCACAAA	4	1	4	4	1	4
TCCCGTTACCAC	2	1	2	2	1	2
TCCCGTTGCGCA	1	1	1	1	1	1
TCCCTGGAGCTA	1	1	1	1	1	1
TCCGAACGATTT	3	1	3	3	1	3
TCCGAAGCATTT	1	1	1	0	0	0
TCCGAGCTGGGT	2	1	2	2	1	2
TCCGAGGGAGGA	1	1	1	1	1	1
TCCGATACACAC	1	1	1	0	0	0
TCCGCAGCAACA	4	1	4	4	1	4
TCCGCGAGCCGC	3	1	3	3	1	3
TCCGCGCGGACA	1	1	1	0	0	0
TCCGCGGAGGAA	2	1	2	2	1	2
TCCGCGGCATGA	3	1	3	3	1	3
TCCGGATCCGAG	1	1	1	1	1	1
TCCGGCCGAACT	1	1	1	1	1	1
TCCGGGAAGCAT	5	1	5	6	1	6
TCCGGGAGTTTT	3	1	3	3	1	3
TCCGTAACAGCA	1	1	1	1	1	1
TCCGTAACATTC	3	1	3	3	1	3
TCCGTAACATTG	4	1	4	4	1	4
TCCGTAGCCCCC	1	1	1	0	0	0
TCCGTGACATTG	3	1	3	3	1	3
TCCGTTGCCCCC	3	1	3	4	1	4
TCCNGTATAGAA	1	1	1	0	0	0
TCCTAAAGCCTG	1	1	1	0	0	0
TCCTAACTAAGC	5	1	5	5	1	5
TCCTAAGCTGAA	3	1	3	3	1	3
TCCTACCCCGAC	2	1	2	2	1	2
TCCTACTAGCAT	2	1	2	2	1	2
TCCTACTCTGTT	4	1	4	4	1	4
TCCTAGACCTCC	1	1	1	0	0	0
TCCTAGATCTCC	3	1	3	4	1	4
TCCTATAAACAA	1	1	1	0	0	0
TCCTATATTTTG	5	1	5	6	1	6
TCCTATATTTTT	1	1	1	0	0	0
TCCTATGAAAGG	3	1	3	3	1	3
TCCTATGTGCAC	2	1	2	2	1	2
TCCTCAAGCCAA	1	1	1	1	1	1
TCCTCCAATGTA	5	1	5	5	1	5
TCCTCCNATGTG	1	1	1	1	1	1
TCCTCCTAACGA	1	1	1	1	1	1
TCCTCGCAACAA	1	1	1	0	0	0
TCCTCGCGGACA	2	1	2	3	1	3
TCCTCGTAAGTC	4	1	4	4	1	4
TCCTCGTATCCG	1	1	1	1	1	1
TCCTCGTTAAGG	6	1	6	6	1	6
TCCTGACCGGCG	1	1	1	1	1	1
TCCTGACGAAAC	1	1	1	2	1	2
TCCTGAGACATC	8	1	8	8	1	8
TCCTGCGGCTCG	2	1	2	2	1	2
TCCTGGCGTTTA	4	1	4	4	1	4
TCCTGTGCCACT	1	1	1	1	1	1
TCCTTACGGTAA	3	1	3	3	1	3
TCCTTCCCGTAC	3	1	3	3	1	3
TCCTTGACACAG	1	1	1	1	1	1
TCCTTGCAACAA	3	1	3	4	1	4
TCCTTGTAACAA	4	1	4	4	1	4
TCCTTTCATTGT	4	1	4	4	1	4
TCCTTTTTCAAA	2	1	2	2	1	2
TCGAAAATTCCC	4	1	4	4	1	4
TCGAAAGATGCA	3	1	3	3	1	3
TCGAAAGTTCAG	3	1	3	3	1	3
TCGAAATGAAGG	1	1	1	1	1	1
TCGAACTGTCTC	6	1	6	6	1	6
TCGACCACTTAC	1	1	1	0	0	0
TCGACGAGTGGG	3	1	3	3	1	3
TCGACGAGTGTG	3	1	3	3	1	3
TCGACTATGACC	1	1	1	1	1	1
TCGACTTTGTTA	1	1	1	1	1	1
TCGAGACGCGTC	1	1	1	1	1	1
TCGAGACTAAAA	1	1	1	1	1	1
TCGAGCCCTGGG	3	1	3	3	1	3
TCGAGGACTTCT	3	1	3	3	1	3
TCGAGGCATGGT	4	1	4	4	1	4
TCGAGTGTTAGC	1	1	1	0	0	0
TCGAGTGTTATC	5	1	5	6	1	6
TCGATATCTATA	2	1	2	2	1	2
TCGATCCAGCCC	1	1	1	1	1	1
TCGATCCGGGGG	1	1	1	0	0	0
TCGATCGGGGGG	3	1	3	4	1	4
TCGATGCTAGTT	2	1	2	2	1	2
TCGCAAGGCCAT	5	1	5	5	1	5
TCGCAAGNCGAC	1	1	1	2	1	2
TCGCAAGTCGAC	1	1	1	0	0	0
TCGCACGTAGGC	2	1	2	0	0	0
TCGCACGTAGGT	4	1	4	7	1	7
TCGCACGTAGTC	1	1	1	0	0	0
TCGCACTCGCGA	1	1	1	1	1	1
TCGCAGACTAAC	1	1	1	1	1	1
TCGCATTGCTGT	1	1	1	1	1	1
TCGCCCAGTCAA	1	1	1	2	1	2
TCGCCCCGTCAA	1	1	1	0	0	0
TCGCCCCGTCTA	2	1	2	2	1	2
TCGCCCTAAGGG	3	1	3	3	1	3
TCGCCGAATAAC	1	1	1	1	1	1
TCGCCGACGCAT	1	1	1	1	1	1
TCGCCGAGGTGC	4	1	4	4	1	4
TCGCCGCACCCG	5	1	5	5	1	5
TCGCCGCCATGA	3	1	3	3	1	3
TCGCCTGAATGC	3	1	3	3	1	3
TCGCCTGAATGT	4	1	4	4	1	4
TCGCCTGCAAAT	2	1	2	2	1	2
TCGCGCATAACA	1	2	2	1	2	2
TCGCGCTACGAA	2	1	2	3	1	3
TCGCTACAAGTC	1	1	1	1	1	1
TCGCTATCAGTC	2	1	2	2	1	2
TCGCTATCTGAA	1	1	1	2	1	2
TCGCTATCTGAT	1	1	1	0	0	0
TCGCTGGCCAAG	8	1	8	8	1	8
TCGCTTCCAGTT	2	1	2	2	1	2
TCGGAAACGGGA	1	1	1	1	1	1
TCGGAATAATCG	3	1	3	3	1	3
TCGGACAGCCCG	1	1	1	1	1	1
TCGGACTCATGA	6	1	6	6	1	6
TCGGAGATTCCG	2	1	2	2	1	2
TCGGAGTAGTGT	1	1	1	1	1	1
TCGGATATGGTC	1	1	1	1	1	1
TCGGCAAATCTG	1	1	1	1	1	1
TCGGCACAAGGT	3	1	3	4	1	4
TCGGCACAANGT	1	1	1	0	0	0
TCGGCATGTGCT	1	1	1	0	0	0
TCGGCCTGCCAT	1	1	1	0	0	0
TCGGCCTGCGCA	1	1	1	1	1	1
TCGGCGAATCTC	2	1	2	2	1	2
TCGGCTTGCCAT	4	1	4	5	1	5
TCGGCTTTTCCA	3	1	3	3	1	3
TCGGGAATAGGA	1	1	1	1	1	1
TCGGGCACAAAG	3	1	3	3	1	3
TCGGGCGACACC	3	1	3	3	1	3
TCGGGGAAGAAA	1	1	1	1	1	1
TCGGGTGTGAGC	8	1	8	8	1	8
TCGGGTTCTACG	3	1	3	3	1	3
TCGGGTTGTTAC	2	1	2	2	1	2
TCGGTCACTGTT	2	1	2	0	0	0
TCGGTCGGAGTT	3	1	3	3	1	3
TCGGTCTCTGTT	4	1	4	7	1	7
TCGGTGAAATGG	2	1	2	2	1	2
TCGGTGCCGAGC	3	1	3	3	1	3
TCGGTGCTGGCC	3	1	3	3	1	3
TCGGTGGCAGCG	2	1	2	2	1	2
TCGGTGTAACTT	2	1	2	2	1	2
TCGGTTTTTACC	4	1	4	4	1	4
TCGNTCACTGTT	1	1	1	0	0	0
TCGTAAGCCCAC	1	1	1	1	1	1
TCGTACTGGGCA	4	1	4	4	1	4
TCGTAGCCATCC	6	1	6	6	1	6
TCGTAGGCCCTA	1	1	1	0	0	0
TCGTAGGTACAT	2	1	2	2	1	2
TCGTAGTTAGCG	3	1	3	4	1	4
TCGTAGTTTGCG	1	1	1	0	0	0
TCGTATCCAGGT	1	1	1	1	1	1
TCGTATGTGTTG	1	1	1	0	0	0
TCGTATTCACAG	2	1	2	2	1	2
TCGTCACAAGGT	4	1	4	4	1	4
TCGTCCACTTAC	5	1	5	6	1	6
TCGTCCAGACTG	2	1	2	2	1	2
TCGTCGATCAGG	1	1	1	1	1	1
TCGTCGCTCATG	3	2	7	4	2	8
TCGTCGCTCTTG	1	1	1	0	0	0
TCGTCGTCCTTT	1	1	1	1	1	1
TCGTCTAAAGTT	4	1	4	5	1	5
TCGTGAATTTCC	2	1	2	2	1	2
TCGTGACGAAAC	1	1	1	0	0	0
TCGTGATCGAGC	1	1	1	1	1	1
TCGTGCTACCAC	2	1	2	3	1	3
TCGTGGCTCGTG	2	1	2	2	1	2
TCGTGGGCGGAT	1	1	1	1	1	1
TCGTGGTGGCGG	2	1	2	2	1	2
TCGTGGTGTGCA	1	1	1	1	1	1
TCGTGTCACAAG	1	1	1	0	0	0
TCGTGTCACTCC	7	1	7	8	1	8
TCGTGTCGCTCC	1	1	1	0	0	0
TCGTGTCTCAAG	3	1	3	4	1	4
TCGTGTGCTGGC	2	1	2	2	1	2
TCGTTACAAGAC	1	1	1	0	0	0
TCGTTCCGATAG	2	1	2	2	1	2
TCGTTGCGCGTC	4	1	4	4	1	4
TCGTTGCGCTCT	3	1	3	3	1	3
TCGTTGTAATGG	1	1	1	1	1	1
TCGTTTAAAGTT	1	1	1	0	0	0
TCGTTTAGCTCT	1	1	1	2	1	2
TCTAAACCGTTC	1	1	1	1	1	1
TCTAAAGCGGTA	3	1	3	3	1	3
TCTAACGGACCT	4	1	4	4	1	4
TCTAAGCTAGGA	4	1	4	4	1	4
TCTAAGGATCTT	1	1	1	1	1	1
TCTAAGTGGATG	3	1	3	3	1	3
TCTAAGTGTGGC	6	1	6	6	1	6
TCTAATCGAGTG	3	1	3	4	1	4
TCTAATGCCAGA	1	1	1	1	1	1
TCTACACCTTCA	1	1	1	0	0	0
TCTAGATAAAAG	1	1	1	1	1	1
TCTAGCACACCA	1	1	1	1	1	1
TCTAGCGGGCAT	6	1	6	6	1	6
TCTAGCTCAGCG	1	1	1	1	1	1
TCTAGGAGATTC	2	1	2	2	1	2
TCTAGTAAGTCG	1	1	1	1	1	1
TCTAGTCGCGAC	1	1	1	1	1	1
TCTATACCTTCA	2	1	2	3	1	3
TCTATCAAAGGT	5	1	5	5	1	5
TCTATCCTAGAT	2	1	2	2	1	2
TCTATCGACTCA	2	1	2	2	1	2
TCTATGTGTATC	3	1	3	3	1	3
TCTATTCATGAC	2	1	2	2	1	2
TCTATTCGGTGC	3	1	3	3	1	3
TCTATTTCGACC	2	1	2	3	1	3
TCTATTTGGACC	1	1	1	0	0	0
TCTCACGCTTGG	4	1	4	4	1	4
TCTCAGAAGCAT	1	1	1	0	0	0
TCTCAGGTTAAC	4	1	4	4	1	4
TCTCAGTAGATA	1	1	1	1	1	1
TCTCATCAAGTC	1	1	1	1	1	1
TCTCATCGCAAG	5	1	5	5	1	5
TCTCATGGTACG	4	1	4	4	1	4
TCTCCAGCGTCC	4	1	4	4	1	4
TCTCCGTTCGAG	3	1	3	3	1	3
TCTCGCTGCTAT	4	1	4	4	1	4
TCTCGGCTACAG	1	1	1	1	1	1
TCTCGGGCTACT	1	1	1	0	0	0
TCTCGGTTTTAT	2	2	4	2	2	4
TCTCGTAAAATC	2	1	2	2	1	2
TCTCGTGCAACC	1	1	1	1	1	1
TCTCTACGCGTT	3	1	3	3	1	3
TCTCTATATCGT	3	1	3	3	1	3
TCTCTCTGAGAG	1	1	1	0	0	0
TCTCTCTGCGAG	4	1	4	5	1	5
TCTCTCTTGTCC	3	1	3	3	1	3
TCTCTGACTAAC	1	1	1	1	1	1
TCTCTTGGCAAC	8	1	8	8	1	8
TCTGAATATTAC	5	1	5	5	1	5
TCTGACAAGAGA	3	1	3	3	1	3
TCTGAGCATTGG	3	1	3	3	1	3
TCTGATATACCT	1	1	1	1	1	1
TCTGATCACACA	4	1	4	5	1	5
TCTGATCCAGAG	5	1	5	5	1	5
TCTGATCGAGTG	1	1	1	0	0	0
TCTGATGTATGT	2	1	2	2	1	2
TCTGCACAATAG	1	1	1	1	1	1
TCTGCCCCATGC	1	1	1	1	1	1
TCTGCCCGTCCC	1	1	1	0	0	0
TCTGCCCGTCCT	2	1	2	3	1	3
TCTGCCGACGGA	2	1	2	2	1	2
TCTGCCGAGTTT	4	1	4	4	1	4
TCTGCGCACGTC	1	1	1	1	1	1
TCTGCGTGAACC	6	1	6	6	1	6
TCTGCTGTTCCT	2	1	2	2	1	2
TCTGCTTCGCCT	1	1	1	1	1	1
TCTGGAAATGCC	1	1	1	1	1	1
TCTGGCGACCTC	5	1	5	5	1	5
TCTGGTATGGAA	1	1	1	1	1	1
TCTGTACTGCCT	2	1	2	2	1	2
TCTGTACTTGGA	4	1	4	4	1	4
TCTGTAGAGAGG	5	1	5	5	1	5
TCTGTAGGAAGC	4	1	4	4	1	4
TCTGTAGTTAGC	3	1	3	3	1	3
TCTGTCACTAGG	1	1	1	1	1	1
TCTGTCGGTCCT	1	1	1	1	1	1
TCTGTGCCGTAT	1	1	1	1	1	1
TCTGTGGAACCG	3	1	3	3	1	3
TCTGTTTGTTGA	4	1	4	4	1	4
TCTTACACTTCA	3	1	3	3	1	3
TCTTACAGGCAG	1	1	1	1	1	1
TCTTAGGGCACC	2	1	2	2	1	2
TCTTATCTTCTA	2	1	2	2	1	2
TCTTCAGGCCAG	2	1	2	2	1	2
TCTTCCCGCTTA	1	1	1	0	0	0
TCTTCGACAGCT	2	1	2	2	1	2
TCTTCGATGACT	1	1	1	0	0	0
TCTTCGATGTCT	3	1	3	4	1	4
TCTTCTTTGGCC	1	1	1	1	1	1
TCTTGAAACAGA	2	1	2	2	1	2
TCTTTAGCTATT	2	1	2	2	1	2
TCTTTCTGGCAC	1	1	1	0	0	0
TCTTTGAACCTC	1	1	1	1	1	1
TCTTTGGAAAGT	1	1	1	1	1	1
TCTTTGGTACGT	3	1	3	3	1	3
TGAAAAAATTCT	2	1	2	2	1	2
TGAAAATGCTCA	1	1	1	1	1	1
TGAAACTAGCAA	1	1	1	1	1	1
TGAAAGAGGGGC	1	1	1	1	1	1
TGAAAGCACAAG	3	1	3	3	1	3
TGAAAGGCAAAT	5	1	5	5	1	5
TGAAAGGGTCCT	3	1	3	4	1	4
TGAAAGTGGTTC	4	1	4	4	1	4
TGAACCAAGCTT	1	1	1	1	1	1
TGAACGGGGATC	4	1	4	4	1	4
TGAAGATATTGG	1	1	1	1	1	1
TGAAGCGACTCT	1	1	1	1	1	1
TGAAGTCAATAT	4	1	4	4	1	4
TGAAGTCGCCCA	2	1	2	2	1	2
TGAAGTCTAACT	1	1	1	1	1	1
TGAAGTGATAGC	4	1	4	4	1	4
TGAAGTGTTACG	3	1	3	3	1	3
TGAATCAGGCCT	1	1	1	1	1	1
TGAATCGAAACC	3	1	3	3	1	3
TGAATTGTGAGT	3	1	3	3	1	3
TGACAAGGCTTT	2	1	2	2	1	2
TGACACTTGAAC	5	1	5	5	1	5
TGACAGGTAACA	3	1	3	6	1	6
TGACAGGTAAGA	2	1	2	0	0	0
TGACAGTTAAGA	1	1	1	0	0	0
TGACCGATTCGT	1	1	1	0	0	0
TGACCGATTTGT	2	1	2	3	1	3
TGACGAGTCACG	1	1	1	0	0	0
TGACGCCTCGCG	2	1	2	2	1	2
TGACGCTTTATT	1	1	1	1	1	1
TGACGGGACTAC	4	1	4	4	1	4
TGACGTCGCGCA	5	1	5	6	1	6
TGACGTCGCTAA	3	1	3	3	1	3
TGACGTGGTAGG	1	1	1	1	1	1
TGACNGACCCAG	1	1	1	0	0	0
TGACTATTTTTT	3	1	3	3	1	3
TGACTGACCCAG	5	1	5	6	1	6
TGACTTTGTAAG	1	1	1	1	1	1
TGAGAAATTGCC	1	1	1	1	1	1
TGAGACACTTAC	1	1	1	1	1	1
TGAGAGCGTCGC	1	1	1	1	1	1
TGAGATACTTCC	1	1	1	1	1	1
TGAGATATGCCG	1	1	1	1	1	1
TGAGATCTGTAG	2	1	2	2	1	2
TGAGATTCATGA	3	1	3	3	1	3
TGAGCACCTAAA	1	1	1	1	1	1
TGAGCCGATGGT	3	1	3	3	1	3
TGAGCCGGATTG	1	1	1	0	0	0
TGAGCGCATCGT	1	1	1	1	1	1
TGAGCGTATTAG	1	1	1	1	1	1
TGAGCGTGCCCA	1	1	1	1	1	1
TGAGGAGTCACG	2	1	2	3	1	3
TGAGGCACCGAC	1	1	1	1	1	1
TGAGGCATTCAG	3	1	3	3	1	3
TGAGGCCTGAAG	1	1	1	1	1	1
TGAGGGCACCGA	6	1	6	6	1	6
TGAGGGCTACAG	2	1	2	2	1	2
TGAGGGGATTCG	2	1	2	2	1	2
TGAGGGGGGGTA	2	1	2	2	1	2
TGAGGTAGATCT	1	1	1	1	1	1
TGAGTCTGTGAA	1	1	1	1	1	1
TGAGTCTTACCC	2	1	2	3	1	3
TGAGTCTTAGCC	1	1	1	0	0	0
TGAGTGGCTTTA	3	1	3	3	1	3
TGAGTGGGGCCA	1	1	1	1	1	1
TGAGTTCTTAGT	2	1	2	2	1	2
TGAGTTGGATTA	3	1	3	3	1	3
TGAGTTTGGTGC	2	1	2	2	1	2
TGATAGCCATAT	2	2	4	2	2	4
TGATAGGGAACG	1	1	1	1	1	1
TGATATATCAAA	1	1	1	1	1	1
TGATATTAGAGC	2	1	2	2	1	2
TGATCAAACGAT	2	1	2	2	1	2
TGATCATGGAAA	3	1	3	4	1	4
TGATCCACAACT	5	1	5	5	1	5
TGATCCGTTATC	2	1	2	2	1	2
TGATCCTACTAG	5	1	5	6	1	6
TGATCGTACTAG	1	1	1	0	0	0
TGATCTCGTCTA	1	1	1	1	1	1
TGATCTTAGGGG	4	1	4	4	1	4
TGATGAGAGTGA	3	1	3	4	1	4
TGATGAGCTACG	3	1	3	3	1	3
TGATGATGGAAA	1	1	1	0	0	0
TGATGTCCACGA	4	1	4	4	1	4
TGATGTCCCAAC	5	1	5	5	1	5
TGATTATTAACA	3	1	3	3	1	3
TGATTATTACAA	3	1	3	3	1	3
TGATTCTGTCGT	4	1	4	4	1	4
TGATTGAGACCG	2	1	2	2	1	2
TGATTGGGCCTA	2	1	2	3	1	3
TGATTGNGCCTA	1	1	1	0	0	0
TGATTGTTTTAA	3	1	3	3	1	3
TGATTTTAGAAC	5	1	5	5	1	5
TGCAAAAGTTGA	1	1	1	1	1	1
TGCAAAGCTAAC	2	1	2	2	1	2
TGCAACGATGCT	2	1	2	2	1	2
TGCAAGAGTTAG	4	1	4	4	1	4
TGCAATATGACG	4	1	4	5	1	5
TGCAATATGAGG	1	1	1	0	0	0
TGCAATCTAGGA	4	1	4	5	1	5
TGCAATTCTGGT	1	1	1	1	1	1
TGCACAATTTTC	4	1	4	5	1	5
TGCACATTTTCA	8	1	8	8	1	8
TGCACGAGATGT	1	1	1	1	1	1
TGCACTCATCTC	8	1	8	8	1	8
TGCACTGGGAGT	6	1	6	6	1	6
TGCAGAATGTAG	3	1	3	3	1	3
TGCAGAGCGACG	3	1	3	5	1	5
TGCAGAGNGACG	1	1	1	0	0	0
TGCAGCCGATAC	2	2	5	2	2	5
TGCAGCCGCCAT	1	1	1	1	1	1
TGCAGGGCGTCG	1	1	1	0	0	0
TGCAGGTTATTG	2	1	2	0	0	0
TGCAGGTTTTTG	1	1	1	0	0	0
TGCANAATTTTC	1	1	1	0	0	0
TGCATAATTGTA	1	1	1	2	1	2
TGCATAGAAGAC	3	1	3	3	1	3
TGCATATATTTG	3	1	3	3	1	3
TGCATCCATCTA	4	1	4	4	1	4
TGCATCGGTCGC	3	1	3	3	1	3
TGCATGATTGTA	1	1	1	0	0	0
TGCATGTTTAAA	3	1	3	3	1	3
TGCATTCTAGGA	1	1	1	0	0	0
TGCATTGACTTA	4	1	4	4	1	4
TGCATTTTGGCT	1	1	1	1	1	1
TGCCAAGCCCAA	4	1	4	4	1	4
TGCCACATTTCG	1	1	1	1	1	1
TGCCACGGCCGA	1	1	1	1	1	1
TGCCACGGCTAT	2	1	2	2	1	2
TGCCAGGTGAGT	5	1	5	5	1	5
TGCCATTTAGAG	3	1	3	3	1	3
TGCCCATAAACT	1	1	1	1	1	1
TGCCCATGTCGT	2	1	2	2	1	2
TGCCCGTTGCCG	1	1	1	1	1	1
TGCCCTGGGTCT	1	1	1	1	1	1
TGCCGAAAGCGG	1	1	1	1	1	1
TGCCGACGGTAG	1	1	1	1	1	1
TGCCGCCCAGGA	3	1	3	4	1	4
TGCCGCCCGGGA	1	1	1	0	0	0
TGCCGCCCTCCC	3	1	3	3	1	3
TGCCGTATTGAT	1	1	1	1	1	1
TGCCGTCGTTGA	1	1	1	1	1	1
TGCCTCAGCCGC	2	1	2	2	1	2
TGCCTGATAATC	1	1	1	0	0	0
TGCCTGGATTTG	1	1	1	1	1	1
TGCCTTTGATCG	4	1	4	4	1	4
TGCCTTTGTTCG	4	1	4	4	1	4
TGCGAACCTAAT	1	1	1	1	1	1
TGCGAACGTTAC	3	1	3	3	1	3
TGCGAACTCCAC	3	1	3	3	1	3
TGCGAGTGCGAC	2	1	2	2	1	2
TGCGATACACAC	7	1	7	8	1	8
TGCGCAAAAGGG	4	1	4	4	1	4
TGCGCACCCCGT	5	1	5	6	1	6
TGCGCAGAACCA	2	1	2	3	1	3
TGCGCATAGTTC	3	1	3	3	1	3
TGCGCCATTGAC	3	1	3	3	1	3
TGCGCCCCCAAT	1	1	1	2	1	2
TGCGCCCCCACT	1	1	1	0	0	0
TGCGCCGGATTG	2	1	2	3	1	3
TGCGCCGTATGC	6	1	6	6	1	6
TGCGCCTGTCAT	1	1	1	1	1	1
TGCGCGGAGGAT	4	1	4	4	1	4
TGCGCGGTAAAT	6	1	6	6	1	6
TGCGCGTTCCAG	3	1	3	3	1	3
TGCGCTACGCAC	1	1	1	1	1	1
TGCGCTATCTGG	3	1	3	4	1	4
TGCGCTCCAAGA	3	1	3	3	1	3
TGCGCTCCCCGT	1	1	1	0	0	0
TGCGCTGGACAT	3	1	3	3	1	3
TGCGGAAAATTC	1	1	1	1	1	1
TGCGGACTTAGT	2	1	2	3	1	3
TGCGGAGAACCA	1	1	1	0	0	0
TGCGGGGCGTCG	2	1	2	3	1	3
TGCGGGTTCGAC	4	1	4	4	1	4
TGCGGTATGCGT	1	1	1	0	0	0
TGCGGTGAATTC	1	1	1	1	1	1
TGCGGTGATACA	2	1	2	2	1	2
TGCGGTGATCGG	3	1	3	3	1	3
TGCGNTATCTGG	1	1	1	0	0	0
TGCGTACTGCCA	4	1	4	4	1	4
TGCGTACTGCTT	7	1	7	8	1	8
TGCGTCACGCAA	2	1	2	2	1	2
TGCGTCACTTCA	1	1	1	0	0	0
TGCGTCAGGAAA	2	1	2	2	1	2
TGCGTCGGGGGG	1	1	1	1	1	1
TGCGTGACTTCA	4	1	4	5	1	5
TGCGTGATTGGT	3	1	3	3	1	3
TGCGTTTGACTG	1	1	1	2	1	2
TGCNGACTTAGT	1	1	1	0	0	0
TGCNTACTGCTT	1	1	1	0	0	0
TGCTAAAACGCC	3	1	3	3	1	3
TGCTAAGGTAAT	3	1	3	3	1	3
TGCTAAGTTTGT	3	1	3	3	1	3
TGCTAATGATCC	1	1	1	1	1	1
TGCTACCTTCTA	1	1	1	0	0	0
TGCTACGTAATA	1	1	1	1	1	1
TGCTAGAGCGTG	4	1	4	4	1	4
TGCTAGGGCAAC	4	1	4	4	1	4
TGCTATGGCCCC	1	1	1	0	0	0
TGCTATGTGAAC	1	1	1	1	1	1
TGCTCCATGCAG	1	1	1	1	1	1
TGCTCGGTGGTT	1	1	1	0	0	0
TGCTCGGTTCGC	1	1	1	0	0	0
TGCTCGTTTCGC	5	1	5	6	1	6
TGCTCTACACTT	1	1	1	1	1	1
TGCTGAAATATA	2	1	2	2	1	2
TGCTGAGAGTGA	1	1	1	0	0	0
TGCTGGAACTTT	2	1	2	2	1	2
TGCTGGCGATGG	1	1	1	1	1	1
TGCTGGTACAAC	1	1	1	0	0	0
TGCTGTAAGGTA	1	1	1	1	1	1
TGCTGTGGTCTC	4	1	4	4	1	4
TGCTTAGAAAGA	3	1	3	3	1	3
TGCTTAGAGAGA	3	1	3	4	1	4
TGCTTAGAGAGC	1	1	1	0	0	0
TGCTTATAGTAA	1	1	1	1	1	1
TGCTTTACCAGC	2	1	2	2	1	2
TGCTTTGGTGCA	1	1	1	1	1	1
TGCTTTTCTGAC	1	1	1	1	1	1
TGGAAAGCCGGA	1	1	1	0	0	0
TGGAAAGCCGGT	2	1	2	4	1	4
TGGAACCCCAGC	2	1	2	2	1	2
TGGAACGAGGCC	5	1	5	5	1	5
TGGAACTGTTCA	5	1	5	5	1	5
TGGAAGTTAGCC	1	1	1	1	1	1
TGGAATGAGAGG	5	1	5	5	1	5
TGGAATTTGCAT	3	1	3	3	1	3
TGGACAAATCAA	1	1	1	0	0	0
TGGACAGTTGCA	2	1	2	2	1	2
TGGACCATGACG	1	1	1	1	1	1
TGGACCGTTGGT	1	1	1	0	0	0
TGGACTAATTTA	1	1	1	0	0	0
TGGACTTATTTA	3	1	3	4	1	4
TGGAGAAGCCCA	4	1	4	4	1	4
TGGAGACATTGG	2	1	2	4	1	4
TGGAGAGGTGCT	4	1	4	5	1	5
TGGAGATGCCAG	1	1	1	0	0	0
TGGAGATGCCAT	2	1	2	3	1	3
TGGAGCATATCT	3	1	3	3	1	3
TGGAGCCATTGG	1	1	1	0	0	0
TGGAGCGACCTT	5	1	5	5	1	5
TGGAGNGGTGCT	1	1	1	0	0	0
TGGAGTTGAACT	2	1	2	3	1	3
TGGAGTTGAAGT	1	1	1	0	0	0
TGGATAACGGGA	2	1	2	2	1	2
TGGATATTCAGG	2	1	2	2	1	2
TGGATCGGGAGA	2	1	2	2	1	2
TGGATTAAGTCG	1	1	1	1	1	1
TGGATTCCAAAC	3	1	3	3	1	3
TGGATTGCCATT	1	1	1	1	1	1
TGGATTTACGAA	3	1	3	4	1	4
TGGATTTACGAG	1	1	1	0	0	0
TGGCAACAGGGA	2	1	2	2	1	2
TGGCAACCTTAC	1	1	1	1	1	1
TGGCACGTCGTT	2	1	2	2	1	2
TGGCATATCAAA	5	1	5	5	1	5
TGGCCAACTATC	3	1	3	3	1	3
TGGCCAATTTAC	2	1	2	2	1	2
TGGCCACGCTTA	2	1	2	2	1	2
TGGCCCACGATA	1	1	1	1	1	1
TGGCCCGTTGGT	4	1	4	5	1	5
TGGCCGATACTA	3	1	3	3	1	3
TGGCCTCTGCCA	2	1	2	2	1	2
TGGCCTGCGCAC	1	1	1	1	1	1
TGGCCTTATTTA	3	1	3	3	1	3
TGGCGCCTGACT	1	1	1	1	1	1
TGGCGCTTCTTG	3	1	3	3	1	3
TGGCGGGTTTCA	3	1	3	3	1	3
TGGCGGTTAAGG	2	1	2	2	1	2
TGGCTGAAGAAG	4	1	4	4	1	4
TGGCTGAAGCTA	6	1	6	8	1	8
TGGCTGAAGGTA	1	1	1	0	0	0
TGGCTGCTAGCC	2	1	2	2	1	2
TGGGAAGGGGAG	1	1	1	1	1	1
TGGGAATAGAGC	1	1	1	1	1	1
TGGGAATGTATC	2	1	2	2	1	2
TGGGACACTAAT	3	1	3	3	1	3
TGGGACCCGGGG	1	1	1	1	1	1
TGGGACGTCAGG	3	1	3	3	1	3
TGGGAGAAAATA	3	1	3	3	1	3
TGGGAGAGTTAA	1	1	1	0	0	0
TGGGAGAGTTAC	3	1	3	5	1	5
TGGGAGAGTTTC	1	1	1	0	0	0
TGGGAGCTATTT	1	1	1	0	0	0
TGGGAGTTATTT	3	1	3	4	1	4
TGGGATAGCCCT	1	1	1	1	1	1
TGGGCACGGTTA	2	1	2	2	1	2
TGGGCATCCACA	1	1	1	1	1	1
TGGGCATGTGCT	2	1	2	3	1	3
TGGGCCCTTGCA	2	1	2	2	1	2
TGGGCCTCCTAG	2	1	2	2	1	2
TGGGGAATTACG	1	1	1	1	1	1
TGGGGAATTGTT	1	1	1	0	0	0
TGGGGAGACTTT	1	1	1	0	0	0
TGGGGAGGCTTT	2	1	2	3	1	3
TGGGTAAAGCTT	4	1	4	4	1	4
TGGGTAGGCTCG	6	1	6	6	1	6
TGGGTGCGTACG	3	1	3	3	1	3
TGGGTTGACCGG	1	1	1	1	1	1
TGGGTTGCTCAG	1	1	1	1	1	1
TGGNAAGCCGGT	1	1	1	0	0	0
TGGTAACTCAAT	4	1	4	4	1	4
TGGTAACTTGAT	2	1	2	2	1	2
TGGTACCTTTCT	1	1	1	1	1	1
TGGTAGTAATGT	2	1	2	2	1	2
TGGTATGATAGT	1	1	1	1	1	1
TGGTATGGCCCC	4	1	4	5	1	5
TGGTCACTATCG	1	1	1	1	1	1
TGGTCATTATGC	2	1	2	2	1	2
TGGTCCGCCGAC	1	1	1	1	1	1
TGGTCCTCAGCT	1	1	1	1	1	1
TGGTCGCTCGGG	2	1	2	3	1	3
TGGTCGCTCNGG	1	1	1	0	0	0
TGGTGACCATGC	1	1	1	2	1	2
TGGTGAGTTAAT	2	1	2	2	1	2
TGGTGCATCCCG	1	1	1	1	1	1
TGGTGGGTCGCT	3	1	3	3	1	3
TGGTTACAAGAC	3	1	3	4	1	4
TGGTTACCATGC	1	1	1	0	0	0
TGGTTAGAGTCG	1	1	1	1	1	1
TGGTTATGCACG	3	1	3	3	1	3
TGGTTGAAAGTC	1	1	1	0	0	0
TGGTTGGGCCGT	1	1	1	1	1	1
TGGTTTAAAGTC	2	1	2	3	1	3
TGNCAGGGCGAC	1	1	1	1	1	1
TGTAACGGTCTA	1	1	1	0	0	0
TGTAAGCAATCC	2	1	2	2	1	2
TGTAAGGCCAGC	2	1	2	2	1	2
TGTAAGGGTCTA	4	1	4	5	1	5
TGTAATGAGTGA	2	1	2	2	1	2
TGTACAAGTCAA	2	1	2	2	1	2
TGTACAGGTTTA	1	1	1	1	1	1
TGTACCGTAGGA	3	1	3	3	1	3
TGTACCGTTGGA	3	1	3	3	1	3
TGTACCTTCGAC	4	1	4	4	1	4
TGTACTCAGCGC	5	1	5	5	1	5
TGTACTTACTTT	1	1	1	1	1	1
TGTAGCATCGAT	1	1	1	1	1	1
TGTAGGCCCACG	3	1	3	3	1	3
TGTAGGTCCACG	3	1	3	3	1	3
TGTAGGTTATTG	3	1	3	7	1	7
TGTAGGTTCTTG	1	1	1	0	0	0
TGTAGTTACATC	2	1	2	2	1	2
TGTATAACCCAC	6	1	6	6	1	6
TGTATATTTGTT	2	1	2	2	1	2
TGTATCCCAAAC	1	1	1	2	1	2
TGTATCCCAACC	1	1	1	0	0	0
TGTATCCTGTGT	3	1	3	3	1	3
TGTATCGGCAAA	1	1	1	1	1	1
TGTATTAGCCAC	1	1	1	1	1	1
TGTCAAAGCGGG	1	1	1	1	1	1
TGTCACAGGAAT	1	1	1	1	1	1
TGTCAGATTAGG	1	1	1	1	1	1
TGTCAGCCTGAG	1	1	1	0	0	0
TGTCAGGGCCCT	1	1	1	1	1	1
TGTCAGGGGGAC	4	1	4	4	1	4
TGTCAGTATTCG	1	1	1	0	0	0
TGTCAGTTACAG	2	1	2	2	1	2
TGTCATGATGTT	4	1	4	4	1	4
TGTCATGCACAA	3	1	3	3	1	3
TGTCCAATGCAC	5	1	5	5	1	5
TGTCCCTTACCT	2	1	2	2	1	2
TGTCCGAGCAAT	4	1	4	4	1	4
TGTCCGCGAATA	3	1	3	3	1	3
TGTCCGCTCGTC	3	1	3	4	1	4
TGTCCTGATGTT	4	1	4	4	1	4
TGTCCTTACATA	4	1	4	4	1	4
TGTCGACCACCC	1	1	1	1	1	1
TGTCGGGCGTTG	4	1	4	4	1	4
TGTCGTATCGCT	3	1	3	3	1	3
TGTCTAAGTGTG	1	1	1	1	1	1
TGTCTCGTCACC	1	1	1	1	1	1
TGTCTGCATCCC	3	1	3	3	1	3
TGTCTGCCTGTC	1	1	1	1	1	1
TGTCTGTGAATG	2	1	2	2	1	2
TGTCTTGATACG	2	1	2	2	1	2
TGTCTTGTTTAG	3	1	3	3	1	3
TGTGAAACCGTA	4	1	4	4	1	4
TGTGAAACTGTA	4	1	4	4	1	4
TGTGAGCCTGAG	2	1	2	3	1	3
TGTGATCACACA	1	1	1	0	0	0
TGTGATGTGACT	3	1	3	3	1	3
TGTGCCGGTGAG	1	1	1	1	1	1
TGTGCGTAACCT	2	1	2	2	1	2
TGTGCGTTTCGA	1	1	1	1	1	1
TGTGGCTGCTCA	3	1	3	3	1	3
TGTGGCTGGGAC	4	1	4	4	1	4
TGTGGGCACGAT	1	1	1	1	1	1
TGTGGGCCCAGT	5	1	5	5	1	5
TGTGGGTCCCCG	1	1	1	1	1	1
TGTGGTAATTGA	3	1	3	3	1	3
TGTGGTATCGGG	3	1	3	3	1	3
TGTGTACGTTGG	1	1	1	1	1	1
TGTGTCGCAACA	1	1	1	1	1	1
TGTGTGAGTATG	1	1	1	0	0	0
TGTGTGAGTTTG	3	1	3	5	1	5
TGTGTGATTTGG	1	1	1	1	1	1
TGTGTGCGTTTG	1	1	1	0	0	0
TGTGTGGGGAAG	1	1	1	1	1	1
TGTGTGGTAATC	3	1	3	3	1	3
TGTGTGGTTGCC	2	1	2	2	1	2
TGTGTTACATTA	1	1	1	1	1	1
TGTGTTACTTTA	1	1	1	0	0	0
TGTGTTACTTTT	3	1	3	4	1	4
TGTGTTCTGAGA	1	1	1	1	1	1
TGTGTTTGACTG	1	1	1	0	0	0
TGTGTTTTCCGC	2	1	2	2	1	2
TGTTACACGATC	2	1	2	3	1	3
TGTTACACGGGG	1	1	1	1	1	1
TGTTAGTAAGTA	2	1	2	2	1	2
TGTTANACGATC	1	1	1	0	0	0
TGTTATCGCCAT	5	1	5	5	1	5
TGTTCCACGAGG	3	1	3	3	1	3
TGTTCCCCCGAA	3	1	3	3	1	3
TGTTCCGAAGCG	2	1	2	2	1	2
TGTTCCTAGACG	1	1	1	1	1	1
TGTTCGCTCGTC	1	1	1	0	0	0
TGTTCGGGGGGA	4	1	4	4	1	4
TGTTCTACCTCA	2	1	2	2	1	2
TGTTCTCAGTCT	4	1	4	4	1	4
TGTTCTCATTCT	3	1	3	3	1	3
TGTTCTCCACTC	1	1	1	0	0	0
TGTTCTGCTCGC	5	1	5	5	1	5
TGTTCTTCACTC	5	1	5	6	1	6
TGTTGATGTGTA	3	1	3	3	1	3
TGTTGCCTGATC	1	1	1	1	1	1
TGTTTAGCGCAA	1	1	1	2	1	2
TGTTTAGCGCTA	1	1	1	0	0	0
TGTTTCTGGCAC	2	1	2	3	1	3
TGTTTGCAGCGC	3	1	3	3	1	3
TGTTTGTGAATA	3	1	3	4	1	4
TGTTTGTGACGT	1	1	1	1	1	1
TGTTTGTGAGAA	1	1	1	1	1	1
TGTTTGTTAATA	1	1	1	0	0	0
TGTTTTGCTAAT	1	1	1	1	1	1
TNAAGTGATGAA	1	1	1	0	0	0
TTAAACTGGTGT	6	1	6	8	1	8
TTAAAGACTCCG	3	1	3	3	1	3
TTAACAGTACCT	1	1	1	2	1	2
TTAACAGTGCCT	1	1	1	0	0	0
TTAACGACCGAC	2	1	2	2	1	2
TTAACGAGCATG	1	1	1	1	1	1
TTAACGCTACAG	3	1	3	3	1	3
TTAAGACTCGAG	1	1	1	1	1	1
TTAAGACTCGTC	4	1	4	4	1	4
TTAAGCCTTAGA	3	1	3	3	1	3
TTAAGGGTCTTT	1	1	1	1	1	1
TTAAGGTTACCA	1	1	1	0	0	0
TTAAGTCTCTCC	1	1	1	0	0	0
TTAATACATTAG	1	1	1	0	0	0
TTAATACCCCGT	3	1	3	3	1	3
TTAATATAACCA	4	1	4	4	1	4
TTAATCATCTGG	8	1	8	8	1	8
TTAATCCGCAGA	5	1	5	5	1	5
TTAATGATAGGT	4	1	4	4	1	4
TTAATGCTTTCT	3	1	3	3	1	3
TTAATGGACTGG	2	1	2	2	1	2
TTAATTCTCTCC	4	1	4	6	1	6
TTACACAGTCTC	1	1	1	1	1	1
TTACACCGTCAT	1	1	1	1	1	1
TTACACGTCTAG	5	1	5	5	1	5
TTACACTGGTGT	1	1	1	0	0	0
TTACACTTGCTC	1	1	1	1	1	1
TTACAGCCCCGG	4	1	4	4	1	4
TTACATAGATGT	1	1	1	1	1	1
TTACCAGTCTTT	2	1	2	2	1	2
TTACCCAGCGGA	2	1	2	2	1	2
TTACCCTTCTGC	4	1	4	4	1	4
TTACCTTAGTAA	2	1	2	2	1	2
TTACCTTCGTAC	1	1	1	1	1	1
TTACGAATCAAG	1	2	2	1	2	2
TTACGCAAATAG	8	1	8	8	1	8
TTACGGGCTCTT	3	1	3	3	1	3
TTACGGTCGAAG	1	1	1	1	1	1
TTACGGTTTTGG	2	1	2	2	1	2
TTACGTATAGGG	1	1	1	1	1	1
TTACGTGTGGTA	1	1	1	0	0	0
TTACTATAAGGC	3	1	3	3	1	3
TTACTCCGGAAT	1	1	1	1	1	1
TTACTCCGGGAG	3	1	3	3	1	3
TTAGACACTATC	3	1	3	3	1	3
TTAGACATTGAA	4	1	4	4	1	4
TTAGACCAGGAT	2	1	2	2	1	2
TTAGACGGGATA	1	1	1	2	1	2
TTAGACGGTTTT	5	1	5	5	1	5
TTAGACGTGATA	1	1	1	0	0	0
TTAGAGAATATG	1	1	1	0	0	0
TTAGAGCAACGA	1	1	1	1	1	1
TTAGAGGTATAC	1	1	1	1	1	1
TTAGATGAAAAT	1	1	1	1	1	1
TTAGCCTAGGAT	1	1	1	0	0	0
TTAGCGAATATG	3	1	3	4	1	4
TTAGCTATGTGT	2	1	2	2	1	2
TTAGCTGCAGTT	2	1	2	2	1	2
TTAGCTTATCGG	1	1	1	2	1	2
TTAGCTTATGGG	1	1	1	0	0	0
TTAGGAAGTGAG	3	1	3	3	1	3
TTAGGATGGTCC	1	1	1	1	1	1
TTAGGCCCGCGA	2	1	2	2	1	2
TTAGGCCGAATA	2	1	2	2	1	2
TTAGGGCAGACA	2	1	2	2	1	2
TTAGGGTATGAG	1	1	1	1	1	1
TTAGGTGATCGG	4	1	4	4	1	4
TTAGTACTCGAT	4	1	4	4	1	4
TTAGTATTTGGC	2	1	2	2	1	2
TTAGTGCGTTGC	4	1	4	4	1	4
TTATAAAACGGC	3	1	3	3	1	3
TTATACAGACAA	6	1	6	6	1	6
TTATAGCAGCTA	3	1	3	3	1	3
TTATAGTGACAG	3	1	3	3	1	3
TTATATGAATCG	1	1	1	1	1	1
TTATATTGCCAA	2	1	2	2	1	2
TTATCAAAGTAG	1	1	1	1	1	1
TTATCCTATTCG	3	1	3	3	1	3
TTATCGACTAGT	3	1	3	3	1	3
TTATCTCCCCGA	1	1	1	0	0	0
TTATCTCCCTGA	4	1	4	5	1	5
TTATCTGGACCA	3	1	3	4	1	4
TTATGAATTCTC	1	1	1	1	1	1
TTATGAATTTCC	2	1	2	2	1	2
TTATGACCGACC	2	1	2	2	1	2
TTATGGGCGTAT	1	1	1	1	1	1
TTATGTACATGC	1	1	1	1	1	1
TTATGTGAAGCG	2	1	2	2	1	2
TTATGTGTGGTA	5	1	5	6	1	6
TTATGTTCACAG	1	1	1	1	1	1
TTATGTTTGGCA	1	1	1	1	1	1
TTATTAGCACAA	4	1	4	4	1	4
TTATTAGTCGAG	5	1	5	5	1	5
TTATTGACGCGG	1	1	1	1	1	1
TTATTGGTATAA	2	1	2	2	1	2
TTATTGTGTGGT	1	1	1	1	1	1
TTATTGTTTCTT	1	1	1	1	1	1
TTATTTGATGAT	4	1	4	5	1	5
TTCAAACGCGGC	1	1	1	2	1	2
TTCAACCCTTTA	3	1	3	3	1	3
TTCAACTCAAGA	2	1	2	2	1	2
TTCAAGATCCAT	3	1	3	3	1	3
TTCAAGCTAATG	3	1	3	3	1	3
TTCAAGTAGGTT	1	1	1	1	1	1
TTCAAGTCACAA	6	1	6	6	1	6
TTCAATAATTGT	1	1	1	0	0	0
TTCAATTCAGAG	3	1	3	5	1	5
TTCAATTTAAGG	3	1	3	3	1	3
TTCACCATCATA	3	1	3	3	1	3
TTCACCCCTAGA	3	1	3	3	1	3
TTCACCGATAGT	3	1	3	3	1	3
TTCACCTCAGTT	1	1	1	1	1	1
TTCACCTTAGAA	1	1	1	1	1	1
TTCACGGAATTT	2	1	2	4	1	4
TTCACGGACTTT	1	1	1	0	0	0
TTCACGGTATTT	1	1	1	0	0	0
TTCACTACATCC	8	1	8	8	1	8
TTCAGAGGCTGA	4	1	4	4	1	4
TTCAGCAATTGT	1	1	1	0	0	0
TTCAGGCTTTGT	1	1	1	1	1	1
TTCAGGTTAACA	3	1	3	7	1	7
TTCAGGTTACCA	1	1	1	0	0	0
TTCAGNGAGATT	1	1	1	1	1	1
TTCAGTAATTGT	2	1	2	4	1	4
TTCANACGCGGC	1	1	1	0	0	0
TTCATACATTAG	4	1	4	5	1	5
TTCATACCACTG	1	1	1	1	1	1
TTCATAGACGAT	2	1	2	2	1	2
TTCATCATCACG	4	1	4	6	1	6
TTCATCTTGTAG	4	1	4	4	1	4
TTCATGCTCAAC	1	1	1	1	1	1
TTCATGTTACCA	1	1	1	0	0	0
TTCATTGAAGGC	1	1	1	1	1	1
TTCCACAGGAAC	2	1	2	2	1	2
TTCCACCTGCGA	1	1	1	1	1	1
TTCCATGGTAGA	2	1	2	2	1	2
TTCCATTTAGTC	3	1	3	3	1	3
TTCCCCACTGTG	3	1	3	3	1	3
TTCCCGGGGATT	4	1	4	4	1	4
TTCCCTAGCCGT	1	1	1	1	1	1
TTCCGACAACGA	3	1	3	4	1	4
TTCCGACAATGA	1	1	1	0	0	0
TTCCGCCCCACG	4	1	4	4	1	4
TTCCGGCCTCGG	2	1	2	2	1	2
TTCCTAAGTAGC	2	1	2	2	1	2
TTCCTGTTGCGC	1	1	1	1	1	1
TTCGAAGGATCC	1	1	1	0	0	0
TTCGAAGGATTC	5	1	5	6	1	6
TTCGAAGTTCGC	2	1	2	2	1	2
TTCGACCATGTG	5	1	5	5	1	5
TTCGAGGAGTTG	2	1	2	2	1	2
TTCGAGTATTCG	1	1	1	1	1	1
TTCGATCCCCGC	1	1	1	1	1	1
TTCGATCGAACA	1	1	1	2	1	2
TTCGCACCTGGT	6	1	6	6	1	6
TTCGCACTCGAG	1	1	1	1	1	1
TTCGCAGTCCGG	2	1	2	2	1	2
TTCGCATTGCCC	1	1	1	1	1	1
TTCGCCTAGGCT	3	1	3	3	1	3
TTCGCCTGGGCT	3	1	3	3	1	3
TTCGCCTGTCGG	1	1	1	1	1	1
TTCGCGATTCAG	6	1	6	6	1	6
TTCGCGGTCGGT	1	1	1	0	0	0
TTCGCGTCCCTT	4	1	4	4	1	4
TTCGCGTTAACG	3	1	3	3	1	3
TTCGCGTTCGGT	5	1	5	6	1	6
TTCGCTCGCCAG	2	1	2	2	1	2
TTCGGAATAATA	2	1	2	2	1	2
TTCGGGGATCAG	2	1	2	2	1	2
TTCGGTCTCGTT	3	1	3	3	1	3
TTCGTAACCTGC	4	1	4	4	1	4
TTCGTGAGTGGC	2	1	2	2	1	2
TTCGTGCACGAG	1	1	1	1	1	1
TTCGTGGTGGCT	3	1	3	3	1	3
TTCGTTACAATT	1	1	1	1	1	1
TTCGTTGTCTAC	1	1	1	1	1	1
TTCGTTTCCGAA	2	1	2	2	1	2
TTCTAAAGCCTG	3	1	3	4	1	4
TTCTAATGGCAT	5	1	5	5	1	5
TTCTAATTAAAC	1	1	1	1	1	1
TTCTACACTTGC	1	1	1	1	1	1
TTCTACTCATAT	1	1	1	0	0	0
TTCTACTTGTCT	2	1	2	2	1	2
TTCTATAAGCAA	2	1	2	2	1	2
TTCTATCGAACA	1	1	1	0	0	0
TTCTATGAGACA	2	1	2	2	1	2
TTCTCAAGCCTG	4	1	4	4	1	4
TTCTCAATGGAC	2	1	2	2	1	2
TTCTCAGTTCGA	1	1	1	1	1	1
TTCTCATCGAAC	4	1	4	5	1	5
TTCTCCTCATAT	4	1	4	5	1	5
TTCTCCTGATGT	1	1	1	1	1	1
TTCTCGACTTAT	2	1	2	2	1	2
TTCTCGGCACCA	2	1	2	2	1	2
TTCTCGGTGGTT	2	1	2	3	1	3
TTCTCTCATACA	3	1	3	4	1	4
TTCTCTTAGTCG	2	1	2	2	1	2
TTCTGACCATTT	3	1	3	3	1	3
TTCTGATAAACG	1	1	1	1	1	1
TTCTGCCCGAAT	3	1	3	3	1	3
TTCTGTACCACT	2	1	2	3	1	3
TTCTGTNCCACT	1	1	1	0	0	0
TTCTTATCGAAC	1	1	1	0	0	0
TTCTTCTCAGCC	1	1	1	1	1	1
TTCTTGACGACA	3	1	3	3	1	3
TTCTTTAACTGC	1	1	1	1	1	1
TTCTTTAATCAC	1	1	1	1	1	1
TTCTTTCATACA	1	1	1	0	0	0
TTGAAAGCTTAG	2	1	2	2	1	2
TTGAAATACTCG	6	1	6	6	1	6
TTGAACCTAACG	2	1	2	2	1	2
TTGAATAATCTG	2	1	2	2	1	2
TTGAATAGACAT	1	1	1	1	1	1
TTGAATCGTAGG	3	1	3	3	1	3
TTGAATTCAGAG	1	1	1	0	0	0
TTGACAATTCTA	6	1	6	6	1	6
TTGACCTCACGA	1	1	1	2	1	2
TTGAGACATTGG	1	1	1	0	0	0
TTGATCGTGCTC	1	1	1	1	1	1
TTGATGCTTTAC	4	1	4	4	1	4
TTGATTAGGAAG	1	1	1	1	1	1
TTGATTCTCTCC	1	1	1	0	0	0
TTGCAAAGGTTG	4	1	4	4	1	4
TTGCAAGCCGTA	3	1	3	3	1	3
TTGCAATTCGTT	5	1	5	5	1	5
TTGCACGGTACA	1	1	1	0	0	0
TTGCAGGCCTTT	5	1	5	5	1	5
TTGCAGGTCATG	2	1	2	3	1	3
TTGCAGGTCATT	1	1	1	0	0	0
TTGCATCTTTGT	3	1	3	3	1	3
TTGCATTCGAGA	2	1	2	2	1	2
TTGCCACACCAC	4	1	4	4	1	4
TTGCCACCTCGA	3	1	3	3	1	3
TTGCCGACCTCT	4	1	4	4	1	4
TTGCGACAACCG	4	1	4	4	1	4
TTGCGACATACC	1	1	1	1	1	1
TTGCGCCGCCCA	2	1	2	2	1	2
TTGCGCGGGCAA	1	1	1	2	1	2
TTGCGCTGCTAC	3	1	3	3	1	3
TTGCGTCTTTGA	1	1	1	1	1	1
TTGCTAACCTAC	2	1	2	2	1	2
TTGCTAAGAGGT	1	1	1	1	1	1
TTGCTAAGGCCT	1	1	1	0	0	0
TTGCTACCGAAT	4	1	4	5	1	5
TTGCTACCNAAT	1	1	1	0	0	0
TTGCTAGCTATA	1	1	1	1	1	1
TTGCTAGGCTCT	5	1	5	5	1	5
TTGCTAGTGAAT	1	1	1	1	1	1
TTGCTGCATGGG	4	1	4	5	1	5
TTGCTGCNTGGG	1	1	1	0	0	0
TTGCTGGAGAGT	4	1	4	4	1	4
TTGCTTTAGTCT	8	1	8	8	1	8
TTGCTTTTACCC	2	1	2	2	1	2
TTGGAAAACATG	1	1	1	0	0	0
TTGGACGGTACA	4	1	4	5	1	5
TTGGAGTAGAGA	7	1	7	8	1	8
TTGGATGATTGC	1	1	1	1	1	1
TTGGATTAGAAA	2	1	2	2	1	2
TTGGCCTCACGA	1	1	1	0	0	0
TTGGCGATGTAG	1	1	1	1	1	1
TTGGCGGATCTA	2	1	2	2	1	2
TTGGCTCAGACC	4	1	4	5	1	5
TTGGGACTTGGC	2	1	2	3	1	3
TTGGGACTTGTC	1	1	1	0	0	0
TTGGGCGATAAA	2	1	2	2	1	2
TTGGGGAAAGCA	2	1	2	2	1	2
TTGGGTTGCGCA	1	1	1	0	0	0
TTGGTCAATACT	1	1	1	1	1	1
TTGGTCAGGCTG	3	1	3	3	1	3
TTGGTCCCTCTG	5	1	5	6	1	6
TTGGTCTCTCTG	1	1	1	0	0	0
TTGTAACCTCCC	2	1	2	2	1	2
TTGTAAGGTTAT	4	1	4	4	1	4
TTGTAAGTATAC	4	1	4	4	1	4
TTGTAATCTCAT	1	1	1	1	1	1
TTGTATTCTCTC	3	1	3	3	1	3
TTGTCACTGCAT	7	1	7	8	1	8
TTGTCACTGCCT	1	1	1	0	0	0
TTGTCAGATGCT	1	1	1	1	1	1
TTGTCCATTCTG	1	1	1	1	1	1
TTGTCCCGACGA	2	1	2	2	1	2
TTGTCGCTGTCC	2	1	2	2	1	2
TTGTCTATATGT	8	1	8	8	1	8
TTGTCTCAGACC	1	1	1	0	0	0
TTGTCTGGCTTG	6	1	6	6	1	6
TTGTGACAGTGA	5	1	5	5	1	5
TTGTGCGGGCAA	1	1	1	0	0	0
TTGTGGACTCTA	3	1	3	3	1	3
TTGTGGTAGACA	1	1	1	1	1	1
TTGTGTTGCGCA	3	1	3	4	1	4
TTGTTAGTGTAA	3	1	3	3	1	3
TTGTTGAATCGC	3	1	3	3	1	3
TTGTTTAGCTCT	1	1	1	0	0	0
TTGTTTCATGAA	1	1	1	1	1	1
TTGTTTGAAAAC	1	1	1	1	1	1
TTNGCCATCCCC	1	1	1	0	0	0
TTTAAAGATTAA	2	1	2	2	1	2
TTTAACACAGCT	1	1	1	1	1	1
TTTAAGGCTCGC	1	1	1	1	1	1
TTTAATGGCATG	1	1	1	1	1	1
TTTAATTCAGAG	1	1	1	0	0	0
TTTACCACTAAA	2	1	2	2	1	2
TTTACCTGGACT	3	1	3	3	1	3
TTTACGAGAACA	4	1	4	4	1	4
TTTACTTAACCA	1	1	1	1	1	1
TTTACTTTAGTA	4	1	4	4	1	4
TTTAGACGCACC	1	1	1	1	1	1
TTTAGACTTTTC	2	1	2	3	1	3
TTTAGCCACAAG	1	1	1	2	1	2
TTTAGCCACCGT	3	1	3	3	1	3
TTTAGGAGAGAA	1	1	1	0	0	0
TTTAGGAGAGAC	2	1	2	3	1	3
TTTAGTCACAAG	1	1	1	0	0	0
TTTAGTCCTCTG	4	1	4	4	1	4
TTTATAATTATT	6	1	6	6	1	6
TTTATAGCATGG	3	1	3	3	1	3
TTTATAGTTCCC	1	1	1	1	1	1
TTTATCATCACG	1	1	1	0	0	0
TTTATCTCCCCG	2	1	2	3	1	3
TTTATGAATCTC	2	1	2	2	1	2
TTTATTACCGGT	4	1	4	4	1	4
TTTATTACTTCG	3	1	3	3	1	3
TTTATTCCCGGT	3	1	3	3	1	3
TTTATTCTGTCA	2	1	2	2	1	2
TTTATTCTTGCA	1	1	1	1	1	1
TTTATTTCATTC	4	1	4	4	1	4
TTTATTTCCCCC	3	1	3	4	1	4
TTTCAAGAGTCA	2	1	2	3	1	3
TTTCAAGGCGTA	2	1	2	2	1	2
TTTCAAGGTCCG	2	1	2	2	1	2
TTTCACCCCCCG	1	1	1	1	1	1
TTTCAGTGCACG	1	1	1	1	1	1
TTTCATAGCACC	1	1	1	1	1	1
TTTCATCTTTGT	3	1	3	3	1	3
TTTCCCGAACGG	2	1	2	2	1	2
TTTCCTCATGCG	1	1	1	0	0	0
TTTCCTGAGAAG	6	1	6	6	1	6
TTTCGCCTCACG	1	1	1	2	1	2
TTTCGCCTCACT	1	1	1	0	0	0
TTTCGCTCGTAT	4	1	4	4	1	4
TTTCGCTGAACT	2	1	2	2	1	2
TTTCGGAGCCCT	1	1	1	0	0	0
TTTCGGCGCCAT	2	1	2	2	1	2
TTTCGGGGCCCT	4	1	4	6	1	6
TTTCGGGTTGGT	2	1	2	2	1	2
TTTCGTGGCCCC	2	1	2	2	1	2
TTTCTAGAGTCA	1	1	1	0	0	0
TTTCTCTATGGT	1	1	1	0	0	0
TTTCTCTGTGGT	3	1	3	4	1	4
TTTCTGATCAGT	3	1	3	3	1	3
TTTCTGGTGTGA	1	1	1	1	1	1
TTTCTGTCTTGC	4	1	4	4	1	4
TTTCTTTGACTG	2	1	2	3	1	3
TTTCTTTTACTG	1	1	1	0	0	0
TTTGAAGCACTA	4	1	4	4	1	4
TTTGACGCAAAA	1	1	1	1	1	1
TTTGACGGCTAC	3	1	3	3	1	3
TTTGAGTGATTA	1	1	1	1	1	1
TTTGCCAATATT	1	1	1	1	1	1
TTTGCCATCCCC	2	1	2	3	1	3
TTTGCCCCACGG	5	1	5	5	1	5
TTTGCCCTGTAT	1	1	1	1	1	1
TTTGCCGCGTGA	6	1	6	6	1	6
TTTGCGGTACAG	4	1	4	4	1	4
TTTGCGTTGTCA	3	1	3	3	1	3
TTTGGACTTTTC	1	1	1	0	0	0
TTTGGCAGGGAG	1	1	1	0	0	0
TTTGGGGCAAAC	1	1	1	1	1	1
TTTGGTAGGGAG	4	1	4	5	1	5
TTTGGTCCGCCC	5	1	5	5	1	5
TTTGGTGGTCCA	3	1	3	3	1	3
TTTGGTTCAATG	2	1	2	2	1	2
TTTGTACTACAT	1	1	1	1	1	1
TTTGTAGTTGCC	4	1	4	4	1	4
TTTGTCTTTCGC	1	1	1	1	1	1
TTTGTGCGTCAT	3	1	3	3	1	3
TTTGTTCGCACG	1	1	1	0	0	0
TTTTACAACAGG	1	1	1	1	1	1
TTTTAGGTTCCG	1	1	1	1	1	1
TTTTAGTATCGA	3	1	3	3	1	3
TTTTATTGAGTG	5	1	5	5	1	5
TTTTCACAAGAA	4	1	4	7	1	7
TTTTCACAGGAA	1	1	1	0	0	0
TTTTCACANGAA	1	1	1	0	0	0
TTTTCACATGAA	1	1	1	0	0	0
TTTTCACCCTCA	7	1	7	8	1	8
TTTTCAGCAAAA	4	1	4	4	1	4
TTTTCCCGAAAC	2	1	2	2	1	2
TTTTCCTTCGTA	2	1	2	2	1	2
TTTTCGAACTTG	2	1	2	2	1	2
TTTTCGCCCTCA	1	1	1	0	0	0
TTTTCTAGGTCA	4	1	4	4	1	4
TTTTCTGATCCA	4	1	4	4	1	4
TTTTGAAGCTAT	1	1	1	1	1	1
TTTTGAGTCCCC	2	1	2	2	1	2
TTTTGATTCCCC	1	1	1	1	1	1
TTTTGCTTGAGG	3	1	3	3	1	3
TTTTGGGGCTAA	3	1	3	3	1	3
TTTTGGTCGTTC	2	1	2	2	1	2
TTTTGTAGTGAG	2	1	2	2	1	2
TTTTTACAAGCC	2	1	2	2	1	2
TTTTTAGACTCC	2	1	2	2	1	2
TTTTTCAATGTA	4	1	4	4	1	4
TTTTTCCAACCG	2	1	2	2	1	2
TTTTTCTCCCCG	1	1	1	0	0	0
TTTTTGCCAATG	1	1	1	1	1	1
TTTTTGGTGATT	2	1	2	2	1	2
TTTTTTAAATCC	1	1	1	1	1	1
TTTTTTCGCACG	4	1	4	5	1	5
